<?xml version="1.0" encoding="UTF-8"?>
<LidcReadMessage uid="1.3.6.1.4.1.14519.5.2.1.6279.6001.1307390763726.0" xmlns="http://www.nih.gov" xmlns:xsi="http://www.w3.org/2001/XMLSchema-instance" xsi:schemaLocation="http://www.nih.gov  http://troll.rad.med.umich.edu/lidc/LidcReadMessage.xsd">
<ResponseHeader>
<Version>1.8.1</Version>
<MessageId>84284029</MessageId>
<DateRequest>2007-11-01</DateRequest>
<TimeRequest>12:30:25</TimeRequest>
<RequestingSite>removed</RequestingSite>
<ServicingSite>removed</ServicingSite>
<TaskDescription>Second unblinded read</TaskDescription>
<CtImageFile>removed</CtImageFile>
<SeriesInstanceUid>1.3.6.1.4.1.14519.5.2.1.6279.6001.128023902651233986592378348912</SeriesInstanceUid>
<DateService>2008-11-05</DateService>
<TimeService>07:24:58</TimeService>
<ResponseDescription>1 - Reading complete</ResponseDescription>
<StudyInstanceUID>1.3.6.1.4.1.14519.5.2.1.6279.6001.247360966390848191713625967090</StudyInstanceUID></ResponseHeader>
<readingSession>
    <annotationVersion>3.12</annotationVersion>
    <servicingRadiologistID>-763830980</servicingRadiologistID>
    <unblindedReadNodule>
      <noduleID>Nodule 002</noduleID>
      <characteristics>
        <subtlety>4</subtlety>
        <internalStructure>1</internalStructure>
        <calcification>6</calcification>
        <sphericity>2</sphericity>
        <margin>3</margin>
        <lobulation>2</lobulation>
        <spiculation>3</spiculation>
        <texture>5</texture>
        <malignancy>5</malignancy>
      </characteristics>
      <roi>
        <imageZposition>-105.830002 </imageZposition>
        <imageSOP_UID>1.3.6.1.4.1.14519.5.2.1.6279.6001.899026751566842029922574820100</imageSOP_UID>
        <inclusion>TRUE</inclusion>
        <edgeMap>
          <xCoord>321</xCoord>
          <yCoord>379</yCoord>
        </edgeMap>
        <edgeMap>
          <xCoord>320</xCoord>
          <yCoord>380</yCoord>
        </edgeMap>
        <edgeMap>
          <xCoord>319</xCoord>
          <yCoord>381</yCoord>
        </edgeMap>
        <edgeMap>
          <xCoord>318</xCoord>
          <yCoord>382</yCoord>
        </edgeMap>
        <edgeMap>
          <xCoord>317</xCoord>
          <yCoord>383</yCoord>
        </edgeMap>
        <edgeMap>
          <xCoord>316</xCoord>
          <yCoord>384</yCoord>
        </edgeMap>
        <edgeMap>
          <xCoord>316</xCoord>
          <yCoord>385</yCoord>
        </edgeMap>
        <edgeMap>
          <xCoord>317</xCoord>
          <yCoord>386</yCoord>
        </edgeMap>
        <edgeMap>
          <xCoord>318</xCoord>
          <yCoord>387</yCoord>
        </edgeMap>
        <edgeMap>
          <xCoord>319</xCoord>
          <yCoord>387</yCoord>
        </edgeMap>
        <edgeMap>
          <xCoord>320</xCoord>
          <yCoord>387</yCoord>
        </edgeMap>
        <edgeMap>
          <xCoord>321</xCoord>
          <yCoord>387</yCoord>
        </edgeMap>
        <edgeMap>
          <xCoord>321</xCoord>
          <yCoord>388</yCoord>
        </edgeMap>
        <edgeMap>
          <xCoord>321</xCoord>
          <yCoord>389</yCoord>
        </edgeMap>
        <edgeMap>
          <xCoord>321</xCoord>
          <yCoord>390</yCoord>
        </edgeMap>
        <edgeMap>
          <xCoord>322</xCoord>
          <yCoord>391</yCoord>
        </edgeMap>
        <edgeMap>
          <xCoord>323</xCoord>
          <yCoord>391</yCoord>
        </edgeMap>
        <edgeMap>
          <xCoord>324</xCoord>
          <yCoord>390</yCoord>
        </edgeMap>
        <edgeMap>
          <xCoord>324</xCoord>
          <yCoord>389</yCoord>
        </edgeMap>
        <edgeMap>
          <xCoord>325</xCoord>
          <yCoord>388</yCoord>
        </edgeMap>
        <edgeMap>
          <xCoord>326</xCoord>
          <yCoord>387</yCoord>
        </edgeMap>
        <edgeMap>
          <xCoord>327</xCoord>
          <yCoord>386</yCoord>
        </edgeMap>
        <edgeMap>
          <xCoord>328</xCoord>
          <yCoord>386</yCoord>
        </edgeMap>
        <edgeMap>
          <xCoord>329</xCoord>
          <yCoord>386</yCoord>
        </edgeMap>
        <edgeMap>
          <xCoord>330</xCoord>
          <yCoord>386</yCoord>
        </edgeMap>
        <edgeMap>
          <xCoord>331</xCoord>
          <yCoord>386</yCoord>
        </edgeMap>
        <edgeMap>
          <xCoord>332</xCoord>
          <yCoord>385</yCoord>
        </edgeMap>
        <edgeMap>
          <xCoord>331</xCoord>
          <yCoord>384</yCoord>
        </edgeMap>
        <edgeMap>
          <xCoord>331</xCoord>
          <yCoord>383</yCoord>
        </edgeMap>
        <edgeMap>
          <xCoord>330</xCoord>
          <yCoord>382</yCoord>
        </edgeMap>
        <edgeMap>
          <xCoord>330</xCoord>
          <yCoord>381</yCoord>
        </edgeMap>
        <edgeMap>
          <xCoord>330</xCoord>
          <yCoord>380</yCoord>
        </edgeMap>
        <edgeMap>
          <xCoord>329</xCoord>
          <yCoord>379</yCoord>
        </edgeMap>
        <edgeMap>
          <xCoord>328</xCoord>
          <yCoord>379</yCoord>
        </edgeMap>
        <edgeMap>
          <xCoord>327</xCoord>
          <yCoord>379</yCoord>
        </edgeMap>
        <edgeMap>
          <xCoord>326</xCoord>
          <yCoord>379</yCoord>
        </edgeMap>
        <edgeMap>
          <xCoord>325</xCoord>
          <yCoord>379</yCoord>
        </edgeMap>
        <edgeMap>
          <xCoord>324</xCoord>
          <yCoord>379</yCoord>
        </edgeMap>
        <edgeMap>
          <xCoord>323</xCoord>
          <yCoord>379</yCoord>
        </edgeMap>
        <edgeMap>
          <xCoord>322</xCoord>
          <yCoord>379</yCoord>
        </edgeMap>
        <edgeMap>
          <xCoord>321</xCoord>
          <yCoord>379</yCoord>
        </edgeMap>
      </roi>
      <roi>
        <imageZposition>-103.330002 </imageZposition>
        <imageSOP_UID>1.3.6.1.4.1.14519.5.2.1.6279.6001.298260318614925534959185100671</imageSOP_UID>
        <inclusion>TRUE</inclusion>
        <edgeMap>
          <xCoord>324</xCoord>
          <yCoord>376</yCoord>
        </edgeMap>
        <edgeMap>
          <xCoord>323</xCoord>
          <yCoord>377</yCoord>
        </edgeMap>
        <edgeMap>
          <xCoord>323</xCoord>
          <yCoord>378</yCoord>
        </edgeMap>
        <edgeMap>
          <xCoord>323</xCoord>
          <yCoord>379</yCoord>
        </edgeMap>
        <edgeMap>
          <xCoord>322</xCoord>
          <yCoord>379</yCoord>
        </edgeMap>
        <edgeMap>
          <xCoord>321</xCoord>
          <yCoord>379</yCoord>
        </edgeMap>
        <edgeMap>
          <xCoord>320</xCoord>
          <yCoord>379</yCoord>
        </edgeMap>
        <edgeMap>
          <xCoord>319</xCoord>
          <yCoord>379</yCoord>
        </edgeMap>
        <edgeMap>
          <xCoord>318</xCoord>
          <yCoord>380</yCoord>
        </edgeMap>
        <edgeMap>
          <xCoord>317</xCoord>
          <yCoord>381</yCoord>
        </edgeMap>
        <edgeMap>
          <xCoord>317</xCoord>
          <yCoord>382</yCoord>
        </edgeMap>
        <edgeMap>
          <xCoord>317</xCoord>
          <yCoord>383</yCoord>
        </edgeMap>
        <edgeMap>
          <xCoord>316</xCoord>
          <yCoord>384</yCoord>
        </edgeMap>
        <edgeMap>
          <xCoord>316</xCoord>
          <yCoord>385</yCoord>
        </edgeMap>
        <edgeMap>
          <xCoord>315</xCoord>
          <yCoord>386</yCoord>
        </edgeMap>
        <edgeMap>
          <xCoord>316</xCoord>
          <yCoord>387</yCoord>
        </edgeMap>
        <edgeMap>
          <xCoord>317</xCoord>
          <yCoord>387</yCoord>
        </edgeMap>
        <edgeMap>
          <xCoord>318</xCoord>
          <yCoord>387</yCoord>
        </edgeMap>
        <edgeMap>
          <xCoord>319</xCoord>
          <yCoord>387</yCoord>
        </edgeMap>
        <edgeMap>
          <xCoord>319</xCoord>
          <yCoord>388</yCoord>
        </edgeMap>
        <edgeMap>
          <xCoord>319</xCoord>
          <yCoord>389</yCoord>
        </edgeMap>
        <edgeMap>
          <xCoord>319</xCoord>
          <yCoord>390</yCoord>
        </edgeMap>
        <edgeMap>
          <xCoord>319</xCoord>
          <yCoord>391</yCoord>
        </edgeMap>
        <edgeMap>
          <xCoord>319</xCoord>
          <yCoord>392</yCoord>
        </edgeMap>
        <edgeMap>
          <xCoord>320</xCoord>
          <yCoord>393</yCoord>
        </edgeMap>
        <edgeMap>
          <xCoord>321</xCoord>
          <yCoord>394</yCoord>
        </edgeMap>
        <edgeMap>
          <xCoord>322</xCoord>
          <yCoord>393</yCoord>
        </edgeMap>
        <edgeMap>
          <xCoord>323</xCoord>
          <yCoord>393</yCoord>
        </edgeMap>
        <edgeMap>
          <xCoord>324</xCoord>
          <yCoord>392</yCoord>
        </edgeMap>
        <edgeMap>
          <xCoord>324</xCoord>
          <yCoord>391</yCoord>
        </edgeMap>
        <edgeMap>
          <xCoord>324</xCoord>
          <yCoord>390</yCoord>
        </edgeMap>
        <edgeMap>
          <xCoord>325</xCoord>
          <yCoord>389</yCoord>
        </edgeMap>
        <edgeMap>
          <xCoord>326</xCoord>
          <yCoord>388</yCoord>
        </edgeMap>
        <edgeMap>
          <xCoord>327</xCoord>
          <yCoord>388</yCoord>
        </edgeMap>
        <edgeMap>
          <xCoord>328</xCoord>
          <yCoord>387</yCoord>
        </edgeMap>
        <edgeMap>
          <xCoord>329</xCoord>
          <yCoord>386</yCoord>
        </edgeMap>
        <edgeMap>
          <xCoord>330</xCoord>
          <yCoord>385</yCoord>
        </edgeMap>
        <edgeMap>
          <xCoord>331</xCoord>
          <yCoord>384</yCoord>
        </edgeMap>
        <edgeMap>
          <xCoord>331</xCoord>
          <yCoord>383</yCoord>
        </edgeMap>
        <edgeMap>
          <xCoord>330</xCoord>
          <yCoord>382</yCoord>
        </edgeMap>
        <edgeMap>
          <xCoord>330</xCoord>
          <yCoord>381</yCoord>
        </edgeMap>
        <edgeMap>
          <xCoord>330</xCoord>
          <yCoord>380</yCoord>
        </edgeMap>
        <edgeMap>
          <xCoord>329</xCoord>
          <yCoord>379</yCoord>
        </edgeMap>
        <edgeMap>
          <xCoord>329</xCoord>
          <yCoord>378</yCoord>
        </edgeMap>
        <edgeMap>
          <xCoord>328</xCoord>
          <yCoord>377</yCoord>
        </edgeMap>
        <edgeMap>
          <xCoord>327</xCoord>
          <yCoord>377</yCoord>
        </edgeMap>
        <edgeMap>
          <xCoord>326</xCoord>
          <yCoord>376</yCoord>
        </edgeMap>
        <edgeMap>
          <xCoord>325</xCoord>
          <yCoord>376</yCoord>
        </edgeMap>
        <edgeMap>
          <xCoord>324</xCoord>
          <yCoord>376</yCoord>
        </edgeMap>
      </roi>
      <roi>
        <imageZposition>-100.830002 </imageZposition>
        <imageSOP_UID>1.3.6.1.4.1.14519.5.2.1.6279.6001.933752059918759421941824657285</imageSOP_UID>
        <inclusion>TRUE</inclusion>
        <edgeMap>
          <xCoord>323</xCoord>
          <yCoord>372</yCoord>
        </edgeMap>
        <edgeMap>
          <xCoord>322</xCoord>
          <yCoord>373</yCoord>
        </edgeMap>
        <edgeMap>
          <xCoord>321</xCoord>
          <yCoord>374</yCoord>
        </edgeMap>
        <edgeMap>
          <xCoord>321</xCoord>
          <yCoord>375</yCoord>
        </edgeMap>
        <edgeMap>
          <xCoord>321</xCoord>
          <yCoord>376</yCoord>
        </edgeMap>
        <edgeMap>
          <xCoord>320</xCoord>
          <yCoord>376</yCoord>
        </edgeMap>
        <edgeMap>
          <xCoord>319</xCoord>
          <yCoord>376</yCoord>
        </edgeMap>
        <edgeMap>
          <xCoord>318</xCoord>
          <yCoord>376</yCoord>
        </edgeMap>
        <edgeMap>
          <xCoord>317</xCoord>
          <yCoord>376</yCoord>
        </edgeMap>
        <edgeMap>
          <xCoord>316</xCoord>
          <yCoord>376</yCoord>
        </edgeMap>
        <edgeMap>
          <xCoord>315</xCoord>
          <yCoord>376</yCoord>
        </edgeMap>
        <edgeMap>
          <xCoord>314</xCoord>
          <yCoord>376</yCoord>
        </edgeMap>
        <edgeMap>
          <xCoord>313</xCoord>
          <yCoord>377</yCoord>
        </edgeMap>
        <edgeMap>
          <xCoord>312</xCoord>
          <yCoord>378</yCoord>
        </edgeMap>
        <edgeMap>
          <xCoord>312</xCoord>
          <yCoord>379</yCoord>
        </edgeMap>
        <edgeMap>
          <xCoord>312</xCoord>
          <yCoord>380</yCoord>
        </edgeMap>
        <edgeMap>
          <xCoord>313</xCoord>
          <yCoord>381</yCoord>
        </edgeMap>
        <edgeMap>
          <xCoord>314</xCoord>
          <yCoord>382</yCoord>
        </edgeMap>
        <edgeMap>
          <xCoord>314</xCoord>
          <yCoord>383</yCoord>
        </edgeMap>
        <edgeMap>
          <xCoord>314</xCoord>
          <yCoord>384</yCoord>
        </edgeMap>
        <edgeMap>
          <xCoord>314</xCoord>
          <yCoord>385</yCoord>
        </edgeMap>
        <edgeMap>
          <xCoord>315</xCoord>
          <yCoord>386</yCoord>
        </edgeMap>
        <edgeMap>
          <xCoord>316</xCoord>
          <yCoord>385</yCoord>
        </edgeMap>
        <edgeMap>
          <xCoord>317</xCoord>
          <yCoord>384</yCoord>
        </edgeMap>
        <edgeMap>
          <xCoord>318</xCoord>
          <yCoord>384</yCoord>
        </edgeMap>
        <edgeMap>
          <xCoord>318</xCoord>
          <yCoord>385</yCoord>
        </edgeMap>
        <edgeMap>
          <xCoord>319</xCoord>
          <yCoord>386</yCoord>
        </edgeMap>
        <edgeMap>
          <xCoord>320</xCoord>
          <yCoord>387</yCoord>
        </edgeMap>
        <edgeMap>
          <xCoord>321</xCoord>
          <yCoord>386</yCoord>
        </edgeMap>
        <edgeMap>
          <xCoord>322</xCoord>
          <yCoord>386</yCoord>
        </edgeMap>
        <edgeMap>
          <xCoord>323</xCoord>
          <yCoord>386</yCoord>
        </edgeMap>
        <edgeMap>
          <xCoord>324</xCoord>
          <yCoord>386</yCoord>
        </edgeMap>
        <edgeMap>
          <xCoord>325</xCoord>
          <yCoord>386</yCoord>
        </edgeMap>
        <edgeMap>
          <xCoord>325</xCoord>
          <yCoord>387</yCoord>
        </edgeMap>
        <edgeMap>
          <xCoord>326</xCoord>
          <yCoord>388</yCoord>
        </edgeMap>
        <edgeMap>
          <xCoord>327</xCoord>
          <yCoord>388</yCoord>
        </edgeMap>
        <edgeMap>
          <xCoord>328</xCoord>
          <yCoord>388</yCoord>
        </edgeMap>
        <edgeMap>
          <xCoord>329</xCoord>
          <yCoord>388</yCoord>
        </edgeMap>
        <edgeMap>
          <xCoord>330</xCoord>
          <yCoord>388</yCoord>
        </edgeMap>
        <edgeMap>
          <xCoord>331</xCoord>
          <yCoord>387</yCoord>
        </edgeMap>
        <edgeMap>
          <xCoord>331</xCoord>
          <yCoord>386</yCoord>
        </edgeMap>
        <edgeMap>
          <xCoord>331</xCoord>
          <yCoord>385</yCoord>
        </edgeMap>
        <edgeMap>
          <xCoord>331</xCoord>
          <yCoord>384</yCoord>
        </edgeMap>
        <edgeMap>
          <xCoord>330</xCoord>
          <yCoord>383</yCoord>
        </edgeMap>
        <edgeMap>
          <xCoord>329</xCoord>
          <yCoord>382</yCoord>
        </edgeMap>
        <edgeMap>
          <xCoord>329</xCoord>
          <yCoord>381</yCoord>
        </edgeMap>
        <edgeMap>
          <xCoord>329</xCoord>
          <yCoord>380</yCoord>
        </edgeMap>
        <edgeMap>
          <xCoord>330</xCoord>
          <yCoord>379</yCoord>
        </edgeMap>
        <edgeMap>
          <xCoord>331</xCoord>
          <yCoord>378</yCoord>
        </edgeMap>
        <edgeMap>
          <xCoord>331</xCoord>
          <yCoord>377</yCoord>
        </edgeMap>
        <edgeMap>
          <xCoord>331</xCoord>
          <yCoord>376</yCoord>
        </edgeMap>
        <edgeMap>
          <xCoord>330</xCoord>
          <yCoord>375</yCoord>
        </edgeMap>
        <edgeMap>
          <xCoord>329</xCoord>
          <yCoord>374</yCoord>
        </edgeMap>
        <edgeMap>
          <xCoord>328</xCoord>
          <yCoord>374</yCoord>
        </edgeMap>
        <edgeMap>
          <xCoord>327</xCoord>
          <yCoord>373</yCoord>
        </edgeMap>
        <edgeMap>
          <xCoord>326</xCoord>
          <yCoord>372</yCoord>
        </edgeMap>
        <edgeMap>
          <xCoord>325</xCoord>
          <yCoord>372</yCoord>
        </edgeMap>
        <edgeMap>
          <xCoord>324</xCoord>
          <yCoord>372</yCoord>
        </edgeMap>
        <edgeMap>
          <xCoord>323</xCoord>
          <yCoord>372</yCoord>
        </edgeMap>
      </roi>
      <roi>
        <imageZposition>-98.330002</imageZposition>
        <imageSOP_UID>1.3.6.1.4.1.14519.5.2.1.6279.6001.276510521741860354277968386678</imageSOP_UID>
        <inclusion>TRUE</inclusion>
        <edgeMap>
          <xCoord>322</xCoord>
          <yCoord>373</yCoord>
        </edgeMap>
        <edgeMap>
          <xCoord>321</xCoord>
          <yCoord>374</yCoord>
        </edgeMap>
        <edgeMap>
          <xCoord>321</xCoord>
          <yCoord>375</yCoord>
        </edgeMap>
        <edgeMap>
          <xCoord>321</xCoord>
          <yCoord>376</yCoord>
        </edgeMap>
        <edgeMap>
          <xCoord>321</xCoord>
          <yCoord>377</yCoord>
        </edgeMap>
        <edgeMap>
          <xCoord>320</xCoord>
          <yCoord>377</yCoord>
        </edgeMap>
        <edgeMap>
          <xCoord>319</xCoord>
          <yCoord>377</yCoord>
        </edgeMap>
        <edgeMap>
          <xCoord>318</xCoord>
          <yCoord>377</yCoord>
        </edgeMap>
        <edgeMap>
          <xCoord>317</xCoord>
          <yCoord>377</yCoord>
        </edgeMap>
        <edgeMap>
          <xCoord>316</xCoord>
          <yCoord>377</yCoord>
        </edgeMap>
        <edgeMap>
          <xCoord>315</xCoord>
          <yCoord>377</yCoord>
        </edgeMap>
        <edgeMap>
          <xCoord>314</xCoord>
          <yCoord>378</yCoord>
        </edgeMap>
        <edgeMap>
          <xCoord>314</xCoord>
          <yCoord>379</yCoord>
        </edgeMap>
        <edgeMap>
          <xCoord>314</xCoord>
          <yCoord>380</yCoord>
        </edgeMap>
        <edgeMap>
          <xCoord>314</xCoord>
          <yCoord>381</yCoord>
        </edgeMap>
        <edgeMap>
          <xCoord>315</xCoord>
          <yCoord>382</yCoord>
        </edgeMap>
        <edgeMap>
          <xCoord>316</xCoord>
          <yCoord>383</yCoord>
        </edgeMap>
        <edgeMap>
          <xCoord>317</xCoord>
          <yCoord>383</yCoord>
        </edgeMap>
        <edgeMap>
          <xCoord>318</xCoord>
          <yCoord>384</yCoord>
        </edgeMap>
        <edgeMap>
          <xCoord>319</xCoord>
          <yCoord>384</yCoord>
        </edgeMap>
        <edgeMap>
          <xCoord>318</xCoord>
          <yCoord>384</yCoord>
        </edgeMap>
        <edgeMap>
          <xCoord>317</xCoord>
          <yCoord>385</yCoord>
        </edgeMap>
        <edgeMap>
          <xCoord>317</xCoord>
          <yCoord>386</yCoord>
        </edgeMap>
        <edgeMap>
          <xCoord>318</xCoord>
          <yCoord>387</yCoord>
        </edgeMap>
        <edgeMap>
          <xCoord>319</xCoord>
          <yCoord>387</yCoord>
        </edgeMap>
        <edgeMap>
          <xCoord>320</xCoord>
          <yCoord>387</yCoord>
        </edgeMap>
        <edgeMap>
          <xCoord>321</xCoord>
          <yCoord>387</yCoord>
        </edgeMap>
        <edgeMap>
          <xCoord>322</xCoord>
          <yCoord>387</yCoord>
        </edgeMap>
        <edgeMap>
          <xCoord>323</xCoord>
          <yCoord>386</yCoord>
        </edgeMap>
        <edgeMap>
          <xCoord>324</xCoord>
          <yCoord>385</yCoord>
        </edgeMap>
        <edgeMap>
          <xCoord>325</xCoord>
          <yCoord>385</yCoord>
        </edgeMap>
        <edgeMap>
          <xCoord>326</xCoord>
          <yCoord>385</yCoord>
        </edgeMap>
        <edgeMap>
          <xCoord>327</xCoord>
          <yCoord>385</yCoord>
        </edgeMap>
        <edgeMap>
          <xCoord>328</xCoord>
          <yCoord>384</yCoord>
        </edgeMap>
        <edgeMap>
          <xCoord>329</xCoord>
          <yCoord>383</yCoord>
        </edgeMap>
        <edgeMap>
          <xCoord>329</xCoord>
          <yCoord>382</yCoord>
        </edgeMap>
        <edgeMap>
          <xCoord>329</xCoord>
          <yCoord>381</yCoord>
        </edgeMap>
        <edgeMap>
          <xCoord>329</xCoord>
          <yCoord>380</yCoord>
        </edgeMap>
        <edgeMap>
          <xCoord>330</xCoord>
          <yCoord>379</yCoord>
        </edgeMap>
        <edgeMap>
          <xCoord>331</xCoord>
          <yCoord>378</yCoord>
        </edgeMap>
        <edgeMap>
          <xCoord>331</xCoord>
          <yCoord>377</yCoord>
        </edgeMap>
        <edgeMap>
          <xCoord>332</xCoord>
          <yCoord>376</yCoord>
        </edgeMap>
        <edgeMap>
          <xCoord>331</xCoord>
          <yCoord>375</yCoord>
        </edgeMap>
        <edgeMap>
          <xCoord>330</xCoord>
          <yCoord>375</yCoord>
        </edgeMap>
        <edgeMap>
          <xCoord>329</xCoord>
          <yCoord>375</yCoord>
        </edgeMap>
        <edgeMap>
          <xCoord>329</xCoord>
          <yCoord>374</yCoord>
        </edgeMap>
        <edgeMap>
          <xCoord>328</xCoord>
          <yCoord>373</yCoord>
        </edgeMap>
        <edgeMap>
          <xCoord>327</xCoord>
          <yCoord>373</yCoord>
        </edgeMap>
        <edgeMap>
          <xCoord>326</xCoord>
          <yCoord>373</yCoord>
        </edgeMap>
        <edgeMap>
          <xCoord>325</xCoord>
          <yCoord>373</yCoord>
        </edgeMap>
        <edgeMap>
          <xCoord>324</xCoord>
          <yCoord>373</yCoord>
        </edgeMap>
        <edgeMap>
          <xCoord>323</xCoord>
          <yCoord>373</yCoord>
        </edgeMap>
        <edgeMap>
          <xCoord>322</xCoord>
          <yCoord>373</yCoord>
        </edgeMap>
      </roi>
    </unblindedReadNodule>
    <unblindedReadNodule>
      <noduleID>Nodule 001</noduleID>
      <roi>
        <imageZposition>-153.330002 </imageZposition>
        <imageSOP_UID>1.3.6.1.4.1.14519.5.2.1.6279.6001.321906360311765217192729915181</imageSOP_UID>
        <inclusion>TRUE</inclusion>
        <edgeMap>
          <xCoord>366</xCoord>
          <yCoord>391</yCoord>
        </edgeMap>
      </roi>
    </unblindedReadNodule>
    <unblindedReadNodule>
      <noduleID>Nodule 003</noduleID>
      <roi>
        <imageZposition>-60.830002</imageZposition>
        <imageSOP_UID>1.3.6.1.4.1.14519.5.2.1.6279.6001.144347248797591428917337697955</imageSOP_UID>
        <inclusion>TRUE</inclusion>
        <edgeMap>
          <xCoord>211</xCoord>
          <yCoord>310</yCoord>
        </edgeMap>
      </roi>
    </unblindedReadNodule>
    <nonNodule>
      <nonNoduleID>_Non-nodule 001</nonNoduleID>
      <imageZposition>-188.330002 </imageZposition>
      <imageSOP_UID>1.3.6.1.4.1.14519.5.2.1.6279.6001.257094061822453288946545549905</imageSOP_UID>
      <locus>
        <xCoord>123</xCoord>
        <yCoord>360</yCoord>
      </locus>
    </nonNodule>
    <nonNodule>
      <nonNoduleID>_Non-nodule 002</nonNoduleID>
      <imageZposition>-130.830002 </imageZposition>
      <imageSOP_UID>1.3.6.1.4.1.14519.5.2.1.6279.6001.699410229771154648610947176126</imageSOP_UID>
      <locus>
        <xCoord>137</xCoord>
        <yCoord>388</yCoord>
      </locus>
    </nonNodule>
    <nonNodule>
      <nonNoduleID>_Non-nodule 003</nonNoduleID>
      <imageZposition>-238.330002 </imageZposition>
      <imageSOP_UID>1.3.6.1.4.1.14519.5.2.1.6279.6001.686812898547139815459092162005</imageSOP_UID>
      <locus>
        <xCoord>191</xCoord>
        <yCoord>277</yCoord>
      </locus>
    </nonNodule>
    <nonNodule>
      <nonNoduleID>_Non-nodule 004</nonNoduleID>
      <imageZposition>-238.330002 </imageZposition>
      <imageSOP_UID>1.3.6.1.4.1.14519.5.2.1.6279.6001.686812898547139815459092162005</imageSOP_UID>
      <locus>
        <xCoord>120</xCoord>
        <yCoord>354</yCoord>
      </locus>
    </nonNodule>
    <nonNodule>
      <nonNoduleID>_Non-nodule 005</nonNoduleID>
      <imageZposition>-183.330002 </imageZposition>
      <imageSOP_UID>1.3.6.1.4.1.14519.5.2.1.6279.6001.698785142862601858810920063328</imageSOP_UID>
      <locus>
        <xCoord>310</xCoord>
        <yCoord>314</yCoord>
      </locus>
    </nonNodule>
  </readingSession>
<readingSession>
    <annotationVersion>3.12</annotationVersion>
    <servicingRadiologistID>1538535442</servicingRadiologistID>
    <unblindedReadNodule>
      <noduleID>IL057_127306</noduleID>
      <characteristics>
        <subtlety>4</subtlety>
        <internalStructure>1</internalStructure>
        <calcification>6</calcification>
        <sphericity>4</sphericity>
        <margin>2</margin>
        <lobulation>5</lobulation>
        <spiculation>2</spiculation>
        <texture>4</texture>
        <malignancy>4</malignancy>
      </characteristics>
      <roi>
        <imageZposition>-98.330002</imageZposition>
        <imageSOP_UID>1.3.6.1.4.1.14519.5.2.1.6279.6001.276510521741860354277968386678</imageSOP_UID>
        <inclusion>TRUE</inclusion>
        <edgeMap>
          <xCoord>323</xCoord>
          <yCoord>387</yCoord>
        </edgeMap>
        <edgeMap>
          <xCoord>324</xCoord>
          <yCoord>386</yCoord>
        </edgeMap>
        <edgeMap>
          <xCoord>324</xCoord>
          <yCoord>385</yCoord>
        </edgeMap>
        <edgeMap>
          <xCoord>325</xCoord>
          <yCoord>384</yCoord>
        </edgeMap>
        <edgeMap>
          <xCoord>326</xCoord>
          <yCoord>383</yCoord>
        </edgeMap>
        <edgeMap>
          <xCoord>327</xCoord>
          <yCoord>382</yCoord>
        </edgeMap>
        <edgeMap>
          <xCoord>328</xCoord>
          <yCoord>381</yCoord>
        </edgeMap>
        <edgeMap>
          <xCoord>328</xCoord>
          <yCoord>380</yCoord>
        </edgeMap>
        <edgeMap>
          <xCoord>328</xCoord>
          <yCoord>379</yCoord>
        </edgeMap>
        <edgeMap>
          <xCoord>329</xCoord>
          <yCoord>378</yCoord>
        </edgeMap>
        <edgeMap>
          <xCoord>330</xCoord>
          <yCoord>377</yCoord>
        </edgeMap>
        <edgeMap>
          <xCoord>330</xCoord>
          <yCoord>376</yCoord>
        </edgeMap>
        <edgeMap>
          <xCoord>329</xCoord>
          <yCoord>375</yCoord>
        </edgeMap>
        <edgeMap>
          <xCoord>328</xCoord>
          <yCoord>374</yCoord>
        </edgeMap>
        <edgeMap>
          <xCoord>327</xCoord>
          <yCoord>373</yCoord>
        </edgeMap>
        <edgeMap>
          <xCoord>326</xCoord>
          <yCoord>372</yCoord>
        </edgeMap>
        <edgeMap>
          <xCoord>325</xCoord>
          <yCoord>373</yCoord>
        </edgeMap>
        <edgeMap>
          <xCoord>324</xCoord>
          <yCoord>374</yCoord>
        </edgeMap>
        <edgeMap>
          <xCoord>323</xCoord>
          <yCoord>375</yCoord>
        </edgeMap>
        <edgeMap>
          <xCoord>322</xCoord>
          <yCoord>376</yCoord>
        </edgeMap>
        <edgeMap>
          <xCoord>321</xCoord>
          <yCoord>377</yCoord>
        </edgeMap>
        <edgeMap>
          <xCoord>320</xCoord>
          <yCoord>378</yCoord>
        </edgeMap>
        <edgeMap>
          <xCoord>319</xCoord>
          <yCoord>379</yCoord>
        </edgeMap>
        <edgeMap>
          <xCoord>318</xCoord>
          <yCoord>379</yCoord>
        </edgeMap>
        <edgeMap>
          <xCoord>317</xCoord>
          <yCoord>378</yCoord>
        </edgeMap>
        <edgeMap>
          <xCoord>316</xCoord>
          <yCoord>379</yCoord>
        </edgeMap>
        <edgeMap>
          <xCoord>315</xCoord>
          <yCoord>380</yCoord>
        </edgeMap>
        <edgeMap>
          <xCoord>314</xCoord>
          <yCoord>381</yCoord>
        </edgeMap>
        <edgeMap>
          <xCoord>315</xCoord>
          <yCoord>382</yCoord>
        </edgeMap>
        <edgeMap>
          <xCoord>316</xCoord>
          <yCoord>383</yCoord>
        </edgeMap>
        <edgeMap>
          <xCoord>317</xCoord>
          <yCoord>384</yCoord>
        </edgeMap>
        <edgeMap>
          <xCoord>318</xCoord>
          <yCoord>385</yCoord>
        </edgeMap>
        <edgeMap>
          <xCoord>319</xCoord>
          <yCoord>386</yCoord>
        </edgeMap>
        <edgeMap>
          <xCoord>320</xCoord>
          <yCoord>386</yCoord>
        </edgeMap>
        <edgeMap>
          <xCoord>321</xCoord>
          <yCoord>386</yCoord>
        </edgeMap>
        <edgeMap>
          <xCoord>322</xCoord>
          <yCoord>387</yCoord>
        </edgeMap>
        <edgeMap>
          <xCoord>323</xCoord>
          <yCoord>387</yCoord>
        </edgeMap>
      </roi>
      <roi>
        <imageZposition>-100.830002</imageZposition>
        <imageSOP_UID>1.3.6.1.4.1.14519.5.2.1.6279.6001.933752059918759421941824657285</imageSOP_UID>
        <inclusion>TRUE</inclusion>
        <edgeMap>
          <xCoord>322</xCoord>
          <yCoord>387</yCoord>
        </edgeMap>
        <edgeMap>
          <xCoord>323</xCoord>
          <yCoord>386</yCoord>
        </edgeMap>
        <edgeMap>
          <xCoord>324</xCoord>
          <yCoord>386</yCoord>
        </edgeMap>
        <edgeMap>
          <xCoord>325</xCoord>
          <yCoord>386</yCoord>
        </edgeMap>
        <edgeMap>
          <xCoord>326</xCoord>
          <yCoord>386</yCoord>
        </edgeMap>
        <edgeMap>
          <xCoord>327</xCoord>
          <yCoord>386</yCoord>
        </edgeMap>
        <edgeMap>
          <xCoord>328</xCoord>
          <yCoord>386</yCoord>
        </edgeMap>
        <edgeMap>
          <xCoord>329</xCoord>
          <yCoord>385</yCoord>
        </edgeMap>
        <edgeMap>
          <xCoord>330</xCoord>
          <yCoord>385</yCoord>
        </edgeMap>
        <edgeMap>
          <xCoord>331</xCoord>
          <yCoord>384</yCoord>
        </edgeMap>
        <edgeMap>
          <xCoord>331</xCoord>
          <yCoord>383</yCoord>
        </edgeMap>
        <edgeMap>
          <xCoord>330</xCoord>
          <yCoord>382</yCoord>
        </edgeMap>
        <edgeMap>
          <xCoord>330</xCoord>
          <yCoord>381</yCoord>
        </edgeMap>
        <edgeMap>
          <xCoord>331</xCoord>
          <yCoord>380</yCoord>
        </edgeMap>
        <edgeMap>
          <xCoord>331</xCoord>
          <yCoord>379</yCoord>
        </edgeMap>
        <edgeMap>
          <xCoord>330</xCoord>
          <yCoord>378</yCoord>
        </edgeMap>
        <edgeMap>
          <xCoord>330</xCoord>
          <yCoord>377</yCoord>
        </edgeMap>
        <edgeMap>
          <xCoord>329</xCoord>
          <yCoord>376</yCoord>
        </edgeMap>
        <edgeMap>
          <xCoord>329</xCoord>
          <yCoord>375</yCoord>
        </edgeMap>
        <edgeMap>
          <xCoord>328</xCoord>
          <yCoord>374</yCoord>
        </edgeMap>
        <edgeMap>
          <xCoord>327</xCoord>
          <yCoord>373</yCoord>
        </edgeMap>
        <edgeMap>
          <xCoord>326</xCoord>
          <yCoord>372</yCoord>
        </edgeMap>
        <edgeMap>
          <xCoord>325</xCoord>
          <yCoord>371</yCoord>
        </edgeMap>
        <edgeMap>
          <xCoord>325</xCoord>
          <yCoord>370</yCoord>
        </edgeMap>
        <edgeMap>
          <xCoord>325</xCoord>
          <yCoord>369</yCoord>
        </edgeMap>
        <edgeMap>
          <xCoord>324</xCoord>
          <yCoord>368</yCoord>
        </edgeMap>
        <edgeMap>
          <xCoord>323</xCoord>
          <yCoord>368</yCoord>
        </edgeMap>
        <edgeMap>
          <xCoord>322</xCoord>
          <yCoord>368</yCoord>
        </edgeMap>
        <edgeMap>
          <xCoord>321</xCoord>
          <yCoord>369</yCoord>
        </edgeMap>
        <edgeMap>
          <xCoord>321</xCoord>
          <yCoord>370</yCoord>
        </edgeMap>
        <edgeMap>
          <xCoord>321</xCoord>
          <yCoord>371</yCoord>
        </edgeMap>
        <edgeMap>
          <xCoord>321</xCoord>
          <yCoord>372</yCoord>
        </edgeMap>
        <edgeMap>
          <xCoord>322</xCoord>
          <yCoord>373</yCoord>
        </edgeMap>
        <edgeMap>
          <xCoord>322</xCoord>
          <yCoord>374</yCoord>
        </edgeMap>
        <edgeMap>
          <xCoord>322</xCoord>
          <yCoord>375</yCoord>
        </edgeMap>
        <edgeMap>
          <xCoord>321</xCoord>
          <yCoord>376</yCoord>
        </edgeMap>
        <edgeMap>
          <xCoord>320</xCoord>
          <yCoord>377</yCoord>
        </edgeMap>
        <edgeMap>
          <xCoord>319</xCoord>
          <yCoord>378</yCoord>
        </edgeMap>
        <edgeMap>
          <xCoord>318</xCoord>
          <yCoord>378</yCoord>
        </edgeMap>
        <edgeMap>
          <xCoord>317</xCoord>
          <yCoord>378</yCoord>
        </edgeMap>
        <edgeMap>
          <xCoord>316</xCoord>
          <yCoord>378</yCoord>
        </edgeMap>
        <edgeMap>
          <xCoord>315</xCoord>
          <yCoord>379</yCoord>
        </edgeMap>
        <edgeMap>
          <xCoord>314</xCoord>
          <yCoord>380</yCoord>
        </edgeMap>
        <edgeMap>
          <xCoord>314</xCoord>
          <yCoord>381</yCoord>
        </edgeMap>
        <edgeMap>
          <xCoord>315</xCoord>
          <yCoord>382</yCoord>
        </edgeMap>
        <edgeMap>
          <xCoord>316</xCoord>
          <yCoord>383</yCoord>
        </edgeMap>
        <edgeMap>
          <xCoord>316</xCoord>
          <yCoord>384</yCoord>
        </edgeMap>
        <edgeMap>
          <xCoord>316</xCoord>
          <yCoord>385</yCoord>
        </edgeMap>
        <edgeMap>
          <xCoord>317</xCoord>
          <yCoord>386</yCoord>
        </edgeMap>
        <edgeMap>
          <xCoord>318</xCoord>
          <yCoord>386</yCoord>
        </edgeMap>
        <edgeMap>
          <xCoord>319</xCoord>
          <yCoord>385</yCoord>
        </edgeMap>
        <edgeMap>
          <xCoord>320</xCoord>
          <yCoord>385</yCoord>
        </edgeMap>
        <edgeMap>
          <xCoord>321</xCoord>
          <yCoord>386</yCoord>
        </edgeMap>
        <edgeMap>
          <xCoord>322</xCoord>
          <yCoord>387</yCoord>
        </edgeMap>
      </roi>
      <roi>
        <imageZposition>-103.330002</imageZposition>
        <imageSOP_UID>1.3.6.1.4.1.14519.5.2.1.6279.6001.298260318614925534959185100671</imageSOP_UID>
        <inclusion>TRUE</inclusion>
        <edgeMap>
          <xCoord>323</xCoord>
          <yCoord>394</yCoord>
        </edgeMap>
        <edgeMap>
          <xCoord>324</xCoord>
          <yCoord>393</yCoord>
        </edgeMap>
        <edgeMap>
          <xCoord>325</xCoord>
          <yCoord>392</yCoord>
        </edgeMap>
        <edgeMap>
          <xCoord>325</xCoord>
          <yCoord>391</yCoord>
        </edgeMap>
        <edgeMap>
          <xCoord>326</xCoord>
          <yCoord>390</yCoord>
        </edgeMap>
        <edgeMap>
          <xCoord>327</xCoord>
          <yCoord>389</yCoord>
        </edgeMap>
        <edgeMap>
          <xCoord>328</xCoord>
          <yCoord>388</yCoord>
        </edgeMap>
        <edgeMap>
          <xCoord>329</xCoord>
          <yCoord>387</yCoord>
        </edgeMap>
        <edgeMap>
          <xCoord>329</xCoord>
          <yCoord>386</yCoord>
        </edgeMap>
        <edgeMap>
          <xCoord>330</xCoord>
          <yCoord>385</yCoord>
        </edgeMap>
        <edgeMap>
          <xCoord>331</xCoord>
          <yCoord>384</yCoord>
        </edgeMap>
        <edgeMap>
          <xCoord>331</xCoord>
          <yCoord>383</yCoord>
        </edgeMap>
        <edgeMap>
          <xCoord>330</xCoord>
          <yCoord>382</yCoord>
        </edgeMap>
        <edgeMap>
          <xCoord>330</xCoord>
          <yCoord>381</yCoord>
        </edgeMap>
        <edgeMap>
          <xCoord>330</xCoord>
          <yCoord>380</yCoord>
        </edgeMap>
        <edgeMap>
          <xCoord>329</xCoord>
          <yCoord>379</yCoord>
        </edgeMap>
        <edgeMap>
          <xCoord>328</xCoord>
          <yCoord>378</yCoord>
        </edgeMap>
        <edgeMap>
          <xCoord>327</xCoord>
          <yCoord>377</yCoord>
        </edgeMap>
        <edgeMap>
          <xCoord>326</xCoord>
          <yCoord>377</yCoord>
        </edgeMap>
        <edgeMap>
          <xCoord>325</xCoord>
          <yCoord>378</yCoord>
        </edgeMap>
        <edgeMap>
          <xCoord>324</xCoord>
          <yCoord>377</yCoord>
        </edgeMap>
        <edgeMap>
          <xCoord>323</xCoord>
          <yCoord>376</yCoord>
        </edgeMap>
        <edgeMap>
          <xCoord>322</xCoord>
          <yCoord>377</yCoord>
        </edgeMap>
        <edgeMap>
          <xCoord>321</xCoord>
          <yCoord>378</yCoord>
        </edgeMap>
        <edgeMap>
          <xCoord>320</xCoord>
          <yCoord>379</yCoord>
        </edgeMap>
        <edgeMap>
          <xCoord>320</xCoord>
          <yCoord>380</yCoord>
        </edgeMap>
        <edgeMap>
          <xCoord>319</xCoord>
          <yCoord>381</yCoord>
        </edgeMap>
        <edgeMap>
          <xCoord>318</xCoord>
          <yCoord>382</yCoord>
        </edgeMap>
        <edgeMap>
          <xCoord>317</xCoord>
          <yCoord>383</yCoord>
        </edgeMap>
        <edgeMap>
          <xCoord>316</xCoord>
          <yCoord>384</yCoord>
        </edgeMap>
        <edgeMap>
          <xCoord>315</xCoord>
          <yCoord>385</yCoord>
        </edgeMap>
        <edgeMap>
          <xCoord>316</xCoord>
          <yCoord>386</yCoord>
        </edgeMap>
        <edgeMap>
          <xCoord>317</xCoord>
          <yCoord>387</yCoord>
        </edgeMap>
        <edgeMap>
          <xCoord>318</xCoord>
          <yCoord>388</yCoord>
        </edgeMap>
        <edgeMap>
          <xCoord>319</xCoord>
          <yCoord>389</yCoord>
        </edgeMap>
        <edgeMap>
          <xCoord>319</xCoord>
          <yCoord>390</yCoord>
        </edgeMap>
        <edgeMap>
          <xCoord>319</xCoord>
          <yCoord>391</yCoord>
        </edgeMap>
        <edgeMap>
          <xCoord>319</xCoord>
          <yCoord>392</yCoord>
        </edgeMap>
        <edgeMap>
          <xCoord>320</xCoord>
          <yCoord>393</yCoord>
        </edgeMap>
        <edgeMap>
          <xCoord>321</xCoord>
          <yCoord>393</yCoord>
        </edgeMap>
        <edgeMap>
          <xCoord>322</xCoord>
          <yCoord>393</yCoord>
        </edgeMap>
        <edgeMap>
          <xCoord>323</xCoord>
          <yCoord>394</yCoord>
        </edgeMap>
      </roi>
      <roi>
        <imageZposition>-105.830002</imageZposition>
        <imageSOP_UID>1.3.6.1.4.1.14519.5.2.1.6279.6001.899026751566842029922574820100</imageSOP_UID>
        <inclusion>TRUE</inclusion>
        <edgeMap>
          <xCoord>323</xCoord>
          <yCoord>389</yCoord>
        </edgeMap>
        <edgeMap>
          <xCoord>324</xCoord>
          <yCoord>388</yCoord>
        </edgeMap>
        <edgeMap>
          <xCoord>325</xCoord>
          <yCoord>387</yCoord>
        </edgeMap>
        <edgeMap>
          <xCoord>326</xCoord>
          <yCoord>386</yCoord>
        </edgeMap>
        <edgeMap>
          <xCoord>327</xCoord>
          <yCoord>386</yCoord>
        </edgeMap>
        <edgeMap>
          <xCoord>328</xCoord>
          <yCoord>386</yCoord>
        </edgeMap>
        <edgeMap>
          <xCoord>329</xCoord>
          <yCoord>386</yCoord>
        </edgeMap>
        <edgeMap>
          <xCoord>330</xCoord>
          <yCoord>386</yCoord>
        </edgeMap>
        <edgeMap>
          <xCoord>331</xCoord>
          <yCoord>385</yCoord>
        </edgeMap>
        <edgeMap>
          <xCoord>331</xCoord>
          <yCoord>384</yCoord>
        </edgeMap>
        <edgeMap>
          <xCoord>331</xCoord>
          <yCoord>383</yCoord>
        </edgeMap>
        <edgeMap>
          <xCoord>331</xCoord>
          <yCoord>382</yCoord>
        </edgeMap>
        <edgeMap>
          <xCoord>331</xCoord>
          <yCoord>381</yCoord>
        </edgeMap>
        <edgeMap>
          <xCoord>330</xCoord>
          <yCoord>380</yCoord>
        </edgeMap>
        <edgeMap>
          <xCoord>329</xCoord>
          <yCoord>380</yCoord>
        </edgeMap>
        <edgeMap>
          <xCoord>328</xCoord>
          <yCoord>380</yCoord>
        </edgeMap>
        <edgeMap>
          <xCoord>327</xCoord>
          <yCoord>380</yCoord>
        </edgeMap>
        <edgeMap>
          <xCoord>326</xCoord>
          <yCoord>380</yCoord>
        </edgeMap>
        <edgeMap>
          <xCoord>325</xCoord>
          <yCoord>379</yCoord>
        </edgeMap>
        <edgeMap>
          <xCoord>324</xCoord>
          <yCoord>379</yCoord>
        </edgeMap>
        <edgeMap>
          <xCoord>323</xCoord>
          <yCoord>379</yCoord>
        </edgeMap>
        <edgeMap>
          <xCoord>322</xCoord>
          <yCoord>379</yCoord>
        </edgeMap>
        <edgeMap>
          <xCoord>321</xCoord>
          <yCoord>380</yCoord>
        </edgeMap>
        <edgeMap>
          <xCoord>320</xCoord>
          <yCoord>381</yCoord>
        </edgeMap>
        <edgeMap>
          <xCoord>319</xCoord>
          <yCoord>382</yCoord>
        </edgeMap>
        <edgeMap>
          <xCoord>318</xCoord>
          <yCoord>383</yCoord>
        </edgeMap>
        <edgeMap>
          <xCoord>317</xCoord>
          <yCoord>384</yCoord>
        </edgeMap>
        <edgeMap>
          <xCoord>318</xCoord>
          <yCoord>385</yCoord>
        </edgeMap>
        <edgeMap>
          <xCoord>319</xCoord>
          <yCoord>385</yCoord>
        </edgeMap>
        <edgeMap>
          <xCoord>320</xCoord>
          <yCoord>386</yCoord>
        </edgeMap>
        <edgeMap>
          <xCoord>321</xCoord>
          <yCoord>387</yCoord>
        </edgeMap>
        <edgeMap>
          <xCoord>321</xCoord>
          <yCoord>388</yCoord>
        </edgeMap>
        <edgeMap>
          <xCoord>322</xCoord>
          <yCoord>389</yCoord>
        </edgeMap>
        <edgeMap>
          <xCoord>323</xCoord>
          <yCoord>389</yCoord>
        </edgeMap>
      </roi>
    </unblindedReadNodule>
    <unblindedReadNodule>
      <noduleID>IL057_127309</noduleID>
      <roi>
        <imageZposition>-153.330002</imageZposition>
        <imageSOP_UID>1.3.6.1.4.1.14519.5.2.1.6279.6001.321906360311765217192729915181</imageSOP_UID>
        <inclusion>TRUE</inclusion>
        <edgeMap>
          <xCoord>366</xCoord>
          <yCoord>391</yCoord>
        </edgeMap>
      </roi>
    </unblindedReadNodule>
    <nonNodule>
      <nonNoduleID>IL057_127314</nonNoduleID>
      <imageZposition>-195.830002</imageZposition>
      <imageSOP_UID>1.3.6.1.4.1.14519.5.2.1.6279.6001.144152080673819409804941658903</imageSOP_UID>
      <locus>
        <xCoord>122</xCoord>
        <yCoord>363</yCoord>
      </locus>
    </nonNodule>
  </readingSession>
<readingSession>
<annotationVersion>3.12</annotationVersion>
<servicingRadiologistID>-456835295</servicingRadiologistID>
<unblindedReadNodule>
<noduleID>MI014_12056</noduleID>
<roi>
<imageZposition>-60.830002</imageZposition>
<imageSOP_UID>1.3.6.1.4.1.14519.5.2.1.6279.6001.144347248797591428917337697955</imageSOP_UID>
<inclusion>TRUE</inclusion>
<edgeMap>
<xCoord>213</xCoord>
<yCoord>309</yCoord>
</edgeMap>
</roi>
</unblindedReadNodule>
<unblindedReadNodule>
<noduleID>MI014_12049</noduleID>
<characteristics>
<subtlety>4</subtlety>
<internalStructure>1</internalStructure>
<calcification>6</calcification>
<sphericity>3</sphericity>
<margin>2</margin>
<lobulation>3</lobulation>
<spiculation>2</spiculation>
<texture>5</texture>
<malignancy>4</malignancy>
</characteristics>
<roi>
<imageZposition>-98.330002</imageZposition>
<imageSOP_UID>1.3.6.1.4.1.14519.5.2.1.6279.6001.276510521741860354277968386678</imageSOP_UID>
<inclusion>TRUE</inclusion>
<edgeMap>
<xCoord>324</xCoord>
<yCoord>385</yCoord>
</edgeMap>
<edgeMap>
<xCoord>325</xCoord>
<yCoord>384</yCoord>
</edgeMap>
<edgeMap>
<xCoord>326</xCoord>
<yCoord>383</yCoord>
</edgeMap>
<edgeMap>
<xCoord>327</xCoord>
<yCoord>382</yCoord>
</edgeMap>
<edgeMap>
<xCoord>328</xCoord>
<yCoord>382</yCoord>
</edgeMap>
<edgeMap>
<xCoord>328</xCoord>
<yCoord>381</yCoord>
</edgeMap>
<edgeMap>
<xCoord>328</xCoord>
<yCoord>380</yCoord>
</edgeMap>
<edgeMap>
<xCoord>329</xCoord>
<yCoord>379</yCoord>
</edgeMap>
<edgeMap>
<xCoord>330</xCoord>
<yCoord>378</yCoord>
</edgeMap>
<edgeMap>
<xCoord>330</xCoord>
<yCoord>377</yCoord>
</edgeMap>
<edgeMap>
<xCoord>330</xCoord>
<yCoord>376</yCoord>
</edgeMap>
<edgeMap>
<xCoord>329</xCoord>
<yCoord>375</yCoord>
</edgeMap>
<edgeMap>
<xCoord>328</xCoord>
<yCoord>375</yCoord>
</edgeMap>
<edgeMap>
<xCoord>327</xCoord>
<yCoord>374</yCoord>
</edgeMap>
<edgeMap>
<xCoord>326</xCoord>
<yCoord>374</yCoord>
</edgeMap>
<edgeMap>
<xCoord>325</xCoord>
<yCoord>373</yCoord>
</edgeMap>
<edgeMap>
<xCoord>324</xCoord>
<yCoord>373</yCoord>
</edgeMap>
<edgeMap>
<xCoord>325</xCoord>
<yCoord>374</yCoord>
</edgeMap>
<edgeMap>
<xCoord>324</xCoord>
<yCoord>375</yCoord>
</edgeMap>
<edgeMap>
<xCoord>323</xCoord>
<yCoord>375</yCoord>
</edgeMap>
<edgeMap>
<xCoord>322</xCoord>
<yCoord>374</yCoord>
</edgeMap>
<edgeMap>
<xCoord>321</xCoord>
<yCoord>375</yCoord>
</edgeMap>
<edgeMap>
<xCoord>320</xCoord>
<yCoord>376</yCoord>
</edgeMap>
<edgeMap>
<xCoord>320</xCoord>
<yCoord>377</yCoord>
</edgeMap>
<edgeMap>
<xCoord>319</xCoord>
<yCoord>378</yCoord>
</edgeMap>
<edgeMap>
<xCoord>318</xCoord>
<yCoord>379</yCoord>
</edgeMap>
<edgeMap>
<xCoord>317</xCoord>
<yCoord>379</yCoord>
</edgeMap>
<edgeMap>
<xCoord>316</xCoord>
<yCoord>380</yCoord>
</edgeMap>
<edgeMap>
<xCoord>315</xCoord>
<yCoord>381</yCoord>
</edgeMap>
<edgeMap>
<xCoord>316</xCoord>
<yCoord>382</yCoord>
</edgeMap>
<edgeMap>
<xCoord>316</xCoord>
<yCoord>383</yCoord>
</edgeMap>
<edgeMap>
<xCoord>317</xCoord>
<yCoord>384</yCoord>
</edgeMap>
<edgeMap>
<xCoord>318</xCoord>
<yCoord>384</yCoord>
</edgeMap>
<edgeMap>
<xCoord>319</xCoord>
<yCoord>385</yCoord>
</edgeMap>
<edgeMap>
<xCoord>320</xCoord>
<yCoord>385</yCoord>
</edgeMap>
<edgeMap>
<xCoord>321</xCoord>
<yCoord>385</yCoord>
</edgeMap>
<edgeMap>
<xCoord>322</xCoord>
<yCoord>385</yCoord>
</edgeMap>
<edgeMap>
<xCoord>323</xCoord>
<yCoord>385</yCoord>
</edgeMap>
<edgeMap>
<xCoord>324</xCoord>
<yCoord>385</yCoord>
</edgeMap>
</roi>
<roi>
<imageZposition>-100.830002</imageZposition>
<imageSOP_UID>1.3.6.1.4.1.14519.5.2.1.6279.6001.933752059918759421941824657285</imageSOP_UID>
<inclusion>TRUE</inclusion>
<edgeMap>
<xCoord>327</xCoord>
<yCoord>387</yCoord>
</edgeMap>
<edgeMap>
<xCoord>328</xCoord>
<yCoord>386</yCoord>
</edgeMap>
<edgeMap>
<xCoord>329</xCoord>
<yCoord>385</yCoord>
</edgeMap>
<edgeMap>
<xCoord>330</xCoord>
<yCoord>385</yCoord>
</edgeMap>
<edgeMap>
<xCoord>330</xCoord>
<yCoord>384</yCoord>
</edgeMap>
<edgeMap>
<xCoord>330</xCoord>
<yCoord>383</yCoord>
</edgeMap>
<edgeMap>
<xCoord>330</xCoord>
<yCoord>382</yCoord>
</edgeMap>
<edgeMap>
<xCoord>331</xCoord>
<yCoord>381</yCoord>
</edgeMap>
<edgeMap>
<xCoord>330</xCoord>
<yCoord>380</yCoord>
</edgeMap>
<edgeMap>
<xCoord>330</xCoord>
<yCoord>379</yCoord>
</edgeMap>
<edgeMap>
<xCoord>330</xCoord>
<yCoord>378</yCoord>
</edgeMap>
<edgeMap>
<xCoord>330</xCoord>
<yCoord>377</yCoord>
</edgeMap>
<edgeMap>
<xCoord>330</xCoord>
<yCoord>376</yCoord>
</edgeMap>
<edgeMap>
<xCoord>330</xCoord>
<yCoord>375</yCoord>
</edgeMap>
<edgeMap>
<xCoord>329</xCoord>
<yCoord>375</yCoord>
</edgeMap>
<edgeMap>
<xCoord>328</xCoord>
<yCoord>374</yCoord>
</edgeMap>
<edgeMap>
<xCoord>327</xCoord>
<yCoord>373</yCoord>
</edgeMap>
<edgeMap>
<xCoord>326</xCoord>
<yCoord>373</yCoord>
</edgeMap>
<edgeMap>
<xCoord>325</xCoord>
<yCoord>372</yCoord>
</edgeMap>
<edgeMap>
<xCoord>324</xCoord>
<yCoord>373</yCoord>
</edgeMap>
<edgeMap>
<xCoord>323</xCoord>
<yCoord>373</yCoord>
</edgeMap>
<edgeMap>
<xCoord>322</xCoord>
<yCoord>372</yCoord>
</edgeMap>
<edgeMap>
<xCoord>322</xCoord>
<yCoord>373</yCoord>
</edgeMap>
<edgeMap>
<xCoord>322</xCoord>
<yCoord>374</yCoord>
</edgeMap>
<edgeMap>
<xCoord>321</xCoord>
<yCoord>375</yCoord>
</edgeMap>
<edgeMap>
<xCoord>321</xCoord>
<yCoord>376</yCoord>
</edgeMap>
<edgeMap>
<xCoord>320</xCoord>
<yCoord>377</yCoord>
</edgeMap>
<edgeMap>
<xCoord>319</xCoord>
<yCoord>377</yCoord>
</edgeMap>
<edgeMap>
<xCoord>318</xCoord>
<yCoord>377</yCoord>
</edgeMap>
<edgeMap>
<xCoord>317</xCoord>
<yCoord>378</yCoord>
</edgeMap>
<edgeMap>
<xCoord>316</xCoord>
<yCoord>379</yCoord>
</edgeMap>
<edgeMap>
<xCoord>315</xCoord>
<yCoord>380</yCoord>
</edgeMap>
<edgeMap>
<xCoord>316</xCoord>
<yCoord>381</yCoord>
</edgeMap>
<edgeMap>
<xCoord>317</xCoord>
<yCoord>382</yCoord>
</edgeMap>
<edgeMap>
<xCoord>318</xCoord>
<yCoord>383</yCoord>
</edgeMap>
<edgeMap>
<xCoord>318</xCoord>
<yCoord>384</yCoord>
</edgeMap>
<edgeMap>
<xCoord>319</xCoord>
<yCoord>385</yCoord>
</edgeMap>
<edgeMap>
<xCoord>320</xCoord>
<yCoord>386</yCoord>
</edgeMap>
<edgeMap>
<xCoord>321</xCoord>
<yCoord>387</yCoord>
</edgeMap>
<edgeMap>
<xCoord>322</xCoord>
<yCoord>387</yCoord>
</edgeMap>
<edgeMap>
<xCoord>323</xCoord>
<yCoord>386</yCoord>
</edgeMap>
<edgeMap>
<xCoord>324</xCoord>
<yCoord>386</yCoord>
</edgeMap>
<edgeMap>
<xCoord>325</xCoord>
<yCoord>387</yCoord>
</edgeMap>
<edgeMap>
<xCoord>326</xCoord>
<yCoord>387</yCoord>
</edgeMap>
<edgeMap>
<xCoord>327</xCoord>
<yCoord>387</yCoord>
</edgeMap>
</roi>
<roi>
<imageZposition>-103.330002</imageZposition>
<imageSOP_UID>1.3.6.1.4.1.14519.5.2.1.6279.6001.298260318614925534959185100671</imageSOP_UID>
<inclusion>TRUE</inclusion>
<edgeMap>
<xCoord>323</xCoord>
<yCoord>394</yCoord>
</edgeMap>
<edgeMap>
<xCoord>323</xCoord>
<yCoord>393</yCoord>
</edgeMap>
<edgeMap>
<xCoord>324</xCoord>
<yCoord>392</yCoord>
</edgeMap>
<edgeMap>
<xCoord>325</xCoord>
<yCoord>391</yCoord>
</edgeMap>
<edgeMap>
<xCoord>326</xCoord>
<yCoord>391</yCoord>
</edgeMap>
<edgeMap>
<xCoord>327</xCoord>
<yCoord>390</yCoord>
</edgeMap>
<edgeMap>
<xCoord>328</xCoord>
<yCoord>389</yCoord>
</edgeMap>
<edgeMap>
<xCoord>329</xCoord>
<yCoord>388</yCoord>
</edgeMap>
<edgeMap>
<xCoord>329</xCoord>
<yCoord>387</yCoord>
</edgeMap>
<edgeMap>
<xCoord>330</xCoord>
<yCoord>386</yCoord>
</edgeMap>
<edgeMap>
<xCoord>330</xCoord>
<yCoord>385</yCoord>
</edgeMap>
<edgeMap>
<xCoord>330</xCoord>
<yCoord>384</yCoord>
</edgeMap>
<edgeMap>
<xCoord>330</xCoord>
<yCoord>383</yCoord>
</edgeMap>
<edgeMap>
<xCoord>330</xCoord>
<yCoord>382</yCoord>
</edgeMap>
<edgeMap>
<xCoord>330</xCoord>
<yCoord>381</yCoord>
</edgeMap>
<edgeMap>
<xCoord>330</xCoord>
<yCoord>380</yCoord>
</edgeMap>
<edgeMap>
<xCoord>329</xCoord>
<yCoord>379</yCoord>
</edgeMap>
<edgeMap>
<xCoord>328</xCoord>
<yCoord>378</yCoord>
</edgeMap>
<edgeMap>
<xCoord>327</xCoord>
<yCoord>378</yCoord>
</edgeMap>
<edgeMap>
<xCoord>326</xCoord>
<yCoord>378</yCoord>
</edgeMap>
<edgeMap>
<xCoord>325</xCoord>
<yCoord>378</yCoord>
</edgeMap>
<edgeMap>
<xCoord>324</xCoord>
<yCoord>378</yCoord>
</edgeMap>
<edgeMap>
<xCoord>323</xCoord>
<yCoord>378</yCoord>
</edgeMap>
<edgeMap>
<xCoord>322</xCoord>
<yCoord>378</yCoord>
</edgeMap>
<edgeMap>
<xCoord>321</xCoord>
<yCoord>379</yCoord>
</edgeMap>
<edgeMap>
<xCoord>320</xCoord>
<yCoord>380</yCoord>
</edgeMap>
<edgeMap>
<xCoord>319</xCoord>
<yCoord>381</yCoord>
</edgeMap>
<edgeMap>
<xCoord>318</xCoord>
<yCoord>381</yCoord>
</edgeMap>
<edgeMap>
<xCoord>317</xCoord>
<yCoord>381</yCoord>
</edgeMap>
<edgeMap>
<xCoord>317</xCoord>
<yCoord>382</yCoord>
</edgeMap>
<edgeMap>
<xCoord>317</xCoord>
<yCoord>383</yCoord>
</edgeMap>
<edgeMap>
<xCoord>317</xCoord>
<yCoord>384</yCoord>
</edgeMap>
<edgeMap>
<xCoord>317</xCoord>
<yCoord>385</yCoord>
</edgeMap>
<edgeMap>
<xCoord>316</xCoord>
<yCoord>386</yCoord>
</edgeMap>
<edgeMap>
<xCoord>316</xCoord>
<yCoord>387</yCoord>
</edgeMap>
<edgeMap>
<xCoord>317</xCoord>
<yCoord>388</yCoord>
</edgeMap>
<edgeMap>
<xCoord>318</xCoord>
<yCoord>387</yCoord>
</edgeMap>
<edgeMap>
<xCoord>319</xCoord>
<yCoord>388</yCoord>
</edgeMap>
<edgeMap>
<xCoord>319</xCoord>
<yCoord>389</yCoord>
</edgeMap>
<edgeMap>
<xCoord>319</xCoord>
<yCoord>390</yCoord>
</edgeMap>
<edgeMap>
<xCoord>319</xCoord>
<yCoord>391</yCoord>
</edgeMap>
<edgeMap>
<xCoord>319</xCoord>
<yCoord>392</yCoord>
</edgeMap>
<edgeMap>
<xCoord>319</xCoord>
<yCoord>393</yCoord>
</edgeMap>
<edgeMap>
<xCoord>320</xCoord>
<yCoord>394</yCoord>
</edgeMap>
<edgeMap>
<xCoord>321</xCoord>
<yCoord>394</yCoord>
</edgeMap>
<edgeMap>
<xCoord>322</xCoord>
<yCoord>394</yCoord>
</edgeMap>
<edgeMap>
<xCoord>323</xCoord>
<yCoord>394</yCoord>
</edgeMap>
</roi>
<roi>
<imageZposition>-105.830002</imageZposition>
<imageSOP_UID>1.3.6.1.4.1.14519.5.2.1.6279.6001.899026751566842029922574820100</imageSOP_UID>
<inclusion>TRUE</inclusion>
<edgeMap>
<xCoord>323</xCoord>
<yCoord>389</yCoord>
</edgeMap>
<edgeMap>
<xCoord>323</xCoord>
<yCoord>388</yCoord>
</edgeMap>
<edgeMap>
<xCoord>324</xCoord>
<yCoord>387</yCoord>
</edgeMap>
<edgeMap>
<xCoord>325</xCoord>
<yCoord>387</yCoord>
</edgeMap>
<edgeMap>
<xCoord>326</xCoord>
<yCoord>386</yCoord>
</edgeMap>
<edgeMap>
<xCoord>327</xCoord>
<yCoord>386</yCoord>
</edgeMap>
<edgeMap>
<xCoord>328</xCoord>
<yCoord>386</yCoord>
</edgeMap>
<edgeMap>
<xCoord>329</xCoord>
<yCoord>386</yCoord>
</edgeMap>
<edgeMap>
<xCoord>330</xCoord>
<yCoord>386</yCoord>
</edgeMap>
<edgeMap>
<xCoord>331</xCoord>
<yCoord>385</yCoord>
</edgeMap>
<edgeMap>
<xCoord>331</xCoord>
<yCoord>384</yCoord>
</edgeMap>
<edgeMap>
<xCoord>330</xCoord>
<yCoord>383</yCoord>
</edgeMap>
<edgeMap>
<xCoord>331</xCoord>
<yCoord>382</yCoord>
</edgeMap>
<edgeMap>
<xCoord>331</xCoord>
<yCoord>381</yCoord>
</edgeMap>
<edgeMap>
<xCoord>330</xCoord>
<yCoord>380</yCoord>
</edgeMap>
<edgeMap>
<xCoord>329</xCoord>
<yCoord>380</yCoord>
</edgeMap>
<edgeMap>
<xCoord>328</xCoord>
<yCoord>380</yCoord>
</edgeMap>
<edgeMap>
<xCoord>327</xCoord>
<yCoord>380</yCoord>
</edgeMap>
<edgeMap>
<xCoord>326</xCoord>
<yCoord>380</yCoord>
</edgeMap>
<edgeMap>
<xCoord>325</xCoord>
<yCoord>379</yCoord>
</edgeMap>
<edgeMap>
<xCoord>324</xCoord>
<yCoord>379</yCoord>
</edgeMap>
<edgeMap>
<xCoord>323</xCoord>
<yCoord>379</yCoord>
</edgeMap>
<edgeMap>
<xCoord>322</xCoord>
<yCoord>380</yCoord>
</edgeMap>
<edgeMap>
<xCoord>321</xCoord>
<yCoord>380</yCoord>
</edgeMap>
<edgeMap>
<xCoord>320</xCoord>
<yCoord>381</yCoord>
</edgeMap>
<edgeMap>
<xCoord>319</xCoord>
<yCoord>382</yCoord>
</edgeMap>
<edgeMap>
<xCoord>318</xCoord>
<yCoord>383</yCoord>
</edgeMap>
<edgeMap>
<xCoord>318</xCoord>
<yCoord>384</yCoord>
</edgeMap>
<edgeMap>
<xCoord>318</xCoord>
<yCoord>385</yCoord>
</edgeMap>
<edgeMap>
<xCoord>318</xCoord>
<yCoord>386</yCoord>
</edgeMap>
<edgeMap>
<xCoord>319</xCoord>
<yCoord>387</yCoord>
</edgeMap>
<edgeMap>
<xCoord>320</xCoord>
<yCoord>387</yCoord>
</edgeMap>
<edgeMap>
<xCoord>321</xCoord>
<yCoord>388</yCoord>
</edgeMap>
<edgeMap>
<xCoord>321</xCoord>
<yCoord>389</yCoord>
</edgeMap>
<edgeMap>
<xCoord>322</xCoord>
<yCoord>389</yCoord>
</edgeMap>
<edgeMap>
<xCoord>323</xCoord>
<yCoord>389</yCoord>
</edgeMap>
</roi>
</unblindedReadNodule>
<unblindedReadNodule>
<noduleID>MI014_12051</noduleID>
<roi>
<imageZposition>-153.330002</imageZposition>
<imageSOP_UID>1.3.6.1.4.1.14519.5.2.1.6279.6001.321906360311765217192729915181</imageSOP_UID>
<inclusion>TRUE</inclusion>
<edgeMap>
<xCoord>366</xCoord>
<yCoord>393</yCoord>
</edgeMap>
</roi>
</unblindedReadNodule>
<unblindedReadNodule>
<noduleID>MI014_12057</noduleID>
<roi>
<imageZposition>-98.330002</imageZposition>
<imageSOP_UID>1.3.6.1.4.1.14519.5.2.1.6279.6001.276510521741860354277968386678</imageSOP_UID>
<inclusion>TRUE</inclusion>
<edgeMap>
<xCoord>397</xCoord>
<yCoord>218</yCoord>
</edgeMap>
</roi>
</unblindedReadNodule>
<nonNodule>
<nonNoduleID>MI014_12054</nonNoduleID>
<imageZposition>-130.830002</imageZposition>
<imageSOP_UID>1.3.6.1.4.1.14519.5.2.1.6279.6001.699410229771154648610947176126</imageSOP_UID>
<locus>
<xCoord>138</xCoord>
<yCoord>389</yCoord>
</locus>
</nonNodule>
<nonNodule>
<nonNoduleID>MI014_12058</nonNoduleID>
<imageZposition>-153.330002</imageZposition>
<imageSOP_UID>1.3.6.1.4.1.14519.5.2.1.6279.6001.321906360311765217192729915181</imageSOP_UID>
<locus>
<xCoord>110</xCoord>
<yCoord>362</yCoord>
</locus>
</nonNodule>
<nonNodule>
<nonNoduleID>MI014_12059</nonNoduleID>
<imageZposition>-183.330002</imageZposition>
<imageSOP_UID>1.3.6.1.4.1.14519.5.2.1.6279.6001.698785142862601858810920063328</imageSOP_UID>
<locus>
<xCoord>126</xCoord>
<yCoord>362</yCoord>
</locus>
</nonNodule>
<nonNodule>
<nonNoduleID>MI014_12060</nonNoduleID>
<imageZposition>-183.330002</imageZposition>
<imageSOP_UID>1.3.6.1.4.1.14519.5.2.1.6279.6001.698785142862601858810920063328</imageSOP_UID>
<locus>
<xCoord>309</xCoord>
<yCoord>314</yCoord>
</locus>
</nonNodule>
<nonNodule>
<nonNoduleID>MI014_12061</nonNoduleID>
<imageZposition>-238.330002</imageZposition>
<imageSOP_UID>1.3.6.1.4.1.14519.5.2.1.6279.6001.686812898547139815459092162005</imageSOP_UID>
<locus>
<xCoord>121</xCoord>
<yCoord>354</yCoord>
</locus>
</nonNodule>
<nonNodule>
<nonNoduleID>MI014_12062</nonNoduleID>
<imageZposition>-238.330002</imageZposition>
<imageSOP_UID>1.3.6.1.4.1.14519.5.2.1.6279.6001.686812898547139815459092162005</imageSOP_UID>
<locus>
<xCoord>192</xCoord>
<yCoord>277</yCoord>
</locus>
</nonNodule>
</readingSession>
<readingSession>
		<annotationVersion>3.12</annotationVersion>
		<servicingRadiologistID>-864701422</servicingRadiologistID>
			<unblindedReadNodule>
				<noduleID>0</noduleID>
				<characteristics>
					<subtlety>5</subtlety>
					<internalStructure>1</internalStructure>
					<calcification>6</calcification>
					<sphericity>5</sphericity>
					<margin>4</margin>
					<lobulation>1</lobulation>
					<spiculation>5</spiculation>
					<texture>4</texture>
					<malignancy>4</malignancy>
				</characteristics>
				<roi>
					<imageZposition>-98.330002</imageZposition>
					<imageSOP_UID>1.3.6.1.4.1.14519.5.2.1.6279.6001.276510521741860354277968386678</imageSOP_UID>
					<inclusion>TRUE</inclusion>
					<edgeMap>
					<xCoord>325</xCoord>
					<yCoord>374</yCoord>
					</edgeMap>
					<edgeMap>
					<xCoord>324</xCoord>
					<yCoord>375</yCoord>
					</edgeMap>
					<edgeMap>
					<xCoord>323</xCoord>
					<yCoord>375</yCoord>
					</edgeMap>
					<edgeMap>
					<xCoord>322</xCoord>
					<yCoord>376</yCoord>
					</edgeMap>
					<edgeMap>
					<xCoord>321</xCoord>
					<yCoord>377</yCoord>
					</edgeMap>
					<edgeMap>
					<xCoord>320</xCoord>
					<yCoord>378</yCoord>
					</edgeMap>
					<edgeMap>
					<xCoord>319</xCoord>
					<yCoord>379</yCoord>
					</edgeMap>
					<edgeMap>
					<xCoord>318</xCoord>
					<yCoord>379</yCoord>
					</edgeMap>
					<edgeMap>
					<xCoord>317</xCoord>
					<yCoord>379</yCoord>
					</edgeMap>
					<edgeMap>
					<xCoord>316</xCoord>
					<yCoord>379</yCoord>
					</edgeMap>
					<edgeMap>
					<xCoord>315</xCoord>
					<yCoord>380</yCoord>
					</edgeMap>
					<edgeMap>
					<xCoord>314</xCoord>
					<yCoord>380</yCoord>
					</edgeMap>
					<edgeMap>
					<xCoord>315</xCoord>
					<yCoord>381</yCoord>
					</edgeMap>
					<edgeMap>
					<xCoord>315</xCoord>
					<yCoord>382</yCoord>
					</edgeMap>
					<edgeMap>
					<xCoord>316</xCoord>
					<yCoord>383</yCoord>
					</edgeMap>
					<edgeMap>
					<xCoord>317</xCoord>
					<yCoord>383</yCoord>
					</edgeMap>
					<edgeMap>
					<xCoord>318</xCoord>
					<yCoord>384</yCoord>
					</edgeMap>
					<edgeMap>
					<xCoord>319</xCoord>
					<yCoord>384</yCoord>
					</edgeMap>
					<edgeMap>
					<xCoord>320</xCoord>
					<yCoord>385</yCoord>
					</edgeMap>
					<edgeMap>
					<xCoord>321</xCoord>
					<yCoord>385</yCoord>
					</edgeMap>
					<edgeMap>
					<xCoord>322</xCoord>
					<yCoord>385</yCoord>
					</edgeMap>
					<edgeMap>
					<xCoord>323</xCoord>
					<yCoord>385</yCoord>
					</edgeMap>
					<edgeMap>
					<xCoord>324</xCoord>
					<yCoord>384</yCoord>
					</edgeMap>
					<edgeMap>
					<xCoord>325</xCoord>
					<yCoord>384</yCoord>
					</edgeMap>
					<edgeMap>
					<xCoord>326</xCoord>
					<yCoord>384</yCoord>
					</edgeMap>
					<edgeMap>
					<xCoord>326</xCoord>
					<yCoord>383</yCoord>
					</edgeMap>
					<edgeMap>
					<xCoord>327</xCoord>
					<yCoord>382</yCoord>
					</edgeMap>
					<edgeMap>
					<xCoord>327</xCoord>
					<yCoord>381</yCoord>
					</edgeMap>
					<edgeMap>
					<xCoord>328</xCoord>
					<yCoord>381</yCoord>
					</edgeMap>
					<edgeMap>
					<xCoord>328</xCoord>
					<yCoord>380</yCoord>
					</edgeMap>
					<edgeMap>
					<xCoord>329</xCoord>
					<yCoord>379</yCoord>
					</edgeMap>
					<edgeMap>
					<xCoord>329</xCoord>
					<yCoord>378</yCoord>
					</edgeMap>
					<edgeMap>
					<xCoord>330</xCoord>
					<yCoord>377</yCoord>
					</edgeMap>
					<edgeMap>
					<xCoord>330</xCoord>
					<yCoord>376</yCoord>
					</edgeMap>
					<edgeMap>
					<xCoord>331</xCoord>
					<yCoord>375</yCoord>
					</edgeMap>
					<edgeMap>
					<xCoord>330</xCoord>
					<yCoord>375</yCoord>
					</edgeMap>
					<edgeMap>
					<xCoord>329</xCoord>
					<yCoord>374</yCoord>
					</edgeMap>
					<edgeMap>
					<xCoord>328</xCoord>
					<yCoord>374</yCoord>
					</edgeMap>
					<edgeMap>
					<xCoord>327</xCoord>
					<yCoord>374</yCoord>
					</edgeMap>
					<edgeMap>
					<xCoord>326</xCoord>
					<yCoord>374</yCoord>
					</edgeMap>
					<edgeMap>
					<xCoord>325</xCoord>
					<yCoord>374</yCoord>
					</edgeMap>
				</roi>
				<roi>
					<imageZposition>-100.830002</imageZposition>
					<imageSOP_UID>1.3.6.1.4.1.14519.5.2.1.6279.6001.933752059918759421941824657285</imageSOP_UID>
					<inclusion>TRUE</inclusion>
					<edgeMap>
					<xCoord>326</xCoord>
					<yCoord>372</yCoord>
					</edgeMap>
					<edgeMap>
					<xCoord>325</xCoord>
					<yCoord>373</yCoord>
					</edgeMap>
					<edgeMap>
					<xCoord>324</xCoord>
					<yCoord>373</yCoord>
					</edgeMap>
					<edgeMap>
					<xCoord>323</xCoord>
					<yCoord>373</yCoord>
					</edgeMap>
					<edgeMap>
					<xCoord>322</xCoord>
					<yCoord>373</yCoord>
					</edgeMap>
					<edgeMap>
					<xCoord>322</xCoord>
					<yCoord>374</yCoord>
					</edgeMap>
					<edgeMap>
					<xCoord>321</xCoord>
					<yCoord>375</yCoord>
					</edgeMap>
					<edgeMap>
					<xCoord>321</xCoord>
					<yCoord>376</yCoord>
					</edgeMap>
					<edgeMap>
					<xCoord>320</xCoord>
					<yCoord>377</yCoord>
					</edgeMap>
					<edgeMap>
					<xCoord>319</xCoord>
					<yCoord>377</yCoord>
					</edgeMap>
					<edgeMap>
					<xCoord>318</xCoord>
					<yCoord>378</yCoord>
					</edgeMap>
					<edgeMap>
					<xCoord>317</xCoord>
					<yCoord>379</yCoord>
					</edgeMap>
					<edgeMap>
					<xCoord>318</xCoord>
					<yCoord>380</yCoord>
					</edgeMap>
					<edgeMap>
					<xCoord>318</xCoord>
					<yCoord>381</yCoord>
					</edgeMap>
					<edgeMap>
					<xCoord>318</xCoord>
					<yCoord>382</yCoord>
					</edgeMap>
					<edgeMap>
					<xCoord>319</xCoord>
					<yCoord>383</yCoord>
					</edgeMap>
					<edgeMap>
					<xCoord>320</xCoord>
					<yCoord>384</yCoord>
					</edgeMap>
					<edgeMap>
					<xCoord>321</xCoord>
					<yCoord>385</yCoord>
					</edgeMap>
					<edgeMap>
					<xCoord>321</xCoord>
					<yCoord>386</yCoord>
					</edgeMap>
					<edgeMap>
					<xCoord>322</xCoord>
					<yCoord>386</yCoord>
					</edgeMap>
					<edgeMap>
					<xCoord>323</xCoord>
					<yCoord>386</yCoord>
					</edgeMap>
					<edgeMap>
					<xCoord>324</xCoord>
					<yCoord>386</yCoord>
					</edgeMap>
					<edgeMap>
					<xCoord>325</xCoord>
					<yCoord>386</yCoord>
					</edgeMap>
					<edgeMap>
					<xCoord>326</xCoord>
					<yCoord>386</yCoord>
					</edgeMap>
					<edgeMap>
					<xCoord>327</xCoord>
					<yCoord>385</yCoord>
					</edgeMap>
					<edgeMap>
					<xCoord>328</xCoord>
					<yCoord>385</yCoord>
					</edgeMap>
					<edgeMap>
					<xCoord>329</xCoord>
					<yCoord>385</yCoord>
					</edgeMap>
					<edgeMap>
					<xCoord>330</xCoord>
					<yCoord>385</yCoord>
					</edgeMap>
					<edgeMap>
					<xCoord>331</xCoord>
					<yCoord>385</yCoord>
					</edgeMap>
					<edgeMap>
					<xCoord>332</xCoord>
					<yCoord>385</yCoord>
					</edgeMap>
					<edgeMap>
					<xCoord>331</xCoord>
					<yCoord>384</yCoord>
					</edgeMap>
					<edgeMap>
					<xCoord>331</xCoord>
					<yCoord>383</yCoord>
					</edgeMap>
					<edgeMap>
					<xCoord>330</xCoord>
					<yCoord>382</yCoord>
					</edgeMap>
					<edgeMap>
					<xCoord>330</xCoord>
					<yCoord>381</yCoord>
					</edgeMap>
					<edgeMap>
					<xCoord>330</xCoord>
					<yCoord>380</yCoord>
					</edgeMap>
					<edgeMap>
					<xCoord>330</xCoord>
					<yCoord>379</yCoord>
					</edgeMap>
					<edgeMap>
					<xCoord>330</xCoord>
					<yCoord>378</yCoord>
					</edgeMap>
					<edgeMap>
					<xCoord>330</xCoord>
					<yCoord>377</yCoord>
					</edgeMap>
					<edgeMap>
					<xCoord>330</xCoord>
					<yCoord>376</yCoord>
					</edgeMap>
					<edgeMap>
					<xCoord>330</xCoord>
					<yCoord>375</yCoord>
					</edgeMap>
					<edgeMap>
					<xCoord>330</xCoord>
					<yCoord>374</yCoord>
					</edgeMap>
					<edgeMap>
					<xCoord>329</xCoord>
					<yCoord>374</yCoord>
					</edgeMap>
					<edgeMap>
					<xCoord>328</xCoord>
					<yCoord>373</yCoord>
					</edgeMap>
					<edgeMap>
					<xCoord>327</xCoord>
					<yCoord>373</yCoord>
					</edgeMap>
					<edgeMap>
					<xCoord>326</xCoord>
					<yCoord>372</yCoord>
					</edgeMap>
				</roi>
				<roi>
					<imageZposition>-103.330002</imageZposition>
					<imageSOP_UID>1.3.6.1.4.1.14519.5.2.1.6279.6001.298260318614925534959185100671</imageSOP_UID>
					<inclusion>TRUE</inclusion>
					<edgeMap>
					<xCoord>325</xCoord>
					<yCoord>377</yCoord>
					</edgeMap>
					<edgeMap>
					<xCoord>324</xCoord>
					<yCoord>378</yCoord>
					</edgeMap>
					<edgeMap>
					<xCoord>323</xCoord>
					<yCoord>378</yCoord>
					</edgeMap>
					<edgeMap>
					<xCoord>322</xCoord>
					<yCoord>378</yCoord>
					</edgeMap>
					<edgeMap>
					<xCoord>321</xCoord>
					<yCoord>379</yCoord>
					</edgeMap>
					<edgeMap>
					<xCoord>320</xCoord>
					<yCoord>379</yCoord>
					</edgeMap>
					<edgeMap>
					<xCoord>319</xCoord>
					<yCoord>380</yCoord>
					</edgeMap>
					<edgeMap>
					<xCoord>318</xCoord>
					<yCoord>381</yCoord>
					</edgeMap>
					<edgeMap>
					<xCoord>317</xCoord>
					<yCoord>382</yCoord>
					</edgeMap>
					<edgeMap>
					<xCoord>317</xCoord>
					<yCoord>383</yCoord>
					</edgeMap>
					<edgeMap>
					<xCoord>316</xCoord>
					<yCoord>384</yCoord>
					</edgeMap>
					<edgeMap>
					<xCoord>315</xCoord>
					<yCoord>385</yCoord>
					</edgeMap>
					<edgeMap>
					<xCoord>314</xCoord>
					<yCoord>386</yCoord>
					</edgeMap>
					<edgeMap>
					<xCoord>314</xCoord>
					<yCoord>387</yCoord>
					</edgeMap>
					<edgeMap>
					<xCoord>314</xCoord>
					<yCoord>388</yCoord>
					</edgeMap>
					<edgeMap>
					<xCoord>315</xCoord>
					<yCoord>388</yCoord>
					</edgeMap>
					<edgeMap>
					<xCoord>316</xCoord>
					<yCoord>387</yCoord>
					</edgeMap>
					<edgeMap>
					<xCoord>317</xCoord>
					<yCoord>387</yCoord>
					</edgeMap>
					<edgeMap>
					<xCoord>318</xCoord>
					<yCoord>387</yCoord>
					</edgeMap>
					<edgeMap>
					<xCoord>319</xCoord>
					<yCoord>387</yCoord>
					</edgeMap>
					<edgeMap>
					<xCoord>319</xCoord>
					<yCoord>388</yCoord>
					</edgeMap>
					<edgeMap>
					<xCoord>319</xCoord>
					<yCoord>389</yCoord>
					</edgeMap>
					<edgeMap>
					<xCoord>320</xCoord>
					<yCoord>389</yCoord>
					</edgeMap>
					<edgeMap>
					<xCoord>319</xCoord>
					<yCoord>390</yCoord>
					</edgeMap>
					<edgeMap>
					<xCoord>319</xCoord>
					<yCoord>391</yCoord>
					</edgeMap>
					<edgeMap>
					<xCoord>319</xCoord>
					<yCoord>392</yCoord>
					</edgeMap>
					<edgeMap>
					<xCoord>320</xCoord>
					<yCoord>392</yCoord>
					</edgeMap>
					<edgeMap>
					<xCoord>321</xCoord>
					<yCoord>392</yCoord>
					</edgeMap>
					<edgeMap>
					<xCoord>322</xCoord>
					<yCoord>391</yCoord>
					</edgeMap>
					<edgeMap>
					<xCoord>323</xCoord>
					<yCoord>391</yCoord>
					</edgeMap>
					<edgeMap>
					<xCoord>324</xCoord>
					<yCoord>390</yCoord>
					</edgeMap>
					<edgeMap>
					<xCoord>325</xCoord>
					<yCoord>390</yCoord>
					</edgeMap>
					<edgeMap>
					<xCoord>326</xCoord>
					<yCoord>389</yCoord>
					</edgeMap>
					<edgeMap>
					<xCoord>327</xCoord>
					<yCoord>389</yCoord>
					</edgeMap>
					<edgeMap>
					<xCoord>328</xCoord>
					<yCoord>389</yCoord>
					</edgeMap>
					<edgeMap>
					<xCoord>329</xCoord>
					<yCoord>389</yCoord>
					</edgeMap>
					<edgeMap>
					<xCoord>329</xCoord>
					<yCoord>388</yCoord>
					</edgeMap>
					<edgeMap>
					<xCoord>330</xCoord>
					<yCoord>387</yCoord>
					</edgeMap>
					<edgeMap>
					<xCoord>330</xCoord>
					<yCoord>386</yCoord>
					</edgeMap>
					<edgeMap>
					<xCoord>330</xCoord>
					<yCoord>385</yCoord>
					</edgeMap>
					<edgeMap>
					<xCoord>330</xCoord>
					<yCoord>384</yCoord>
					</edgeMap>
					<edgeMap>
					<xCoord>331</xCoord>
					<yCoord>383</yCoord>
					</edgeMap>
					<edgeMap>
					<xCoord>331</xCoord>
					<yCoord>382</yCoord>
					</edgeMap>
					<edgeMap>
					<xCoord>330</xCoord>
					<yCoord>381</yCoord>
					</edgeMap>
					<edgeMap>
					<xCoord>330</xCoord>
					<yCoord>380</yCoord>
					</edgeMap>
					<edgeMap>
					<xCoord>329</xCoord>
					<yCoord>379</yCoord>
					</edgeMap>
					<edgeMap>
					<xCoord>328</xCoord>
					<yCoord>378</yCoord>
					</edgeMap>
					<edgeMap>
					<xCoord>327</xCoord>
					<yCoord>378</yCoord>
					</edgeMap>
					<edgeMap>
					<xCoord>326</xCoord>
					<yCoord>377</yCoord>
					</edgeMap>
					<edgeMap>
					<xCoord>325</xCoord>
					<yCoord>377</yCoord>
					</edgeMap>
				</roi>
				<roi>
					<imageZposition>-105.830002</imageZposition>
					<imageSOP_UID>1.3.6.1.4.1.14519.5.2.1.6279.6001.899026751566842029922574820100</imageSOP_UID>
					<inclusion>TRUE</inclusion>
					<edgeMap>
					<xCoord>324</xCoord>
					<yCoord>378</yCoord>
					</edgeMap>
					<edgeMap>
					<xCoord>323</xCoord>
					<yCoord>378</yCoord>
					</edgeMap>
					<edgeMap>
					<xCoord>322</xCoord>
					<yCoord>379</yCoord>
					</edgeMap>
					<edgeMap>
					<xCoord>321</xCoord>
					<yCoord>380</yCoord>
					</edgeMap>
					<edgeMap>
					<xCoord>320</xCoord>
					<yCoord>381</yCoord>
					</edgeMap>
					<edgeMap>
					<xCoord>319</xCoord>
					<yCoord>382</yCoord>
					</edgeMap>
					<edgeMap>
					<xCoord>318</xCoord>
					<yCoord>383</yCoord>
					</edgeMap>
					<edgeMap>
					<xCoord>317</xCoord>
					<yCoord>383</yCoord>
					</edgeMap>
					<edgeMap>
					<xCoord>317</xCoord>
					<yCoord>384</yCoord>
					</edgeMap>
					<edgeMap>
					<xCoord>317</xCoord>
					<yCoord>385</yCoord>
					</edgeMap>
					<edgeMap>
					<xCoord>318</xCoord>
					<yCoord>385</yCoord>
					</edgeMap>
					<edgeMap>
					<xCoord>319</xCoord>
					<yCoord>385</yCoord>
					</edgeMap>
					<edgeMap>
					<xCoord>320</xCoord>
					<yCoord>385</yCoord>
					</edgeMap>
					<edgeMap>
					<xCoord>321</xCoord>
					<yCoord>386</yCoord>
					</edgeMap>
					<edgeMap>
					<xCoord>321</xCoord>
					<yCoord>387</yCoord>
					</edgeMap>
					<edgeMap>
					<xCoord>321</xCoord>
					<yCoord>388</yCoord>
					</edgeMap>
					<edgeMap>
					<xCoord>322</xCoord>
					<yCoord>389</yCoord>
					</edgeMap>
					<edgeMap>
					<xCoord>323</xCoord>
					<yCoord>388</yCoord>
					</edgeMap>
					<edgeMap>
					<xCoord>324</xCoord>
					<yCoord>387</yCoord>
					</edgeMap>
					<edgeMap>
					<xCoord>325</xCoord>
					<yCoord>386</yCoord>
					</edgeMap>
					<edgeMap>
					<xCoord>326</xCoord>
					<yCoord>386</yCoord>
					</edgeMap>
					<edgeMap>
					<xCoord>327</xCoord>
					<yCoord>386</yCoord>
					</edgeMap>
					<edgeMap>
					<xCoord>328</xCoord>
					<yCoord>386</yCoord>
					</edgeMap>
					<edgeMap>
					<xCoord>329</xCoord>
					<yCoord>386</yCoord>
					</edgeMap>
					<edgeMap>
					<xCoord>330</xCoord>
					<yCoord>386</yCoord>
					</edgeMap>
					<edgeMap>
					<xCoord>331</xCoord>
					<yCoord>386</yCoord>
					</edgeMap>
					<edgeMap>
					<xCoord>331</xCoord>
					<yCoord>385</yCoord>
					</edgeMap>
					<edgeMap>
					<xCoord>331</xCoord>
					<yCoord>384</yCoord>
					</edgeMap>
					<edgeMap>
					<xCoord>331</xCoord>
					<yCoord>383</yCoord>
					</edgeMap>
					<edgeMap>
					<xCoord>331</xCoord>
					<yCoord>382</yCoord>
					</edgeMap>
					<edgeMap>
					<xCoord>330</xCoord>
					<yCoord>381</yCoord>
					</edgeMap>
					<edgeMap>
					<xCoord>330</xCoord>
					<yCoord>380</yCoord>
					</edgeMap>
					<edgeMap>
					<xCoord>329</xCoord>
					<yCoord>380</yCoord>
					</edgeMap>
					<edgeMap>
					<xCoord>328</xCoord>
					<yCoord>380</yCoord>
					</edgeMap>
					<edgeMap>
					<xCoord>327</xCoord>
					<yCoord>380</yCoord>
					</edgeMap>
					<edgeMap>
					<xCoord>326</xCoord>
					<yCoord>379</yCoord>
					</edgeMap>
					<edgeMap>
					<xCoord>325</xCoord>
					<yCoord>378</yCoord>
					</edgeMap>
					<edgeMap>
					<xCoord>324</xCoord>
					<yCoord>378</yCoord>
					</edgeMap>
				</roi>
			</unblindedReadNodule>
			<unblindedReadNodule>
				<noduleID>1</noduleID>
				<roi>
					<imageZposition>-153.330002</imageZposition>
					<imageSOP_UID>1.3.6.1.4.1.14519.5.2.1.6279.6001.321906360311765217192729915181</imageSOP_UID>
					<inclusion>TRUE</inclusion>
					<edgeMap>
					<xCoord>366</xCoord>
					<yCoord>392</yCoord>
					</edgeMap>
				</roi>
			</unblindedReadNodule>
			<unblindedReadNodule>
				<noduleID>3</noduleID>
				<roi>
					<imageZposition>-60.830002</imageZposition>
					<imageSOP_UID>1.3.6.1.4.1.14519.5.2.1.6279.6001.144347248797591428917337697955</imageSOP_UID>
					<inclusion>TRUE</inclusion>
					<edgeMap>
					<xCoord>211</xCoord>
					<yCoord>308</yCoord>
					</edgeMap>
				</roi>
			</unblindedReadNodule>
			<nonNodule>
				<nonNoduleID>2</nonNoduleID>
				<imageZposition>-195.830002</imageZposition>
				<imageSOP_UID>1.3.6.1.4.1.14519.5.2.1.6279.6001.144152080673819409804941658903</imageSOP_UID>
				<locus>
					<xCoord>119</xCoord>
					<yCoord>360</yCoord>
				</locus>
			</nonNodule>
			<nonNodule>
				<nonNoduleID>4</nonNoduleID>
				<imageZposition>-98.330002</imageZposition>
				<imageSOP_UID>1.3.6.1.4.1.14519.5.2.1.6279.6001.276510521741860354277968386678</imageSOP_UID>
				<locus>
					<xCoord>397</xCoord>
					<yCoord>217</yCoord>
				</locus>
			</nonNodule>
	</readingSession>
</LidcReadMessage>