<?xml version="1.0" encoding="UTF-8"?>
<LidcReadMessage uid="1.3.6.1.4.1.14519.5.2.1.6279.6001.1307390751851.0" xmlns="http://www.nih.gov" xmlns:xsi="http://www.w3.org/2001/XMLSchema-instance" xsi:schemaLocation="http://www.nih.gov  http://troll.rad.med.umich.edu/lidc/LidcReadMessage.xsd">
<ResponseHeader>
<Version>1.8.1</Version>
<MessageId>659521805</MessageId>
<DateRequest>2008-04-25</DateRequest>
<TimeRequest>09:13:19</TimeRequest>
<RequestingSite>removed</RequestingSite>
<ServicingSite>removed</ServicingSite>
<TaskDescription>Second unblinded read</TaskDescription>
<CtImageFile>removed</CtImageFile>
<SeriesInstanceUid>1.3.6.1.4.1.14519.5.2.1.6279.6001.204287915902811325371247860532</SeriesInstanceUid>
<DateService>2009-04-10</DateService>
<TimeService>07:41:08</TimeService>
<ResponseDescription>1 - Reading complete</ResponseDescription>
<StudyInstanceUID>1.3.6.1.4.1.14519.5.2.1.6279.6001.134300369034461601145053122049</StudyInstanceUID></ResponseHeader>
<readingSession>
    <annotationVersion>3.12</annotationVersion>
    <servicingRadiologistID>369931373</servicingRadiologistID>
    <unblindedReadNodule>
      <noduleID>Nodule 002</noduleID>
      <characteristics>
        <subtlety>3</subtlety>
        <internalStructure>1</internalStructure>
        <calcification>6</calcification>
        <sphericity>4</sphericity>
        <margin>5</margin>
        <lobulation>1</lobulation>
        <spiculation>1</spiculation>
        <texture>5</texture>
        <malignancy>3</malignancy>
      </characteristics>
      <roi>
        <imageZposition>-129.000000 </imageZposition>
        <imageSOP_UID>1.3.6.1.4.1.14519.5.2.1.6279.6001.323077143642048294273984425348</imageSOP_UID>
        <inclusion>TRUE</inclusion>
        <edgeMap>
          <xCoord>342</xCoord>
          <yCoord>347</yCoord>
        </edgeMap>
        <edgeMap>
          <xCoord>341</xCoord>
          <yCoord>348</yCoord>
        </edgeMap>
        <edgeMap>
          <xCoord>340</xCoord>
          <yCoord>349</yCoord>
        </edgeMap>
        <edgeMap>
          <xCoord>341</xCoord>
          <yCoord>350</yCoord>
        </edgeMap>
        <edgeMap>
          <xCoord>341</xCoord>
          <yCoord>351</yCoord>
        </edgeMap>
        <edgeMap>
          <xCoord>341</xCoord>
          <yCoord>352</yCoord>
        </edgeMap>
        <edgeMap>
          <xCoord>341</xCoord>
          <yCoord>353</yCoord>
        </edgeMap>
        <edgeMap>
          <xCoord>342</xCoord>
          <yCoord>354</yCoord>
        </edgeMap>
        <edgeMap>
          <xCoord>343</xCoord>
          <yCoord>355</yCoord>
        </edgeMap>
        <edgeMap>
          <xCoord>344</xCoord>
          <yCoord>355</yCoord>
        </edgeMap>
        <edgeMap>
          <xCoord>345</xCoord>
          <yCoord>355</yCoord>
        </edgeMap>
        <edgeMap>
          <xCoord>346</xCoord>
          <yCoord>354</yCoord>
        </edgeMap>
        <edgeMap>
          <xCoord>347</xCoord>
          <yCoord>353</yCoord>
        </edgeMap>
        <edgeMap>
          <xCoord>347</xCoord>
          <yCoord>352</yCoord>
        </edgeMap>
        <edgeMap>
          <xCoord>346</xCoord>
          <yCoord>351</yCoord>
        </edgeMap>
        <edgeMap>
          <xCoord>346</xCoord>
          <yCoord>350</yCoord>
        </edgeMap>
        <edgeMap>
          <xCoord>345</xCoord>
          <yCoord>349</yCoord>
        </edgeMap>
        <edgeMap>
          <xCoord>345</xCoord>
          <yCoord>348</yCoord>
        </edgeMap>
        <edgeMap>
          <xCoord>344</xCoord>
          <yCoord>347</yCoord>
        </edgeMap>
        <edgeMap>
          <xCoord>343</xCoord>
          <yCoord>347</yCoord>
        </edgeMap>
        <edgeMap>
          <xCoord>342</xCoord>
          <yCoord>347</yCoord>
        </edgeMap>
      </roi>
      <roi>
        <imageZposition>-127.750000 </imageZposition>
        <imageSOP_UID>1.3.6.1.4.1.14519.5.2.1.6279.6001.230384518495432514950773217752</imageSOP_UID>
        <inclusion>TRUE</inclusion>
        <edgeMap>
          <xCoord>341</xCoord>
          <yCoord>348</yCoord>
        </edgeMap>
        <edgeMap>
          <xCoord>340</xCoord>
          <yCoord>349</yCoord>
        </edgeMap>
        <edgeMap>
          <xCoord>340</xCoord>
          <yCoord>350</yCoord>
        </edgeMap>
        <edgeMap>
          <xCoord>340</xCoord>
          <yCoord>351</yCoord>
        </edgeMap>
        <edgeMap>
          <xCoord>340</xCoord>
          <yCoord>352</yCoord>
        </edgeMap>
        <edgeMap>
          <xCoord>340</xCoord>
          <yCoord>353</yCoord>
        </edgeMap>
        <edgeMap>
          <xCoord>340</xCoord>
          <yCoord>354</yCoord>
        </edgeMap>
        <edgeMap>
          <xCoord>341</xCoord>
          <yCoord>355</yCoord>
        </edgeMap>
        <edgeMap>
          <xCoord>342</xCoord>
          <yCoord>355</yCoord>
        </edgeMap>
        <edgeMap>
          <xCoord>343</xCoord>
          <yCoord>355</yCoord>
        </edgeMap>
        <edgeMap>
          <xCoord>344</xCoord>
          <yCoord>355</yCoord>
        </edgeMap>
        <edgeMap>
          <xCoord>345</xCoord>
          <yCoord>354</yCoord>
        </edgeMap>
        <edgeMap>
          <xCoord>346</xCoord>
          <yCoord>353</yCoord>
        </edgeMap>
        <edgeMap>
          <xCoord>347</xCoord>
          <yCoord>352</yCoord>
        </edgeMap>
        <edgeMap>
          <xCoord>347</xCoord>
          <yCoord>351</yCoord>
        </edgeMap>
        <edgeMap>
          <xCoord>346</xCoord>
          <yCoord>350</yCoord>
        </edgeMap>
        <edgeMap>
          <xCoord>346</xCoord>
          <yCoord>349</yCoord>
        </edgeMap>
        <edgeMap>
          <xCoord>345</xCoord>
          <yCoord>348</yCoord>
        </edgeMap>
        <edgeMap>
          <xCoord>344</xCoord>
          <yCoord>348</yCoord>
        </edgeMap>
        <edgeMap>
          <xCoord>343</xCoord>
          <yCoord>348</yCoord>
        </edgeMap>
        <edgeMap>
          <xCoord>342</xCoord>
          <yCoord>348</yCoord>
        </edgeMap>
        <edgeMap>
          <xCoord>341</xCoord>
          <yCoord>348</yCoord>
        </edgeMap>
      </roi>
      <roi>
        <imageZposition>-126.500000 </imageZposition>
        <imageSOP_UID>1.3.6.1.4.1.14519.5.2.1.6279.6001.147065716176002536998599987177</imageSOP_UID>
        <inclusion>TRUE</inclusion>
        <edgeMap>
          <xCoord>341</xCoord>
          <yCoord>349</yCoord>
        </edgeMap>
        <edgeMap>
          <xCoord>340</xCoord>
          <yCoord>350</yCoord>
        </edgeMap>
        <edgeMap>
          <xCoord>339</xCoord>
          <yCoord>351</yCoord>
        </edgeMap>
        <edgeMap>
          <xCoord>338</xCoord>
          <yCoord>352</yCoord>
        </edgeMap>
        <edgeMap>
          <xCoord>338</xCoord>
          <yCoord>353</yCoord>
        </edgeMap>
        <edgeMap>
          <xCoord>339</xCoord>
          <yCoord>354</yCoord>
        </edgeMap>
        <edgeMap>
          <xCoord>340</xCoord>
          <yCoord>355</yCoord>
        </edgeMap>
        <edgeMap>
          <xCoord>341</xCoord>
          <yCoord>355</yCoord>
        </edgeMap>
        <edgeMap>
          <xCoord>342</xCoord>
          <yCoord>355</yCoord>
        </edgeMap>
        <edgeMap>
          <xCoord>343</xCoord>
          <yCoord>355</yCoord>
        </edgeMap>
        <edgeMap>
          <xCoord>344</xCoord>
          <yCoord>354</yCoord>
        </edgeMap>
        <edgeMap>
          <xCoord>345</xCoord>
          <yCoord>354</yCoord>
        </edgeMap>
        <edgeMap>
          <xCoord>346</xCoord>
          <yCoord>353</yCoord>
        </edgeMap>
        <edgeMap>
          <xCoord>346</xCoord>
          <yCoord>352</yCoord>
        </edgeMap>
        <edgeMap>
          <xCoord>346</xCoord>
          <yCoord>351</yCoord>
        </edgeMap>
        <edgeMap>
          <xCoord>346</xCoord>
          <yCoord>350</yCoord>
        </edgeMap>
        <edgeMap>
          <xCoord>345</xCoord>
          <yCoord>349</yCoord>
        </edgeMap>
        <edgeMap>
          <xCoord>344</xCoord>
          <yCoord>349</yCoord>
        </edgeMap>
        <edgeMap>
          <xCoord>343</xCoord>
          <yCoord>349</yCoord>
        </edgeMap>
        <edgeMap>
          <xCoord>342</xCoord>
          <yCoord>349</yCoord>
        </edgeMap>
        <edgeMap>
          <xCoord>341</xCoord>
          <yCoord>349</yCoord>
        </edgeMap>
      </roi>
    </unblindedReadNodule>
    <unblindedReadNodule>
      <noduleID>Nodule 001</noduleID>
      <roi>
        <imageZposition>-70.250000</imageZposition>
        <imageSOP_UID>1.3.6.1.4.1.14519.5.2.1.6279.6001.188221677255260105487665545308</imageSOP_UID>
        <inclusion>TRUE</inclusion>
        <edgeMap>
          <xCoord>161</xCoord>
          <yCoord>298</yCoord>
        </edgeMap>
      </roi>
    </unblindedReadNodule>
    <nonNodule>
      <nonNoduleID>_Non-nodule 001</nonNoduleID>
      <imageZposition>-24.000000</imageZposition>
      <imageSOP_UID>1.3.6.1.4.1.14519.5.2.1.6279.6001.690321816324546729111635231211</imageSOP_UID>
      <locus>
        <xCoord>319</xCoord>
        <yCoord>298</yCoord>
      </locus>
    </nonNodule>
    <nonNodule>
      <nonNoduleID>_Non-nodule 002</nonNoduleID>
      <imageZposition>-22.750000</imageZposition>
      <imageSOP_UID>1.3.6.1.4.1.14519.5.2.1.6279.6001.274760312461992763191337299380</imageSOP_UID>
      <locus>
        <xCoord>210</xCoord>
        <yCoord>277</yCoord>
      </locus>
    </nonNodule>
  </readingSession>
<readingSession>
    <annotationVersion>3.12</annotationVersion>
    <servicingRadiologistID>-1218590163</servicingRadiologistID>
    <unblindedReadNodule>
      <noduleID>IL057_167427</noduleID>
      <characteristics>
        <subtlety>2</subtlety>
        <internalStructure>1</internalStructure>
        <calcification>6</calcification>
        <sphericity>5</sphericity>
        <margin>4</margin>
        <lobulation>1</lobulation>
        <spiculation>1</spiculation>
        <texture>5</texture>
        <malignancy>3</malignancy>
      </characteristics>
      <roi>
        <imageZposition>-210.25</imageZposition>
        <imageSOP_UID>1.3.6.1.4.1.14519.5.2.1.6279.6001.136741324691409697471874612028</imageSOP_UID>
        <inclusion>TRUE</inclusion>
        <edgeMap>
          <xCoord>313</xCoord>
          <yCoord>331</yCoord>
        </edgeMap>
        <edgeMap>
          <xCoord>314</xCoord>
          <yCoord>330</yCoord>
        </edgeMap>
        <edgeMap>
          <xCoord>314</xCoord>
          <yCoord>329</yCoord>
        </edgeMap>
        <edgeMap>
          <xCoord>314</xCoord>
          <yCoord>328</yCoord>
        </edgeMap>
        <edgeMap>
          <xCoord>314</xCoord>
          <yCoord>327</yCoord>
        </edgeMap>
        <edgeMap>
          <xCoord>314</xCoord>
          <yCoord>326</yCoord>
        </edgeMap>
        <edgeMap>
          <xCoord>314</xCoord>
          <yCoord>325</yCoord>
        </edgeMap>
        <edgeMap>
          <xCoord>313</xCoord>
          <yCoord>325</yCoord>
        </edgeMap>
        <edgeMap>
          <xCoord>312</xCoord>
          <yCoord>325</yCoord>
        </edgeMap>
        <edgeMap>
          <xCoord>311</xCoord>
          <yCoord>325</yCoord>
        </edgeMap>
        <edgeMap>
          <xCoord>310</xCoord>
          <yCoord>325</yCoord>
        </edgeMap>
        <edgeMap>
          <xCoord>309</xCoord>
          <yCoord>325</yCoord>
        </edgeMap>
        <edgeMap>
          <xCoord>308</xCoord>
          <yCoord>326</yCoord>
        </edgeMap>
        <edgeMap>
          <xCoord>308</xCoord>
          <yCoord>327</yCoord>
        </edgeMap>
        <edgeMap>
          <xCoord>307</xCoord>
          <yCoord>328</yCoord>
        </edgeMap>
        <edgeMap>
          <xCoord>307</xCoord>
          <yCoord>329</yCoord>
        </edgeMap>
        <edgeMap>
          <xCoord>308</xCoord>
          <yCoord>329</yCoord>
        </edgeMap>
        <edgeMap>
          <xCoord>309</xCoord>
          <yCoord>330</yCoord>
        </edgeMap>
        <edgeMap>
          <xCoord>310</xCoord>
          <yCoord>331</yCoord>
        </edgeMap>
        <edgeMap>
          <xCoord>311</xCoord>
          <yCoord>331</yCoord>
        </edgeMap>
        <edgeMap>
          <xCoord>312</xCoord>
          <yCoord>331</yCoord>
        </edgeMap>
        <edgeMap>
          <xCoord>313</xCoord>
          <yCoord>331</yCoord>
        </edgeMap>
      </roi>
      <roi>
        <imageZposition>-209.0</imageZposition>
        <imageSOP_UID>1.3.6.1.4.1.14519.5.2.1.6279.6001.836988534417912862409071184491</imageSOP_UID>
        <inclusion>TRUE</inclusion>
        <edgeMap>
          <xCoord>312</xCoord>
          <yCoord>332</yCoord>
        </edgeMap>
        <edgeMap>
          <xCoord>313</xCoord>
          <yCoord>331</yCoord>
        </edgeMap>
        <edgeMap>
          <xCoord>314</xCoord>
          <yCoord>331</yCoord>
        </edgeMap>
        <edgeMap>
          <xCoord>315</xCoord>
          <yCoord>330</yCoord>
        </edgeMap>
        <edgeMap>
          <xCoord>315</xCoord>
          <yCoord>329</yCoord>
        </edgeMap>
        <edgeMap>
          <xCoord>316</xCoord>
          <yCoord>328</yCoord>
        </edgeMap>
        <edgeMap>
          <xCoord>315</xCoord>
          <yCoord>327</yCoord>
        </edgeMap>
        <edgeMap>
          <xCoord>314</xCoord>
          <yCoord>326</yCoord>
        </edgeMap>
        <edgeMap>
          <xCoord>313</xCoord>
          <yCoord>325</yCoord>
        </edgeMap>
        <edgeMap>
          <xCoord>312</xCoord>
          <yCoord>324</yCoord>
        </edgeMap>
        <edgeMap>
          <xCoord>311</xCoord>
          <yCoord>325</yCoord>
        </edgeMap>
        <edgeMap>
          <xCoord>310</xCoord>
          <yCoord>325</yCoord>
        </edgeMap>
        <edgeMap>
          <xCoord>309</xCoord>
          <yCoord>326</yCoord>
        </edgeMap>
        <edgeMap>
          <xCoord>308</xCoord>
          <yCoord>327</yCoord>
        </edgeMap>
        <edgeMap>
          <xCoord>308</xCoord>
          <yCoord>328</yCoord>
        </edgeMap>
        <edgeMap>
          <xCoord>308</xCoord>
          <yCoord>329</yCoord>
        </edgeMap>
        <edgeMap>
          <xCoord>309</xCoord>
          <yCoord>330</yCoord>
        </edgeMap>
        <edgeMap>
          <xCoord>310</xCoord>
          <yCoord>331</yCoord>
        </edgeMap>
        <edgeMap>
          <xCoord>311</xCoord>
          <yCoord>332</yCoord>
        </edgeMap>
        <edgeMap>
          <xCoord>312</xCoord>
          <yCoord>332</yCoord>
        </edgeMap>
      </roi>
      <roi>
        <imageZposition>-207.75</imageZposition>
        <imageSOP_UID>1.3.6.1.4.1.14519.5.2.1.6279.6001.129171013664215732681237216936</imageSOP_UID>
        <inclusion>TRUE</inclusion>
        <edgeMap>
          <xCoord>313</xCoord>
          <yCoord>330</yCoord>
        </edgeMap>
        <edgeMap>
          <xCoord>314</xCoord>
          <yCoord>329</yCoord>
        </edgeMap>
        <edgeMap>
          <xCoord>314</xCoord>
          <yCoord>328</yCoord>
        </edgeMap>
        <edgeMap>
          <xCoord>314</xCoord>
          <yCoord>327</yCoord>
        </edgeMap>
        <edgeMap>
          <xCoord>313</xCoord>
          <yCoord>326</yCoord>
        </edgeMap>
        <edgeMap>
          <xCoord>312</xCoord>
          <yCoord>325</yCoord>
        </edgeMap>
        <edgeMap>
          <xCoord>311</xCoord>
          <yCoord>325</yCoord>
        </edgeMap>
        <edgeMap>
          <xCoord>310</xCoord>
          <yCoord>326</yCoord>
        </edgeMap>
        <edgeMap>
          <xCoord>309</xCoord>
          <yCoord>327</yCoord>
        </edgeMap>
        <edgeMap>
          <xCoord>309</xCoord>
          <yCoord>328</yCoord>
        </edgeMap>
        <edgeMap>
          <xCoord>309</xCoord>
          <yCoord>329</yCoord>
        </edgeMap>
        <edgeMap>
          <xCoord>310</xCoord>
          <yCoord>330</yCoord>
        </edgeMap>
        <edgeMap>
          <xCoord>311</xCoord>
          <yCoord>330</yCoord>
        </edgeMap>
        <edgeMap>
          <xCoord>312</xCoord>
          <yCoord>330</yCoord>
        </edgeMap>
        <edgeMap>
          <xCoord>313</xCoord>
          <yCoord>330</yCoord>
        </edgeMap>
      </roi>
    </unblindedReadNodule>
    <unblindedReadNodule>
      <noduleID>IL057_167424</noduleID>
      <characteristics>
        <subtlety>2</subtlety>
        <internalStructure>1</internalStructure>
        <calcification>6</calcification>
        <sphericity>4</sphericity>
        <margin>4</margin>
        <lobulation>1</lobulation>
        <spiculation>2</spiculation>
        <texture>5</texture>
        <malignancy>3</malignancy>
      </characteristics>
      <roi>
        <imageZposition>-131.5</imageZposition>
        <imageSOP_UID>1.3.6.1.4.1.14519.5.2.1.6279.6001.126697586150661255671151132376</imageSOP_UID>
        <inclusion>TRUE</inclusion>
        <edgeMap>
          <xCoord>341</xCoord>
          <yCoord>353</yCoord>
        </edgeMap>
        <edgeMap>
          <xCoord>342</xCoord>
          <yCoord>352</yCoord>
        </edgeMap>
        <edgeMap>
          <xCoord>341</xCoord>
          <yCoord>351</yCoord>
        </edgeMap>
        <edgeMap>
          <xCoord>340</xCoord>
          <yCoord>352</yCoord>
        </edgeMap>
        <edgeMap>
          <xCoord>341</xCoord>
          <yCoord>353</yCoord>
        </edgeMap>
      </roi>
      <roi>
        <imageZposition>-130.25</imageZposition>
        <imageSOP_UID>1.3.6.1.4.1.14519.5.2.1.6279.6001.165554229225210948359864130767</imageSOP_UID>
        <inclusion>TRUE</inclusion>
        <edgeMap>
          <xCoord>344</xCoord>
          <yCoord>352</yCoord>
        </edgeMap>
        <edgeMap>
          <xCoord>345</xCoord>
          <yCoord>351</yCoord>
        </edgeMap>
        <edgeMap>
          <xCoord>344</xCoord>
          <yCoord>350</yCoord>
        </edgeMap>
        <edgeMap>
          <xCoord>343</xCoord>
          <yCoord>350</yCoord>
        </edgeMap>
        <edgeMap>
          <xCoord>342</xCoord>
          <yCoord>351</yCoord>
        </edgeMap>
        <edgeMap>
          <xCoord>341</xCoord>
          <yCoord>350</yCoord>
        </edgeMap>
        <edgeMap>
          <xCoord>340</xCoord>
          <yCoord>351</yCoord>
        </edgeMap>
        <edgeMap>
          <xCoord>341</xCoord>
          <yCoord>352</yCoord>
        </edgeMap>
        <edgeMap>
          <xCoord>342</xCoord>
          <yCoord>351</yCoord>
        </edgeMap>
        <edgeMap>
          <xCoord>343</xCoord>
          <yCoord>352</yCoord>
        </edgeMap>
        <edgeMap>
          <xCoord>344</xCoord>
          <yCoord>352</yCoord>
        </edgeMap>
      </roi>
      <roi>
        <imageZposition>-129.0</imageZposition>
        <imageSOP_UID>1.3.6.1.4.1.14519.5.2.1.6279.6001.323077143642048294273984425348</imageSOP_UID>
        <inclusion>TRUE</inclusion>
        <edgeMap>
          <xCoord>344</xCoord>
          <yCoord>355</yCoord>
        </edgeMap>
        <edgeMap>
          <xCoord>345</xCoord>
          <yCoord>354</yCoord>
        </edgeMap>
        <edgeMap>
          <xCoord>346</xCoord>
          <yCoord>354</yCoord>
        </edgeMap>
        <edgeMap>
          <xCoord>347</xCoord>
          <yCoord>353</yCoord>
        </edgeMap>
        <edgeMap>
          <xCoord>347</xCoord>
          <yCoord>352</yCoord>
        </edgeMap>
        <edgeMap>
          <xCoord>347</xCoord>
          <yCoord>351</yCoord>
        </edgeMap>
        <edgeMap>
          <xCoord>347</xCoord>
          <yCoord>350</yCoord>
        </edgeMap>
        <edgeMap>
          <xCoord>346</xCoord>
          <yCoord>349</yCoord>
        </edgeMap>
        <edgeMap>
          <xCoord>345</xCoord>
          <yCoord>349</yCoord>
        </edgeMap>
        <edgeMap>
          <xCoord>344</xCoord>
          <yCoord>349</yCoord>
        </edgeMap>
        <edgeMap>
          <xCoord>343</xCoord>
          <yCoord>349</yCoord>
        </edgeMap>
        <edgeMap>
          <xCoord>342</xCoord>
          <yCoord>349</yCoord>
        </edgeMap>
        <edgeMap>
          <xCoord>341</xCoord>
          <yCoord>350</yCoord>
        </edgeMap>
        <edgeMap>
          <xCoord>340</xCoord>
          <yCoord>351</yCoord>
        </edgeMap>
        <edgeMap>
          <xCoord>341</xCoord>
          <yCoord>352</yCoord>
        </edgeMap>
        <edgeMap>
          <xCoord>342</xCoord>
          <yCoord>353</yCoord>
        </edgeMap>
        <edgeMap>
          <xCoord>343</xCoord>
          <yCoord>354</yCoord>
        </edgeMap>
        <edgeMap>
          <xCoord>344</xCoord>
          <yCoord>355</yCoord>
        </edgeMap>
      </roi>
      <roi>
        <imageZposition>-127.75</imageZposition>
        <imageSOP_UID>1.3.6.1.4.1.14519.5.2.1.6279.6001.230384518495432514950773217752</imageSOP_UID>
        <inclusion>TRUE</inclusion>
        <edgeMap>
          <xCoord>345</xCoord>
          <yCoord>356</yCoord>
        </edgeMap>
        <edgeMap>
          <xCoord>346</xCoord>
          <yCoord>355</yCoord>
        </edgeMap>
        <edgeMap>
          <xCoord>346</xCoord>
          <yCoord>354</yCoord>
        </edgeMap>
        <edgeMap>
          <xCoord>347</xCoord>
          <yCoord>353</yCoord>
        </edgeMap>
        <edgeMap>
          <xCoord>348</xCoord>
          <yCoord>352</yCoord>
        </edgeMap>
        <edgeMap>
          <xCoord>348</xCoord>
          <yCoord>351</yCoord>
        </edgeMap>
        <edgeMap>
          <xCoord>348</xCoord>
          <yCoord>350</yCoord>
        </edgeMap>
        <edgeMap>
          <xCoord>347</xCoord>
          <yCoord>349</yCoord>
        </edgeMap>
        <edgeMap>
          <xCoord>346</xCoord>
          <yCoord>349</yCoord>
        </edgeMap>
        <edgeMap>
          <xCoord>345</xCoord>
          <yCoord>348</yCoord>
        </edgeMap>
        <edgeMap>
          <xCoord>344</xCoord>
          <yCoord>348</yCoord>
        </edgeMap>
        <edgeMap>
          <xCoord>343</xCoord>
          <yCoord>348</yCoord>
        </edgeMap>
        <edgeMap>
          <xCoord>342</xCoord>
          <yCoord>349</yCoord>
        </edgeMap>
        <edgeMap>
          <xCoord>341</xCoord>
          <yCoord>349</yCoord>
        </edgeMap>
        <edgeMap>
          <xCoord>340</xCoord>
          <yCoord>349</yCoord>
        </edgeMap>
        <edgeMap>
          <xCoord>339</xCoord>
          <yCoord>350</yCoord>
        </edgeMap>
        <edgeMap>
          <xCoord>340</xCoord>
          <yCoord>351</yCoord>
        </edgeMap>
        <edgeMap>
          <xCoord>341</xCoord>
          <yCoord>352</yCoord>
        </edgeMap>
        <edgeMap>
          <xCoord>341</xCoord>
          <yCoord>353</yCoord>
        </edgeMap>
        <edgeMap>
          <xCoord>342</xCoord>
          <yCoord>354</yCoord>
        </edgeMap>
        <edgeMap>
          <xCoord>342</xCoord>
          <yCoord>355</yCoord>
        </edgeMap>
        <edgeMap>
          <xCoord>343</xCoord>
          <yCoord>356</yCoord>
        </edgeMap>
        <edgeMap>
          <xCoord>344</xCoord>
          <yCoord>356</yCoord>
        </edgeMap>
        <edgeMap>
          <xCoord>345</xCoord>
          <yCoord>356</yCoord>
        </edgeMap>
      </roi>
      <roi>
        <imageZposition>-126.5</imageZposition>
        <imageSOP_UID>1.3.6.1.4.1.14519.5.2.1.6279.6001.147065716176002536998599987177</imageSOP_UID>
        <inclusion>TRUE</inclusion>
        <edgeMap>
          <xCoord>344</xCoord>
          <yCoord>355</yCoord>
        </edgeMap>
        <edgeMap>
          <xCoord>345</xCoord>
          <yCoord>354</yCoord>
        </edgeMap>
        <edgeMap>
          <xCoord>346</xCoord>
          <yCoord>353</yCoord>
        </edgeMap>
        <edgeMap>
          <xCoord>347</xCoord>
          <yCoord>352</yCoord>
        </edgeMap>
        <edgeMap>
          <xCoord>346</xCoord>
          <yCoord>351</yCoord>
        </edgeMap>
        <edgeMap>
          <xCoord>345</xCoord>
          <yCoord>350</yCoord>
        </edgeMap>
        <edgeMap>
          <xCoord>344</xCoord>
          <yCoord>349</yCoord>
        </edgeMap>
        <edgeMap>
          <xCoord>343</xCoord>
          <yCoord>349</yCoord>
        </edgeMap>
        <edgeMap>
          <xCoord>342</xCoord>
          <yCoord>349</yCoord>
        </edgeMap>
        <edgeMap>
          <xCoord>341</xCoord>
          <yCoord>349</yCoord>
        </edgeMap>
        <edgeMap>
          <xCoord>340</xCoord>
          <yCoord>350</yCoord>
        </edgeMap>
        <edgeMap>
          <xCoord>339</xCoord>
          <yCoord>351</yCoord>
        </edgeMap>
        <edgeMap>
          <xCoord>340</xCoord>
          <yCoord>352</yCoord>
        </edgeMap>
        <edgeMap>
          <xCoord>341</xCoord>
          <yCoord>353</yCoord>
        </edgeMap>
        <edgeMap>
          <xCoord>342</xCoord>
          <yCoord>354</yCoord>
        </edgeMap>
        <edgeMap>
          <xCoord>343</xCoord>
          <yCoord>355</yCoord>
        </edgeMap>
        <edgeMap>
          <xCoord>344</xCoord>
          <yCoord>355</yCoord>
        </edgeMap>
      </roi>
    </unblindedReadNodule>
    <unblindedReadNodule>
      <noduleID>IL057_167429</noduleID>
      <roi>
        <imageZposition>-70.25</imageZposition>
        <imageSOP_UID>1.3.6.1.4.1.14519.5.2.1.6279.6001.188221677255260105487665545308</imageSOP_UID>
        <inclusion>TRUE</inclusion>
        <edgeMap>
          <xCoord>161</xCoord>
          <yCoord>298</yCoord>
        </edgeMap>
      </roi>
    </unblindedReadNodule>
    <nonNodule>
      <nonNoduleID>IL057_167430</nonNoduleID>
      <imageZposition>-27.75</imageZposition>
      <imageSOP_UID>1.3.6.1.4.1.14519.5.2.1.6279.6001.314463764034228385464011194357</imageSOP_UID>
      <locus>
        <xCoord>193</xCoord>
        <yCoord>285</yCoord>
      </locus>
    </nonNodule>
  </readingSession>
<readingSession>
<annotationVersion>3.12</annotationVersion>
<servicingRadiologistID>-1825951622</servicingRadiologistID>
<unblindedReadNodule>
<noduleID>MI014_17725</noduleID>
<characteristics>
<subtlety>2</subtlety>
<internalStructure>1</internalStructure>
<calcification>6</calcification>
<sphericity>5</sphericity>
<margin>4</margin>
<lobulation>1</lobulation>
<spiculation>2</spiculation>
<texture>5</texture>
<malignancy>3</malignancy>
</characteristics>
<roi>
<imageZposition>-130.25</imageZposition>
<imageSOP_UID>1.3.6.1.4.1.14519.5.2.1.6279.6001.165554229225210948359864130767</imageSOP_UID>
<inclusion>TRUE</inclusion>
<edgeMap>
<xCoord>345</xCoord>
<yCoord>353</yCoord>
</edgeMap>
<edgeMap>
<xCoord>346</xCoord>
<yCoord>352</yCoord>
</edgeMap>
<edgeMap>
<xCoord>346</xCoord>
<yCoord>351</yCoord>
</edgeMap>
<edgeMap>
<xCoord>346</xCoord>
<yCoord>350</yCoord>
</edgeMap>
<edgeMap>
<xCoord>346</xCoord>
<yCoord>349</yCoord>
</edgeMap>
<edgeMap>
<xCoord>345</xCoord>
<yCoord>348</yCoord>
</edgeMap>
<edgeMap>
<xCoord>344</xCoord>
<yCoord>348</yCoord>
</edgeMap>
<edgeMap>
<xCoord>343</xCoord>
<yCoord>349</yCoord>
</edgeMap>
<edgeMap>
<xCoord>343</xCoord>
<yCoord>350</yCoord>
</edgeMap>
<edgeMap>
<xCoord>343</xCoord>
<yCoord>351</yCoord>
</edgeMap>
<edgeMap>
<xCoord>343</xCoord>
<yCoord>352</yCoord>
</edgeMap>
<edgeMap>
<xCoord>343</xCoord>
<yCoord>353</yCoord>
</edgeMap>
<edgeMap>
<xCoord>344</xCoord>
<yCoord>353</yCoord>
</edgeMap>
<edgeMap>
<xCoord>345</xCoord>
<yCoord>353</yCoord>
</edgeMap>
</roi>
<roi>
<imageZposition>-129.0</imageZposition>
<imageSOP_UID>1.3.6.1.4.1.14519.5.2.1.6279.6001.323077143642048294273984425348</imageSOP_UID>
<inclusion>TRUE</inclusion>
<edgeMap>
<xCoord>347</xCoord>
<yCoord>355</yCoord>
</edgeMap>
<edgeMap>
<xCoord>348</xCoord>
<yCoord>354</yCoord>
</edgeMap>
<edgeMap>
<xCoord>348</xCoord>
<yCoord>353</yCoord>
</edgeMap>
<edgeMap>
<xCoord>348</xCoord>
<yCoord>352</yCoord>
</edgeMap>
<edgeMap>
<xCoord>348</xCoord>
<yCoord>351</yCoord>
</edgeMap>
<edgeMap>
<xCoord>348</xCoord>
<yCoord>350</yCoord>
</edgeMap>
<edgeMap>
<xCoord>347</xCoord>
<yCoord>349</yCoord>
</edgeMap>
<edgeMap>
<xCoord>346</xCoord>
<yCoord>348</yCoord>
</edgeMap>
<edgeMap>
<xCoord>345</xCoord>
<yCoord>348</yCoord>
</edgeMap>
<edgeMap>
<xCoord>344</xCoord>
<yCoord>348</yCoord>
</edgeMap>
<edgeMap>
<xCoord>343</xCoord>
<yCoord>348</yCoord>
</edgeMap>
<edgeMap>
<xCoord>342</xCoord>
<yCoord>348</yCoord>
</edgeMap>
<edgeMap>
<xCoord>342</xCoord>
<yCoord>349</yCoord>
</edgeMap>
<edgeMap>
<xCoord>342</xCoord>
<yCoord>350</yCoord>
</edgeMap>
<edgeMap>
<xCoord>342</xCoord>
<yCoord>351</yCoord>
</edgeMap>
<edgeMap>
<xCoord>342</xCoord>
<yCoord>352</yCoord>
</edgeMap>
<edgeMap>
<xCoord>342</xCoord>
<yCoord>353</yCoord>
</edgeMap>
<edgeMap>
<xCoord>342</xCoord>
<yCoord>354</yCoord>
</edgeMap>
<edgeMap>
<xCoord>342</xCoord>
<yCoord>355</yCoord>
</edgeMap>
<edgeMap>
<xCoord>343</xCoord>
<yCoord>355</yCoord>
</edgeMap>
<edgeMap>
<xCoord>344</xCoord>
<yCoord>355</yCoord>
</edgeMap>
<edgeMap>
<xCoord>345</xCoord>
<yCoord>355</yCoord>
</edgeMap>
<edgeMap>
<xCoord>346</xCoord>
<yCoord>355</yCoord>
</edgeMap>
<edgeMap>
<xCoord>347</xCoord>
<yCoord>355</yCoord>
</edgeMap>
</roi>
<roi>
<imageZposition>-127.75</imageZposition>
<imageSOP_UID>1.3.6.1.4.1.14519.5.2.1.6279.6001.230384518495432514950773217752</imageSOP_UID>
<inclusion>TRUE</inclusion>
<edgeMap>
<xCoord>345</xCoord>
<yCoord>356</yCoord>
</edgeMap>
<edgeMap>
<xCoord>346</xCoord>
<yCoord>355</yCoord>
</edgeMap>
<edgeMap>
<xCoord>347</xCoord>
<yCoord>355</yCoord>
</edgeMap>
<edgeMap>
<xCoord>348</xCoord>
<yCoord>354</yCoord>
</edgeMap>
<edgeMap>
<xCoord>348</xCoord>
<yCoord>353</yCoord>
</edgeMap>
<edgeMap>
<xCoord>348</xCoord>
<yCoord>352</yCoord>
</edgeMap>
<edgeMap>
<xCoord>348</xCoord>
<yCoord>351</yCoord>
</edgeMap>
<edgeMap>
<xCoord>347</xCoord>
<yCoord>350</yCoord>
</edgeMap>
<edgeMap>
<xCoord>347</xCoord>
<yCoord>349</yCoord>
</edgeMap>
<edgeMap>
<xCoord>346</xCoord>
<yCoord>348</yCoord>
</edgeMap>
<edgeMap>
<xCoord>345</xCoord>
<yCoord>348</yCoord>
</edgeMap>
<edgeMap>
<xCoord>344</xCoord>
<yCoord>347</yCoord>
</edgeMap>
<edgeMap>
<xCoord>343</xCoord>
<yCoord>347</yCoord>
</edgeMap>
<edgeMap>
<xCoord>342</xCoord>
<yCoord>348</yCoord>
</edgeMap>
<edgeMap>
<xCoord>341</xCoord>
<yCoord>349</yCoord>
</edgeMap>
<edgeMap>
<xCoord>341</xCoord>
<yCoord>350</yCoord>
</edgeMap>
<edgeMap>
<xCoord>341</xCoord>
<yCoord>351</yCoord>
</edgeMap>
<edgeMap>
<xCoord>341</xCoord>
<yCoord>352</yCoord>
</edgeMap>
<edgeMap>
<xCoord>341</xCoord>
<yCoord>353</yCoord>
</edgeMap>
<edgeMap>
<xCoord>341</xCoord>
<yCoord>354</yCoord>
</edgeMap>
<edgeMap>
<xCoord>341</xCoord>
<yCoord>355</yCoord>
</edgeMap>
<edgeMap>
<xCoord>342</xCoord>
<yCoord>356</yCoord>
</edgeMap>
<edgeMap>
<xCoord>343</xCoord>
<yCoord>356</yCoord>
</edgeMap>
<edgeMap>
<xCoord>344</xCoord>
<yCoord>356</yCoord>
</edgeMap>
<edgeMap>
<xCoord>345</xCoord>
<yCoord>356</yCoord>
</edgeMap>
</roi>
<roi>
<imageZposition>-126.5</imageZposition>
<imageSOP_UID>1.3.6.1.4.1.14519.5.2.1.6279.6001.147065716176002536998599987177</imageSOP_UID>
<inclusion>TRUE</inclusion>
<edgeMap>
<xCoord>344</xCoord>
<yCoord>355</yCoord>
</edgeMap>
<edgeMap>
<xCoord>345</xCoord>
<yCoord>354</yCoord>
</edgeMap>
<edgeMap>
<xCoord>346</xCoord>
<yCoord>354</yCoord>
</edgeMap>
<edgeMap>
<xCoord>347</xCoord>
<yCoord>354</yCoord>
</edgeMap>
<edgeMap>
<xCoord>347</xCoord>
<yCoord>353</yCoord>
</edgeMap>
<edgeMap>
<xCoord>347</xCoord>
<yCoord>352</yCoord>
</edgeMap>
<edgeMap>
<xCoord>347</xCoord>
<yCoord>351</yCoord>
</edgeMap>
<edgeMap>
<xCoord>346</xCoord>
<yCoord>350</yCoord>
</edgeMap>
<edgeMap>
<xCoord>346</xCoord>
<yCoord>349</yCoord>
</edgeMap>
<edgeMap>
<xCoord>345</xCoord>
<yCoord>348</yCoord>
</edgeMap>
<edgeMap>
<xCoord>344</xCoord>
<yCoord>348</yCoord>
</edgeMap>
<edgeMap>
<xCoord>343</xCoord>
<yCoord>348</yCoord>
</edgeMap>
<edgeMap>
<xCoord>342</xCoord>
<yCoord>348</yCoord>
</edgeMap>
<edgeMap>
<xCoord>341</xCoord>
<yCoord>348</yCoord>
</edgeMap>
<edgeMap>
<xCoord>341</xCoord>
<yCoord>349</yCoord>
</edgeMap>
<edgeMap>
<xCoord>341</xCoord>
<yCoord>350</yCoord>
</edgeMap>
<edgeMap>
<xCoord>341</xCoord>
<yCoord>351</yCoord>
</edgeMap>
<edgeMap>
<xCoord>341</xCoord>
<yCoord>352</yCoord>
</edgeMap>
<edgeMap>
<xCoord>341</xCoord>
<yCoord>353</yCoord>
</edgeMap>
<edgeMap>
<xCoord>341</xCoord>
<yCoord>354</yCoord>
</edgeMap>
<edgeMap>
<xCoord>342</xCoord>
<yCoord>355</yCoord>
</edgeMap>
<edgeMap>
<xCoord>343</xCoord>
<yCoord>355</yCoord>
</edgeMap>
<edgeMap>
<xCoord>344</xCoord>
<yCoord>355</yCoord>
</edgeMap>
</roi>
</unblindedReadNodule>
<unblindedReadNodule>
<noduleID>MI014_17740</noduleID>
<characteristics>
<subtlety>1</subtlety>
<internalStructure>1</internalStructure>
<calcification>6</calcification>
<sphericity>5</sphericity>
<margin>4</margin>
<lobulation>1</lobulation>
<spiculation>1</spiculation>
<texture>5</texture>
<malignancy>3</malignancy>
</characteristics>
<roi>
<imageZposition>-210.25</imageZposition>
<imageSOP_UID>1.3.6.1.4.1.14519.5.2.1.6279.6001.136741324691409697471874612028</imageSOP_UID>
<inclusion>TRUE</inclusion>
<edgeMap>
<xCoord>314</xCoord>
<yCoord>332</yCoord>
</edgeMap>
<edgeMap>
<xCoord>314</xCoord>
<yCoord>331</yCoord>
</edgeMap>
<edgeMap>
<xCoord>315</xCoord>
<yCoord>330</yCoord>
</edgeMap>
<edgeMap>
<xCoord>315</xCoord>
<yCoord>329</yCoord>
</edgeMap>
<edgeMap>
<xCoord>315</xCoord>
<yCoord>328</yCoord>
</edgeMap>
<edgeMap>
<xCoord>315</xCoord>
<yCoord>327</yCoord>
</edgeMap>
<edgeMap>
<xCoord>314</xCoord>
<yCoord>326</yCoord>
</edgeMap>
<edgeMap>
<xCoord>314</xCoord>
<yCoord>325</yCoord>
</edgeMap>
<edgeMap>
<xCoord>313</xCoord>
<yCoord>324</yCoord>
</edgeMap>
<edgeMap>
<xCoord>312</xCoord>
<yCoord>324</yCoord>
</edgeMap>
<edgeMap>
<xCoord>311</xCoord>
<yCoord>324</yCoord>
</edgeMap>
<edgeMap>
<xCoord>310</xCoord>
<yCoord>324</yCoord>
</edgeMap>
<edgeMap>
<xCoord>309</xCoord>
<yCoord>325</yCoord>
</edgeMap>
<edgeMap>
<xCoord>308</xCoord>
<yCoord>325</yCoord>
</edgeMap>
<edgeMap>
<xCoord>307</xCoord>
<yCoord>326</yCoord>
</edgeMap>
<edgeMap>
<xCoord>307</xCoord>
<yCoord>327</yCoord>
</edgeMap>
<edgeMap>
<xCoord>307</xCoord>
<yCoord>328</yCoord>
</edgeMap>
<edgeMap>
<xCoord>307</xCoord>
<yCoord>329</yCoord>
</edgeMap>
<edgeMap>
<xCoord>307</xCoord>
<yCoord>330</yCoord>
</edgeMap>
<edgeMap>
<xCoord>308</xCoord>
<yCoord>330</yCoord>
</edgeMap>
<edgeMap>
<xCoord>309</xCoord>
<yCoord>331</yCoord>
</edgeMap>
<edgeMap>
<xCoord>310</xCoord>
<yCoord>332</yCoord>
</edgeMap>
<edgeMap>
<xCoord>311</xCoord>
<yCoord>332</yCoord>
</edgeMap>
<edgeMap>
<xCoord>312</xCoord>
<yCoord>332</yCoord>
</edgeMap>
<edgeMap>
<xCoord>313</xCoord>
<yCoord>332</yCoord>
</edgeMap>
<edgeMap>
<xCoord>314</xCoord>
<yCoord>332</yCoord>
</edgeMap>
</roi>
<roi>
<imageZposition>-209.0</imageZposition>
<imageSOP_UID>1.3.6.1.4.1.14519.5.2.1.6279.6001.836988534417912862409071184491</imageSOP_UID>
<inclusion>TRUE</inclusion>
<edgeMap>
<xCoord>313</xCoord>
<yCoord>332</yCoord>
</edgeMap>
<edgeMap>
<xCoord>314</xCoord>
<yCoord>331</yCoord>
</edgeMap>
<edgeMap>
<xCoord>315</xCoord>
<yCoord>330</yCoord>
</edgeMap>
<edgeMap>
<xCoord>316</xCoord>
<yCoord>329</yCoord>
</edgeMap>
<edgeMap>
<xCoord>316</xCoord>
<yCoord>328</yCoord>
</edgeMap>
<edgeMap>
<xCoord>316</xCoord>
<yCoord>327</yCoord>
</edgeMap>
<edgeMap>
<xCoord>315</xCoord>
<yCoord>326</yCoord>
</edgeMap>
<edgeMap>
<xCoord>314</xCoord>
<yCoord>325</yCoord>
</edgeMap>
<edgeMap>
<xCoord>313</xCoord>
<yCoord>324</yCoord>
</edgeMap>
<edgeMap>
<xCoord>312</xCoord>
<yCoord>324</yCoord>
</edgeMap>
<edgeMap>
<xCoord>311</xCoord>
<yCoord>324</yCoord>
</edgeMap>
<edgeMap>
<xCoord>310</xCoord>
<yCoord>324</yCoord>
</edgeMap>
<edgeMap>
<xCoord>309</xCoord>
<yCoord>325</yCoord>
</edgeMap>
<edgeMap>
<xCoord>308</xCoord>
<yCoord>326</yCoord>
</edgeMap>
<edgeMap>
<xCoord>307</xCoord>
<yCoord>327</yCoord>
</edgeMap>
<edgeMap>
<xCoord>307</xCoord>
<yCoord>328</yCoord>
</edgeMap>
<edgeMap>
<xCoord>307</xCoord>
<yCoord>329</yCoord>
</edgeMap>
<edgeMap>
<xCoord>308</xCoord>
<yCoord>330</yCoord>
</edgeMap>
<edgeMap>
<xCoord>309</xCoord>
<yCoord>331</yCoord>
</edgeMap>
<edgeMap>
<xCoord>310</xCoord>
<yCoord>332</yCoord>
</edgeMap>
<edgeMap>
<xCoord>311</xCoord>
<yCoord>332</yCoord>
</edgeMap>
<edgeMap>
<xCoord>312</xCoord>
<yCoord>332</yCoord>
</edgeMap>
<edgeMap>
<xCoord>313</xCoord>
<yCoord>332</yCoord>
</edgeMap>
</roi>
<roi>
<imageZposition>-207.75</imageZposition>
<imageSOP_UID>1.3.6.1.4.1.14519.5.2.1.6279.6001.129171013664215732681237216936</imageSOP_UID>
<inclusion>TRUE</inclusion>
<edgeMap>
<xCoord>313</xCoord>
<yCoord>331</yCoord>
</edgeMap>
<edgeMap>
<xCoord>314</xCoord>
<yCoord>330</yCoord>
</edgeMap>
<edgeMap>
<xCoord>315</xCoord>
<yCoord>329</yCoord>
</edgeMap>
<edgeMap>
<xCoord>315</xCoord>
<yCoord>328</yCoord>
</edgeMap>
<edgeMap>
<xCoord>314</xCoord>
<yCoord>327</yCoord>
</edgeMap>
<edgeMap>
<xCoord>314</xCoord>
<yCoord>326</yCoord>
</edgeMap>
<edgeMap>
<xCoord>313</xCoord>
<yCoord>325</yCoord>
</edgeMap>
<edgeMap>
<xCoord>312</xCoord>
<yCoord>325</yCoord>
</edgeMap>
<edgeMap>
<xCoord>311</xCoord>
<yCoord>325</yCoord>
</edgeMap>
<edgeMap>
<xCoord>310</xCoord>
<yCoord>326</yCoord>
</edgeMap>
<edgeMap>
<xCoord>309</xCoord>
<yCoord>327</yCoord>
</edgeMap>
<edgeMap>
<xCoord>309</xCoord>
<yCoord>328</yCoord>
</edgeMap>
<edgeMap>
<xCoord>309</xCoord>
<yCoord>329</yCoord>
</edgeMap>
<edgeMap>
<xCoord>310</xCoord>
<yCoord>330</yCoord>
</edgeMap>
<edgeMap>
<xCoord>311</xCoord>
<yCoord>331</yCoord>
</edgeMap>
<edgeMap>
<xCoord>312</xCoord>
<yCoord>331</yCoord>
</edgeMap>
<edgeMap>
<xCoord>313</xCoord>
<yCoord>331</yCoord>
</edgeMap>
</roi>
</unblindedReadNodule>
<nonNodule>
<nonNoduleID>MI014_17733</nonNoduleID>
<imageZposition>-22.75</imageZposition>
<imageSOP_UID>1.3.6.1.4.1.14519.5.2.1.6279.6001.274760312461992763191337299380</imageSOP_UID>
<locus>
<xCoord>211</xCoord>
<yCoord>276</yCoord>
</locus>
</nonNodule>
<nonNodule>
<nonNoduleID>MI014_17734</nonNoduleID>
<imageZposition>-135.25</imageZposition>
<imageSOP_UID>1.3.6.1.4.1.14519.5.2.1.6279.6001.130307080153392244628789321578</imageSOP_UID>
<locus>
<xCoord>347</xCoord>
<yCoord>351</yCoord>
</locus>
</nonNodule>
<nonNodule>
<nonNoduleID>MI014_17735</nonNoduleID>
<imageZposition>-135.25</imageZposition>
<imageSOP_UID>1.3.6.1.4.1.14519.5.2.1.6279.6001.130307080153392244628789321578</imageSOP_UID>
<locus>
<xCoord>170</xCoord>
<yCoord>338</yCoord>
</locus>
</nonNodule>
<nonNodule>
<nonNoduleID>MI014_17736</nonNoduleID>
<imageZposition>-24.0</imageZposition>
<imageSOP_UID>1.3.6.1.4.1.14519.5.2.1.6279.6001.690321816324546729111635231211</imageSOP_UID>
<locus>
<xCoord>318</xCoord>
<yCoord>298</yCoord>
</locus>
</nonNodule>
<nonNodule>
<nonNoduleID>MI014_17732</nonNoduleID>
<imageZposition>-27.75</imageZposition>
<imageSOP_UID>1.3.6.1.4.1.14519.5.2.1.6279.6001.314463764034228385464011194357</imageSOP_UID>
<locus>
<xCoord>193</xCoord>
<yCoord>285</yCoord>
</locus>
</nonNodule>
<nonNodule>
<nonNoduleID>MI014_17737</nonNoduleID>
<imageZposition>-132.75</imageZposition>
<imageSOP_UID>1.3.6.1.4.1.14519.5.2.1.6279.6001.293641478065600813678481670178</imageSOP_UID>
<locus>
<xCoord>349</xCoord>
<yCoord>350</yCoord>
</locus>
</nonNodule>
<nonNodule>
<nonNoduleID>MI014_17738</nonNoduleID>
<imageZposition>-100.25</imageZposition>
<imageSOP_UID>1.3.6.1.4.1.14519.5.2.1.6279.6001.190330058282532668691349895185</imageSOP_UID>
<locus>
<xCoord>321</xCoord>
<yCoord>349</yCoord>
</locus>
</nonNodule>
<nonNodule>
<nonNoduleID>MI014_17739</nonNoduleID>
<imageZposition>-25.25</imageZposition>
<imageSOP_UID>1.3.6.1.4.1.14519.5.2.1.6279.6001.312149746075741881691516963317</imageSOP_UID>
<locus>
<xCoord>200</xCoord>
<yCoord>286</yCoord>
</locus>
</nonNodule>
</readingSession>
<readingSession>
		<annotationVersion>3.12</annotationVersion>
		<servicingRadiologistID>-1619898067</servicingRadiologistID>
			<unblindedReadNodule>
				<noduleID>0</noduleID>
				<characteristics>
					<subtlety>3</subtlety>
					<internalStructure>1</internalStructure>
					<calcification>6</calcification>
					<sphericity>5</sphericity>
					<margin>5</margin>
					<lobulation>1</lobulation>
					<spiculation>1</spiculation>
					<texture>5</texture>
					<malignancy>2</malignancy>
				</characteristics>
				<roi>
					<imageZposition>-130.25</imageZposition>
					<imageSOP_UID>1.3.6.1.4.1.14519.5.2.1.6279.6001.165554229225210948359864130767</imageSOP_UID>
					<inclusion>TRUE</inclusion>
					<edgeMap>
					<xCoord>342</xCoord>
					<yCoord>351</yCoord>
					</edgeMap>
					<edgeMap>
					<xCoord>342</xCoord>
					<yCoord>350</yCoord>
					</edgeMap>
					<edgeMap>
					<xCoord>342</xCoord>
					<yCoord>349</yCoord>
					</edgeMap>
					<edgeMap>
					<xCoord>343</xCoord>
					<yCoord>348</yCoord>
					</edgeMap>
					<edgeMap>
					<xCoord>344</xCoord>
					<yCoord>348</yCoord>
					</edgeMap>
					<edgeMap>
					<xCoord>345</xCoord>
					<yCoord>349</yCoord>
					</edgeMap>
					<edgeMap>
					<xCoord>346</xCoord>
					<yCoord>349</yCoord>
					</edgeMap>
					<edgeMap>
					<xCoord>346</xCoord>
					<yCoord>350</yCoord>
					</edgeMap>
					<edgeMap>
					<xCoord>346</xCoord>
					<yCoord>351</yCoord>
					</edgeMap>
					<edgeMap>
					<xCoord>346</xCoord>
					<yCoord>352</yCoord>
					</edgeMap>
					<edgeMap>
					<xCoord>346</xCoord>
					<yCoord>353</yCoord>
					</edgeMap>
					<edgeMap>
					<xCoord>345</xCoord>
					<yCoord>353</yCoord>
					</edgeMap>
					<edgeMap>
					<xCoord>344</xCoord>
					<yCoord>353</yCoord>
					</edgeMap>
					<edgeMap>
					<xCoord>343</xCoord>
					<yCoord>353</yCoord>
					</edgeMap>
					<edgeMap>
					<xCoord>342</xCoord>
					<yCoord>352</yCoord>
					</edgeMap>
					<edgeMap>
					<xCoord>342</xCoord>
					<yCoord>351</yCoord>
					</edgeMap>
				</roi>
				<roi>
					<imageZposition>-129.0</imageZposition>
					<imageSOP_UID>1.3.6.1.4.1.14519.5.2.1.6279.6001.323077143642048294273984425348</imageSOP_UID>
					<inclusion>TRUE</inclusion>
					<edgeMap>
					<xCoord>340</xCoord>
					<yCoord>352</yCoord>
					</edgeMap>
					<edgeMap>
					<xCoord>341</xCoord>
					<yCoord>351</yCoord>
					</edgeMap>
					<edgeMap>
					<xCoord>341</xCoord>
					<yCoord>350</yCoord>
					</edgeMap>
					<edgeMap>
					<xCoord>341</xCoord>
					<yCoord>349</yCoord>
					</edgeMap>
					<edgeMap>
					<xCoord>341</xCoord>
					<yCoord>348</yCoord>
					</edgeMap>
					<edgeMap>
					<xCoord>342</xCoord>
					<yCoord>347</yCoord>
					</edgeMap>
					<edgeMap>
					<xCoord>343</xCoord>
					<yCoord>347</yCoord>
					</edgeMap>
					<edgeMap>
					<xCoord>344</xCoord>
					<yCoord>347</yCoord>
					</edgeMap>
					<edgeMap>
					<xCoord>345</xCoord>
					<yCoord>348</yCoord>
					</edgeMap>
					<edgeMap>
					<xCoord>346</xCoord>
					<yCoord>349</yCoord>
					</edgeMap>
					<edgeMap>
					<xCoord>346</xCoord>
					<yCoord>350</yCoord>
					</edgeMap>
					<edgeMap>
					<xCoord>347</xCoord>
					<yCoord>351</yCoord>
					</edgeMap>
					<edgeMap>
					<xCoord>347</xCoord>
					<yCoord>352</yCoord>
					</edgeMap>
					<edgeMap>
					<xCoord>347</xCoord>
					<yCoord>353</yCoord>
					</edgeMap>
					<edgeMap>
					<xCoord>346</xCoord>
					<yCoord>354</yCoord>
					</edgeMap>
					<edgeMap>
					<xCoord>346</xCoord>
					<yCoord>355</yCoord>
					</edgeMap>
					<edgeMap>
					<xCoord>345</xCoord>
					<yCoord>355</yCoord>
					</edgeMap>
					<edgeMap>
					<xCoord>344</xCoord>
					<yCoord>355</yCoord>
					</edgeMap>
					<edgeMap>
					<xCoord>343</xCoord>
					<yCoord>355</yCoord>
					</edgeMap>
					<edgeMap>
					<xCoord>342</xCoord>
					<yCoord>355</yCoord>
					</edgeMap>
					<edgeMap>
					<xCoord>342</xCoord>
					<yCoord>354</yCoord>
					</edgeMap>
					<edgeMap>
					<xCoord>341</xCoord>
					<yCoord>353</yCoord>
					</edgeMap>
					<edgeMap>
					<xCoord>341</xCoord>
					<yCoord>352</yCoord>
					</edgeMap>
					<edgeMap>
					<xCoord>340</xCoord>
					<yCoord>352</yCoord>
					</edgeMap>
				</roi>
				<roi>
					<imageZposition>-127.75</imageZposition>
					<imageSOP_UID>1.3.6.1.4.1.14519.5.2.1.6279.6001.230384518495432514950773217752</imageSOP_UID>
					<inclusion>TRUE</inclusion>
					<edgeMap>
					<xCoord>341</xCoord>
					<yCoord>355</yCoord>
					</edgeMap>
					<edgeMap>
					<xCoord>341</xCoord>
					<yCoord>354</yCoord>
					</edgeMap>
					<edgeMap>
					<xCoord>341</xCoord>
					<yCoord>353</yCoord>
					</edgeMap>
					<edgeMap>
					<xCoord>341</xCoord>
					<yCoord>352</yCoord>
					</edgeMap>
					<edgeMap>
					<xCoord>341</xCoord>
					<yCoord>351</yCoord>
					</edgeMap>
					<edgeMap>
					<xCoord>341</xCoord>
					<yCoord>350</yCoord>
					</edgeMap>
					<edgeMap>
					<xCoord>341</xCoord>
					<yCoord>349</yCoord>
					</edgeMap>
					<edgeMap>
					<xCoord>342</xCoord>
					<yCoord>349</yCoord>
					</edgeMap>
					<edgeMap>
					<xCoord>343</xCoord>
					<yCoord>348</yCoord>
					</edgeMap>
					<edgeMap>
					<xCoord>344</xCoord>
					<yCoord>348</yCoord>
					</edgeMap>
					<edgeMap>
					<xCoord>345</xCoord>
					<yCoord>348</yCoord>
					</edgeMap>
					<edgeMap>
					<xCoord>346</xCoord>
					<yCoord>348</yCoord>
					</edgeMap>
					<edgeMap>
					<xCoord>346</xCoord>
					<yCoord>349</yCoord>
					</edgeMap>
					<edgeMap>
					<xCoord>347</xCoord>
					<yCoord>350</yCoord>
					</edgeMap>
					<edgeMap>
					<xCoord>347</xCoord>
					<yCoord>351</yCoord>
					</edgeMap>
					<edgeMap>
					<xCoord>348</xCoord>
					<yCoord>351</yCoord>
					</edgeMap>
					<edgeMap>
					<xCoord>347</xCoord>
					<yCoord>352</yCoord>
					</edgeMap>
					<edgeMap>
					<xCoord>347</xCoord>
					<yCoord>353</yCoord>
					</edgeMap>
					<edgeMap>
					<xCoord>346</xCoord>
					<yCoord>354</yCoord>
					</edgeMap>
					<edgeMap>
					<xCoord>345</xCoord>
					<yCoord>355</yCoord>
					</edgeMap>
					<edgeMap>
					<xCoord>344</xCoord>
					<yCoord>356</yCoord>
					</edgeMap>
					<edgeMap>
					<xCoord>343</xCoord>
					<yCoord>356</yCoord>
					</edgeMap>
					<edgeMap>
					<xCoord>342</xCoord>
					<yCoord>356</yCoord>
					</edgeMap>
					<edgeMap>
					<xCoord>341</xCoord>
					<yCoord>355</yCoord>
					</edgeMap>
				</roi>
				<roi>
					<imageZposition>-126.5</imageZposition>
					<imageSOP_UID>1.3.6.1.4.1.14519.5.2.1.6279.6001.147065716176002536998599987177</imageSOP_UID>
					<inclusion>TRUE</inclusion>
					<edgeMap>
					<xCoord>341</xCoord>
					<yCoord>354</yCoord>
					</edgeMap>
					<edgeMap>
					<xCoord>341</xCoord>
					<yCoord>353</yCoord>
					</edgeMap>
					<edgeMap>
					<xCoord>341</xCoord>
					<yCoord>352</yCoord>
					</edgeMap>
					<edgeMap>
					<xCoord>341</xCoord>
					<yCoord>351</yCoord>
					</edgeMap>
					<edgeMap>
					<xCoord>341</xCoord>
					<yCoord>350</yCoord>
					</edgeMap>
					<edgeMap>
					<xCoord>341</xCoord>
					<yCoord>349</yCoord>
					</edgeMap>
					<edgeMap>
					<xCoord>342</xCoord>
					<yCoord>348</yCoord>
					</edgeMap>
					<edgeMap>
					<xCoord>343</xCoord>
					<yCoord>348</yCoord>
					</edgeMap>
					<edgeMap>
					<xCoord>344</xCoord>
					<yCoord>348</yCoord>
					</edgeMap>
					<edgeMap>
					<xCoord>345</xCoord>
					<yCoord>349</yCoord>
					</edgeMap>
					<edgeMap>
					<xCoord>346</xCoord>
					<yCoord>350</yCoord>
					</edgeMap>
					<edgeMap>
					<xCoord>347</xCoord>
					<yCoord>351</yCoord>
					</edgeMap>
					<edgeMap>
					<xCoord>347</xCoord>
					<yCoord>352</yCoord>
					</edgeMap>
					<edgeMap>
					<xCoord>347</xCoord>
					<yCoord>353</yCoord>
					</edgeMap>
					<edgeMap>
					<xCoord>346</xCoord>
					<yCoord>354</yCoord>
					</edgeMap>
					<edgeMap>
					<xCoord>345</xCoord>
					<yCoord>355</yCoord>
					</edgeMap>
					<edgeMap>
					<xCoord>345</xCoord>
					<yCoord>356</yCoord>
					</edgeMap>
					<edgeMap>
					<xCoord>344</xCoord>
					<yCoord>356</yCoord>
					</edgeMap>
					<edgeMap>
					<xCoord>343</xCoord>
					<yCoord>355</yCoord>
					</edgeMap>
					<edgeMap>
					<xCoord>342</xCoord>
					<yCoord>355</yCoord>
					</edgeMap>
					<edgeMap>
					<xCoord>341</xCoord>
					<yCoord>354</yCoord>
					</edgeMap>
				</roi>
			</unblindedReadNodule>
			<unblindedReadNodule>
				<noduleID>3</noduleID>
				<roi>
					<imageZposition>-70.25</imageZposition>
					<imageSOP_UID>1.3.6.1.4.1.14519.5.2.1.6279.6001.188221677255260105487665545308</imageSOP_UID>
					<inclusion>TRUE</inclusion>
					<edgeMap>
					<xCoord>162</xCoord>
					<yCoord>299</yCoord>
					</edgeMap>
				</roi>
			</unblindedReadNodule>
			<unblindedReadNodule>
				<noduleID>4</noduleID>
				<characteristics>
					<subtlety>3</subtlety>
					<internalStructure>1</internalStructure>
					<calcification>6</calcification>
					<sphericity>5</sphericity>
					<margin>5</margin>
					<lobulation>1</lobulation>
					<spiculation>1</spiculation>
					<texture>5</texture>
					<malignancy>2</malignancy>
				</characteristics>
				<roi>
					<imageZposition>-210.25</imageZposition>
					<imageSOP_UID>1.3.6.1.4.1.14519.5.2.1.6279.6001.136741324691409697471874612028</imageSOP_UID>
					<inclusion>TRUE</inclusion>
					<edgeMap>
					<xCoord>308</xCoord>
					<yCoord>329</yCoord>
					</edgeMap>
					<edgeMap>
					<xCoord>308</xCoord>
					<yCoord>328</yCoord>
					</edgeMap>
					<edgeMap>
					<xCoord>308</xCoord>
					<yCoord>327</yCoord>
					</edgeMap>
					<edgeMap>
					<xCoord>308</xCoord>
					<yCoord>326</yCoord>
					</edgeMap>
					<edgeMap>
					<xCoord>308</xCoord>
					<yCoord>325</yCoord>
					</edgeMap>
					<edgeMap>
					<xCoord>309</xCoord>
					<yCoord>325</yCoord>
					</edgeMap>
					<edgeMap>
					<xCoord>310</xCoord>
					<yCoord>324</yCoord>
					</edgeMap>
					<edgeMap>
					<xCoord>311</xCoord>
					<yCoord>324</yCoord>
					</edgeMap>
					<edgeMap>
					<xCoord>312</xCoord>
					<yCoord>324</yCoord>
					</edgeMap>
					<edgeMap>
					<xCoord>313</xCoord>
					<yCoord>325</yCoord>
					</edgeMap>
					<edgeMap>
					<xCoord>313</xCoord>
					<yCoord>326</yCoord>
					</edgeMap>
					<edgeMap>
					<xCoord>314</xCoord>
					<yCoord>327</yCoord>
					</edgeMap>
					<edgeMap>
					<xCoord>314</xCoord>
					<yCoord>328</yCoord>
					</edgeMap>
					<edgeMap>
					<xCoord>314</xCoord>
					<yCoord>329</yCoord>
					</edgeMap>
					<edgeMap>
					<xCoord>314</xCoord>
					<yCoord>330</yCoord>
					</edgeMap>
					<edgeMap>
					<xCoord>314</xCoord>
					<yCoord>331</yCoord>
					</edgeMap>
					<edgeMap>
					<xCoord>313</xCoord>
					<yCoord>331</yCoord>
					</edgeMap>
					<edgeMap>
					<xCoord>312</xCoord>
					<yCoord>331</yCoord>
					</edgeMap>
					<edgeMap>
					<xCoord>311</xCoord>
					<yCoord>331</yCoord>
					</edgeMap>
					<edgeMap>
					<xCoord>310</xCoord>
					<yCoord>331</yCoord>
					</edgeMap>
					<edgeMap>
					<xCoord>309</xCoord>
					<yCoord>331</yCoord>
					</edgeMap>
					<edgeMap>
					<xCoord>308</xCoord>
					<yCoord>330</yCoord>
					</edgeMap>
					<edgeMap>
					<xCoord>308</xCoord>
					<yCoord>329</yCoord>
					</edgeMap>
				</roi>
				<roi>
					<imageZposition>-209.0</imageZposition>
					<imageSOP_UID>1.3.6.1.4.1.14519.5.2.1.6279.6001.836988534417912862409071184491</imageSOP_UID>
					<inclusion>TRUE</inclusion>
					<edgeMap>
					<xCoord>310</xCoord>
					<yCoord>331</yCoord>
					</edgeMap>
					<edgeMap>
					<xCoord>309</xCoord>
					<yCoord>330</yCoord>
					</edgeMap>
					<edgeMap>
					<xCoord>308</xCoord>
					<yCoord>329</yCoord>
					</edgeMap>
					<edgeMap>
					<xCoord>308</xCoord>
					<yCoord>328</yCoord>
					</edgeMap>
					<edgeMap>
					<xCoord>308</xCoord>
					<yCoord>327</yCoord>
					</edgeMap>
					<edgeMap>
					<xCoord>309</xCoord>
					<yCoord>326</yCoord>
					</edgeMap>
					<edgeMap>
					<xCoord>310</xCoord>
					<yCoord>325</yCoord>
					</edgeMap>
					<edgeMap>
					<xCoord>311</xCoord>
					<yCoord>325</yCoord>
					</edgeMap>
					<edgeMap>
					<xCoord>312</xCoord>
					<yCoord>325</yCoord>
					</edgeMap>
					<edgeMap>
					<xCoord>313</xCoord>
					<yCoord>326</yCoord>
					</edgeMap>
					<edgeMap>
					<xCoord>314</xCoord>
					<yCoord>326</yCoord>
					</edgeMap>
					<edgeMap>
					<xCoord>315</xCoord>
					<yCoord>327</yCoord>
					</edgeMap>
					<edgeMap>
					<xCoord>315</xCoord>
					<yCoord>328</yCoord>
					</edgeMap>
					<edgeMap>
					<xCoord>315</xCoord>
					<yCoord>329</yCoord>
					</edgeMap>
					<edgeMap>
					<xCoord>315</xCoord>
					<yCoord>330</yCoord>
					</edgeMap>
					<edgeMap>
					<xCoord>314</xCoord>
					<yCoord>331</yCoord>
					</edgeMap>
					<edgeMap>
					<xCoord>313</xCoord>
					<yCoord>331</yCoord>
					</edgeMap>
					<edgeMap>
					<xCoord>312</xCoord>
					<yCoord>331</yCoord>
					</edgeMap>
					<edgeMap>
					<xCoord>311</xCoord>
					<yCoord>331</yCoord>
					</edgeMap>
					<edgeMap>
					<xCoord>310</xCoord>
					<yCoord>331</yCoord>
					</edgeMap>
				</roi>
				<roi>
					<imageZposition>-207.75</imageZposition>
					<imageSOP_UID>1.3.6.1.4.1.14519.5.2.1.6279.6001.129171013664215732681237216936</imageSOP_UID>
					<inclusion>TRUE</inclusion>
					<edgeMap>
					<xCoord>309</xCoord>
					<yCoord>329</yCoord>
					</edgeMap>
					<edgeMap>
					<xCoord>309</xCoord>
					<yCoord>328</yCoord>
					</edgeMap>
					<edgeMap>
					<xCoord>308</xCoord>
					<yCoord>327</yCoord>
					</edgeMap>
					<edgeMap>
					<xCoord>308</xCoord>
					<yCoord>326</yCoord>
					</edgeMap>
					<edgeMap>
					<xCoord>309</xCoord>
					<yCoord>326</yCoord>
					</edgeMap>
					<edgeMap>
					<xCoord>310</xCoord>
					<yCoord>325</yCoord>
					</edgeMap>
					<edgeMap>
					<xCoord>311</xCoord>
					<yCoord>324</yCoord>
					</edgeMap>
					<edgeMap>
					<xCoord>312</xCoord>
					<yCoord>325</yCoord>
					</edgeMap>
					<edgeMap>
					<xCoord>313</xCoord>
					<yCoord>326</yCoord>
					</edgeMap>
					<edgeMap>
					<xCoord>314</xCoord>
					<yCoord>327</yCoord>
					</edgeMap>
					<edgeMap>
					<xCoord>314</xCoord>
					<yCoord>328</yCoord>
					</edgeMap>
					<edgeMap>
					<xCoord>314</xCoord>
					<yCoord>329</yCoord>
					</edgeMap>
					<edgeMap>
					<xCoord>314</xCoord>
					<yCoord>330</yCoord>
					</edgeMap>
					<edgeMap>
					<xCoord>314</xCoord>
					<yCoord>331</yCoord>
					</edgeMap>
					<edgeMap>
					<xCoord>313</xCoord>
					<yCoord>331</yCoord>
					</edgeMap>
					<edgeMap>
					<xCoord>312</xCoord>
					<yCoord>331</yCoord>
					</edgeMap>
					<edgeMap>
					<xCoord>311</xCoord>
					<yCoord>331</yCoord>
					</edgeMap>
					<edgeMap>
					<xCoord>311</xCoord>
					<yCoord>330</yCoord>
					</edgeMap>
					<edgeMap>
					<xCoord>310</xCoord>
					<yCoord>330</yCoord>
					</edgeMap>
					<edgeMap>
					<xCoord>309</xCoord>
					<yCoord>329</yCoord>
					</edgeMap>
				</roi>
			</unblindedReadNodule>
			<nonNodule>
				<nonNoduleID>1</nonNoduleID>
				<imageZposition>-100.25</imageZposition>
				<imageSOP_UID>1.3.6.1.4.1.14519.5.2.1.6279.6001.190330058282532668691349895185</imageSOP_UID>
				<locus>
					<xCoord>321</xCoord>
					<yCoord>349</yCoord>
				</locus>
			</nonNodule>
			<nonNodule>
				<nonNoduleID>2</nonNoduleID>
				<imageZposition>-25.25</imageZposition>
				<imageSOP_UID>1.3.6.1.4.1.14519.5.2.1.6279.6001.312149746075741881691516963317</imageSOP_UID>
				<locus>
					<xCoord>200</xCoord>
					<yCoord>286</yCoord>
				</locus>
			</nonNodule>
	</readingSession>
</LidcReadMessage>