<?xml version="1.0" encoding="UTF-8"?>
<LidcReadMessage uid="1.3.6.1.4.1.14519.5.2.1.6279.6001.1307390717665.0" xmlns="http://www.nih.gov" xmlns:xsi="http://www.w3.org/2001/XMLSchema-instance" xsi:schemaLocation="http://www.nih.gov       http://troll.rad.med.umich.edu/lidc/LidcReadMessage.xsd">
  <ResponseHeader>
    <Version>1.8</Version>
    <MessageId>UM1.3.6.1.4.1.9328.50.12.178332</MessageId>
    <DateRequest>2008-06-26</DateRequest>
    <TimeRequest>00:00:00</TimeRequest>
    <RequestingSite>removed</RequestingSite>
    <ServicingSite>removed</ServicingSite>
    <TaskDescription>Second unblinded read</TaskDescription>
    <CtImageFile>removed</CtImageFile>
    <SeriesInstanceUid>1.3.6.1.4.1.14519.5.2.1.6279.6001.733642690503782454656013446707</SeriesInstanceUid>
    <StudyInstanceUID>1.3.6.1.4.1.14519.5.2.1.6279.6001.823962363630113925122585468962</StudyInstanceUID>
    <DateService>2008-06-26</DateService>
    <TimeService>00:00:00</TimeService>
    <ResponseDescription>1 - Reading complete</ResponseDescription>
  </ResponseHeader>
	<readingSession>
		<annotationVersion>3.12</annotationVersion>
		<servicingRadiologistID>anon</servicingRadiologistID>
			<unblindedReadNodule>
				<noduleID>0</noduleID>
				<characteristics>
					<subtlety>3</subtlety>
					<internalStructure>1</internalStructure>
					<calcification>6</calcification>
					<sphericity>5</sphericity>
					<margin>5</margin>
					<lobulation>1</lobulation>
					<spiculation>1</spiculation>
					<texture>5</texture>
					<malignancy>2</malignancy>
				</characteristics>
				<roi>
					<imageZposition>-149.0</imageZposition>
					<imageSOP_UID>1.3.6.1.4.1.14519.5.2.1.6279.6001.225781186575418395587006322322</imageSOP_UID>
					<inclusion>TRUE</inclusion>
					<edgeMap>
					<xCoord>115</xCoord>
					<yCoord>283</yCoord>
					</edgeMap>
					<edgeMap>
					<xCoord>115</xCoord>
					<yCoord>282</yCoord>
					</edgeMap>
					<edgeMap>
					<xCoord>115</xCoord>
					<yCoord>281</yCoord>
					</edgeMap>
					<edgeMap>
					<xCoord>115</xCoord>
					<yCoord>280</yCoord>
					</edgeMap>
					<edgeMap>
					<xCoord>115</xCoord>
					<yCoord>279</yCoord>
					</edgeMap>
					<edgeMap>
					<xCoord>116</xCoord>
					<yCoord>279</yCoord>
					</edgeMap>
					<edgeMap>
					<xCoord>117</xCoord>
					<yCoord>278</yCoord>
					</edgeMap>
					<edgeMap>
					<xCoord>118</xCoord>
					<yCoord>278</yCoord>
					</edgeMap>
					<edgeMap>
					<xCoord>119</xCoord>
					<yCoord>278</yCoord>
					</edgeMap>
					<edgeMap>
					<xCoord>119</xCoord>
					<yCoord>279</yCoord>
					</edgeMap>
					<edgeMap>
					<xCoord>120</xCoord>
					<yCoord>280</yCoord>
					</edgeMap>
					<edgeMap>
					<xCoord>121</xCoord>
					<yCoord>281</yCoord>
					</edgeMap>
					<edgeMap>
					<xCoord>122</xCoord>
					<yCoord>282</yCoord>
					</edgeMap>
					<edgeMap>
					<xCoord>122</xCoord>
					<yCoord>283</yCoord>
					</edgeMap>
					<edgeMap>
					<xCoord>123</xCoord>
					<yCoord>284</yCoord>
					</edgeMap>
					<edgeMap>
					<xCoord>123</xCoord>
					<yCoord>285</yCoord>
					</edgeMap>
					<edgeMap>
					<xCoord>123</xCoord>
					<yCoord>286</yCoord>
					</edgeMap>
					<edgeMap>
					<xCoord>122</xCoord>
					<yCoord>287</yCoord>
					</edgeMap>
					<edgeMap>
					<xCoord>121</xCoord>
					<yCoord>287</yCoord>
					</edgeMap>
					<edgeMap>
					<xCoord>120</xCoord>
					<yCoord>288</yCoord>
					</edgeMap>
					<edgeMap>
					<xCoord>120</xCoord>
					<yCoord>289</yCoord>
					</edgeMap>
					<edgeMap>
					<xCoord>121</xCoord>
					<yCoord>290</yCoord>
					</edgeMap>
					<edgeMap>
					<xCoord>122</xCoord>
					<yCoord>290</yCoord>
					</edgeMap>
					<edgeMap>
					<xCoord>123</xCoord>
					<yCoord>290</yCoord>
					</edgeMap>
					<edgeMap>
					<xCoord>124</xCoord>
					<yCoord>291</yCoord>
					</edgeMap>
					<edgeMap>
					<xCoord>124</xCoord>
					<yCoord>292</yCoord>
					</edgeMap>
					<edgeMap>
					<xCoord>123</xCoord>
					<yCoord>293</yCoord>
					</edgeMap>
					<edgeMap>
					<xCoord>122</xCoord>
					<yCoord>293</yCoord>
					</edgeMap>
					<edgeMap>
					<xCoord>121</xCoord>
					<yCoord>293</yCoord>
					</edgeMap>
					<edgeMap>
					<xCoord>120</xCoord>
					<yCoord>292</yCoord>
					</edgeMap>
					<edgeMap>
					<xCoord>120</xCoord>
					<yCoord>291</yCoord>
					</edgeMap>
					<edgeMap>
					<xCoord>120</xCoord>
					<yCoord>290</yCoord>
					</edgeMap>
					<edgeMap>
					<xCoord>119</xCoord>
					<yCoord>289</yCoord>
					</edgeMap>
					<edgeMap>
					<xCoord>119</xCoord>
					<yCoord>288</yCoord>
					</edgeMap>
					<edgeMap>
					<xCoord>119</xCoord>
					<yCoord>287</yCoord>
					</edgeMap>
					<edgeMap>
					<xCoord>118</xCoord>
					<yCoord>287</yCoord>
					</edgeMap>
					<edgeMap>
					<xCoord>117</xCoord>
					<yCoord>287</yCoord>
					</edgeMap>
					<edgeMap>
					<xCoord>116</xCoord>
					<yCoord>287</yCoord>
					</edgeMap>
					<edgeMap>
					<xCoord>115</xCoord>
					<yCoord>287</yCoord>
					</edgeMap>
					<edgeMap>
					<xCoord>115</xCoord>
					<yCoord>286</yCoord>
					</edgeMap>
					<edgeMap>
					<xCoord>115</xCoord>
					<yCoord>285</yCoord>
					</edgeMap>
					<edgeMap>
					<xCoord>115</xCoord>
					<yCoord>284</yCoord>
					</edgeMap>
					<edgeMap>
					<xCoord>115</xCoord>
					<yCoord>283</yCoord>
					</edgeMap>
				</roi>
				<roi>
					<imageZposition>-151.5</imageZposition>
					<imageSOP_UID>1.3.6.1.4.1.14519.5.2.1.6279.6001.917977353002252719791264008740</imageSOP_UID>
					<inclusion>TRUE</inclusion>
					<edgeMap>
					<xCoord>115</xCoord>
					<yCoord>282</yCoord>
					</edgeMap>
					<edgeMap>
					<xCoord>115</xCoord>
					<yCoord>281</yCoord>
					</edgeMap>
					<edgeMap>
					<xCoord>115</xCoord>
					<yCoord>280</yCoord>
					</edgeMap>
					<edgeMap>
					<xCoord>114</xCoord>
					<yCoord>280</yCoord>
					</edgeMap>
					<edgeMap>
					<xCoord>113</xCoord>
					<yCoord>279</yCoord>
					</edgeMap>
					<edgeMap>
					<xCoord>113</xCoord>
					<yCoord>278</yCoord>
					</edgeMap>
					<edgeMap>
					<xCoord>113</xCoord>
					<yCoord>277</yCoord>
					</edgeMap>
					<edgeMap>
					<xCoord>114</xCoord>
					<yCoord>278</yCoord>
					</edgeMap>
					<edgeMap>
					<xCoord>115</xCoord>
					<yCoord>278</yCoord>
					</edgeMap>
					<edgeMap>
					<xCoord>116</xCoord>
					<yCoord>278</yCoord>
					</edgeMap>
					<edgeMap>
					<xCoord>117</xCoord>
					<yCoord>278</yCoord>
					</edgeMap>
					<edgeMap>
					<xCoord>118</xCoord>
					<yCoord>278</yCoord>
					</edgeMap>
					<edgeMap>
					<xCoord>119</xCoord>
					<yCoord>278</yCoord>
					</edgeMap>
					<edgeMap>
					<xCoord>119</xCoord>
					<yCoord>277</yCoord>
					</edgeMap>
					<edgeMap>
					<xCoord>120</xCoord>
					<yCoord>278</yCoord>
					</edgeMap>
					<edgeMap>
					<xCoord>120</xCoord>
					<yCoord>279</yCoord>
					</edgeMap>
					<edgeMap>
					<xCoord>121</xCoord>
					<yCoord>280</yCoord>
					</edgeMap>
					<edgeMap>
					<xCoord>122</xCoord>
					<yCoord>281</yCoord>
					</edgeMap>
					<edgeMap>
					<xCoord>122</xCoord>
					<yCoord>282</yCoord>
					</edgeMap>
					<edgeMap>
					<xCoord>123</xCoord>
					<yCoord>282</yCoord>
					</edgeMap>
					<edgeMap>
					<xCoord>124</xCoord>
					<yCoord>283</yCoord>
					</edgeMap>
					<edgeMap>
					<xCoord>124</xCoord>
					<yCoord>284</yCoord>
					</edgeMap>
					<edgeMap>
					<xCoord>124</xCoord>
					<yCoord>285</yCoord>
					</edgeMap>
					<edgeMap>
					<xCoord>123</xCoord>
					<yCoord>286</yCoord>
					</edgeMap>
					<edgeMap>
					<xCoord>122</xCoord>
					<yCoord>286</yCoord>
					</edgeMap>
					<edgeMap>
					<xCoord>121</xCoord>
					<yCoord>286</yCoord>
					</edgeMap>
					<edgeMap>
					<xCoord>121</xCoord>
					<yCoord>287</yCoord>
					</edgeMap>
					<edgeMap>
					<xCoord>120</xCoord>
					<yCoord>287</yCoord>
					</edgeMap>
					<edgeMap>
					<xCoord>120</xCoord>
					<yCoord>288</yCoord>
					</edgeMap>
					<edgeMap>
					<xCoord>120</xCoord>
					<yCoord>289</yCoord>
					</edgeMap>
					<edgeMap>
					<xCoord>121</xCoord>
					<yCoord>290</yCoord>
					</edgeMap>
					<edgeMap>
					<xCoord>121</xCoord>
					<yCoord>291</yCoord>
					</edgeMap>
					<edgeMap>
					<xCoord>120</xCoord>
					<yCoord>291</yCoord>
					</edgeMap>
					<edgeMap>
					<xCoord>119</xCoord>
					<yCoord>292</yCoord>
					</edgeMap>
					<edgeMap>
					<xCoord>118</xCoord>
					<yCoord>292</yCoord>
					</edgeMap>
					<edgeMap>
					<xCoord>117</xCoord>
					<yCoord>291</yCoord>
					</edgeMap>
					<edgeMap>
					<xCoord>117</xCoord>
					<yCoord>290</yCoord>
					</edgeMap>
					<edgeMap>
					<xCoord>117</xCoord>
					<yCoord>289</yCoord>
					</edgeMap>
					<edgeMap>
					<xCoord>117</xCoord>
					<yCoord>288</yCoord>
					</edgeMap>
					<edgeMap>
					<xCoord>117</xCoord>
					<yCoord>287</yCoord>
					</edgeMap>
					<edgeMap>
					<xCoord>116</xCoord>
					<yCoord>286</yCoord>
					</edgeMap>
					<edgeMap>
					<xCoord>115</xCoord>
					<yCoord>285</yCoord>
					</edgeMap>
					<edgeMap>
					<xCoord>116</xCoord>
					<yCoord>284</yCoord>
					</edgeMap>
					<edgeMap>
					<xCoord>116</xCoord>
					<yCoord>283</yCoord>
					</edgeMap>
					<edgeMap>
					<xCoord>115</xCoord>
					<yCoord>282</yCoord>
					</edgeMap>
				</roi>
				<roi>
					<imageZposition>-154.0</imageZposition>
					<imageSOP_UID>1.3.6.1.4.1.14519.5.2.1.6279.6001.252809343156764507964924842710</imageSOP_UID>
					<inclusion>TRUE</inclusion>
					<edgeMap>
					<xCoord>116</xCoord>
					<yCoord>280</yCoord>
					</edgeMap>
					<edgeMap>
					<xCoord>115</xCoord>
					<yCoord>279</yCoord>
					</edgeMap>
					<edgeMap>
					<xCoord>116</xCoord>
					<yCoord>278</yCoord>
					</edgeMap>
					<edgeMap>
					<xCoord>116</xCoord>
					<yCoord>277</yCoord>
					</edgeMap>
					<edgeMap>
					<xCoord>117</xCoord>
					<yCoord>276</yCoord>
					</edgeMap>
					<edgeMap>
					<xCoord>118</xCoord>
					<yCoord>276</yCoord>
					</edgeMap>
					<edgeMap>
					<xCoord>118</xCoord>
					<yCoord>277</yCoord>
					</edgeMap>
					<edgeMap>
					<xCoord>119</xCoord>
					<yCoord>278</yCoord>
					</edgeMap>
					<edgeMap>
					<xCoord>119</xCoord>
					<yCoord>279</yCoord>
					</edgeMap>
					<edgeMap>
					<xCoord>119</xCoord>
					<yCoord>280</yCoord>
					</edgeMap>
					<edgeMap>
					<xCoord>119</xCoord>
					<yCoord>281</yCoord>
					</edgeMap>
					<edgeMap>
					<xCoord>118</xCoord>
					<yCoord>281</yCoord>
					</edgeMap>
					<edgeMap>
					<xCoord>117</xCoord>
					<yCoord>281</yCoord>
					</edgeMap>
					<edgeMap>
					<xCoord>116</xCoord>
					<yCoord>280</yCoord>
					</edgeMap>
				</roi>
			</unblindedReadNodule>
			<unblindedReadNodule>
				<noduleID>5</noduleID>
				<roi>
					<imageZposition>-99.0</imageZposition>
					<imageSOP_UID>1.3.6.1.4.1.14519.5.2.1.6279.6001.289580360603741858564458552090</imageSOP_UID>
					<inclusion>TRUE</inclusion>
					<edgeMap>
					<xCoord>379</xCoord>
					<yCoord>303</yCoord>
					</edgeMap>
				</roi>
			</unblindedReadNodule>
			<unblindedReadNodule>
				<noduleID>6</noduleID>
				<roi>
					<imageZposition>-116.5</imageZposition>
					<imageSOP_UID>1.3.6.1.4.1.14519.5.2.1.6279.6001.185011417029926782109017066292</imageSOP_UID>
					<inclusion>TRUE</inclusion>
					<edgeMap>
					<xCoord>331</xCoord>
					<yCoord>235</yCoord>
					</edgeMap>
				</roi>
			</unblindedReadNodule>
			<unblindedReadNodule>
				<noduleID>7</noduleID>
				<roi>
					<imageZposition>-154.0</imageZposition>
					<imageSOP_UID>1.3.6.1.4.1.14519.5.2.1.6279.6001.252809343156764507964924842710</imageSOP_UID>
					<inclusion>TRUE</inclusion>
					<edgeMap>
					<xCoord>429</xCoord>
					<yCoord>295</yCoord>
					</edgeMap>
				</roi>
			</unblindedReadNodule>
			<nonNodule>
				<nonNoduleID>1</nonNoduleID>
				<imageZposition>-101.5</imageZposition>
				<imageSOP_UID>1.3.6.1.4.1.14519.5.2.1.6279.6001.849640278295561003907071811459</imageSOP_UID>
				<locus>
					<xCoord>195</xCoord>
					<yCoord>323</yCoord>
				</locus>
			</nonNodule>
			<nonNodule>
				<nonNoduleID>2</nonNoduleID>
				<imageZposition>-111.5</imageZposition>
				<imageSOP_UID>1.3.6.1.4.1.14519.5.2.1.6279.6001.155646024371990840915131058553</imageSOP_UID>
				<locus>
					<xCoord>160</xCoord>
					<yCoord>347</yCoord>
				</locus>
			</nonNodule>
			<nonNodule>
				<nonNoduleID>3</nonNoduleID>
				<imageZposition>-119.0</imageZposition>
				<imageSOP_UID>1.3.6.1.4.1.14519.5.2.1.6279.6001.244720248243929487770226487246</imageSOP_UID>
				<locus>
					<xCoord>171</xCoord>
					<yCoord>339</yCoord>
				</locus>
			</nonNodule>
			<nonNodule>
				<nonNoduleID>4</nonNoduleID>
				<imageZposition>-156.5</imageZposition>
				<imageSOP_UID>1.3.6.1.4.1.14519.5.2.1.6279.6001.129121908303110009723807522005</imageSOP_UID>
				<locus>
					<xCoord>206</xCoord>
					<yCoord>311</yCoord>
				</locus>
			</nonNodule>
			<nonNodule>
				<nonNoduleID>8</nonNoduleID>
				<imageZposition>-84.0</imageZposition>
				<imageSOP_UID>1.3.6.1.4.1.14519.5.2.1.6279.6001.677433467244560280114173640541</imageSOP_UID>
				<locus>
					<xCoord>317</xCoord>
					<yCoord>325</yCoord>
				</locus>
			</nonNodule>
			<nonNodule>
				<nonNoduleID>9</nonNoduleID>
				<imageZposition>-246.5</imageZposition>
				<imageSOP_UID>1.3.6.1.4.1.14519.5.2.1.6279.6001.189259227835381989240264687582</imageSOP_UID>
				<locus>
					<xCoord>339</xCoord>
					<yCoord>161</yCoord>
				</locus>
			</nonNodule>
			<nonNodule>
				<nonNoduleID>10</nonNoduleID>
				<imageZposition>-164.0</imageZposition>
				<imageSOP_UID>1.3.6.1.4.1.14519.5.2.1.6279.6001.247003075677091716478697097910</imageSOP_UID>
				<locus>
					<xCoord>270</xCoord>
					<yCoord>199</yCoord>
				</locus>
			</nonNodule>
			<nonNodule>
				<nonNoduleID>11</nonNoduleID>
				<imageZposition>-94.0</imageZposition>
				<imageSOP_UID>1.3.6.1.4.1.14519.5.2.1.6279.6001.319458739049199700293202292292</imageSOP_UID>
				<locus>
					<xCoord>362</xCoord>
					<yCoord>335</yCoord>
				</locus>
			</nonNodule>
			<nonNodule>
				<nonNoduleID>12</nonNoduleID>
				<imageZposition>-94.0</imageZposition>
				<imageSOP_UID>1.3.6.1.4.1.14519.5.2.1.6279.6001.319458739049199700293202292292</imageSOP_UID>
				<locus>
					<xCoord>345</xCoord>
					<yCoord>349</yCoord>
				</locus>
			</nonNodule>
			<nonNodule>
				<nonNoduleID>13</nonNoduleID>
				<imageZposition>-101.5</imageZposition>
				<imageSOP_UID>1.3.6.1.4.1.14519.5.2.1.6279.6001.849640278295561003907071811459</imageSOP_UID>
				<locus>
					<xCoord>174</xCoord>
					<yCoord>312</yCoord>
				</locus>
			</nonNodule>
	</readingSession>
<readingSession>
<annotationVersion>3.12</annotationVersion>
<servicingRadiologistID>anon</servicingRadiologistID>
<unblindedReadNodule>
<noduleID>114286</noduleID>
<characteristics>
<subtlety>5</subtlety>
<internalStructure>1</internalStructure>
<calcification>6</calcification>
<sphericity>3</sphericity>
<margin>3</margin>
<lobulation>3</lobulation>
<spiculation>2</spiculation>
<texture>5</texture>
<malignancy>3</malignancy>
</characteristics>
<roi>
<imageZposition>-149.0</imageZposition>
<imageSOP_UID>1.3.6.1.4.1.14519.5.2.1.6279.6001.225781186575418395587006322322</imageSOP_UID>
<inclusion>TRUE</inclusion>
<edgeMap>
<xCoord>121</xCoord>
<yCoord>287</yCoord>
</edgeMap>
<edgeMap>
<xCoord>122</xCoord>
<yCoord>286</yCoord>
</edgeMap>
<edgeMap>
<xCoord>122</xCoord>
<yCoord>285</yCoord>
</edgeMap>
<edgeMap>
<xCoord>122</xCoord>
<yCoord>284</yCoord>
</edgeMap>
<edgeMap>
<xCoord>122</xCoord>
<yCoord>283</yCoord>
</edgeMap>
<edgeMap>
<xCoord>121</xCoord>
<yCoord>282</yCoord>
</edgeMap>
<edgeMap>
<xCoord>120</xCoord>
<yCoord>282</yCoord>
</edgeMap>
<edgeMap>
<xCoord>119</xCoord>
<yCoord>281</yCoord>
</edgeMap>
<edgeMap>
<xCoord>118</xCoord>
<yCoord>282</yCoord>
</edgeMap>
<edgeMap>
<xCoord>118</xCoord>
<yCoord>283</yCoord>
</edgeMap>
<edgeMap>
<xCoord>117</xCoord>
<yCoord>284</yCoord>
</edgeMap>
<edgeMap>
<xCoord>117</xCoord>
<yCoord>285</yCoord>
</edgeMap>
<edgeMap>
<xCoord>117</xCoord>
<yCoord>286</yCoord>
</edgeMap>
<edgeMap>
<xCoord>118</xCoord>
<yCoord>287</yCoord>
</edgeMap>
<edgeMap>
<xCoord>119</xCoord>
<yCoord>287</yCoord>
</edgeMap>
<edgeMap>
<xCoord>120</xCoord>
<yCoord>287</yCoord>
</edgeMap>
<edgeMap>
<xCoord>121</xCoord>
<yCoord>287</yCoord>
</edgeMap>
</roi>
<roi>
<imageZposition>-151.5</imageZposition>
<imageSOP_UID>1.3.6.1.4.1.14519.5.2.1.6279.6001.917977353002252719791264008740</imageSOP_UID>
<inclusion>TRUE</inclusion>
<edgeMap>
<xCoord>120</xCoord>
<yCoord>286</yCoord>
</edgeMap>
<edgeMap>
<xCoord>121</xCoord>
<yCoord>285</yCoord>
</edgeMap>
<edgeMap>
<xCoord>122</xCoord>
<yCoord>284</yCoord>
</edgeMap>
<edgeMap>
<xCoord>122</xCoord>
<yCoord>283</yCoord>
</edgeMap>
<edgeMap>
<xCoord>121</xCoord>
<yCoord>282</yCoord>
</edgeMap>
<edgeMap>
<xCoord>121</xCoord>
<yCoord>281</yCoord>
</edgeMap>
<edgeMap>
<xCoord>120</xCoord>
<yCoord>280</yCoord>
</edgeMap>
<edgeMap>
<xCoord>119</xCoord>
<yCoord>279</yCoord>
</edgeMap>
<edgeMap>
<xCoord>118</xCoord>
<yCoord>279</yCoord>
</edgeMap>
<edgeMap>
<xCoord>117</xCoord>
<yCoord>279</yCoord>
</edgeMap>
<edgeMap>
<xCoord>116</xCoord>
<yCoord>280</yCoord>
</edgeMap>
<edgeMap>
<xCoord>115</xCoord>
<yCoord>281</yCoord>
</edgeMap>
<edgeMap>
<xCoord>115</xCoord>
<yCoord>282</yCoord>
</edgeMap>
<edgeMap>
<xCoord>116</xCoord>
<yCoord>283</yCoord>
</edgeMap>
<edgeMap>
<xCoord>116</xCoord>
<yCoord>284</yCoord>
</edgeMap>
<edgeMap>
<xCoord>117</xCoord>
<yCoord>285</yCoord>
</edgeMap>
<edgeMap>
<xCoord>118</xCoord>
<yCoord>286</yCoord>
</edgeMap>
<edgeMap>
<xCoord>119</xCoord>
<yCoord>286</yCoord>
</edgeMap>
<edgeMap>
<xCoord>120</xCoord>
<yCoord>286</yCoord>
</edgeMap>
</roi>
</unblindedReadNodule>
<unblindedReadNodule>
<noduleID>114287</noduleID>
<roi>
<imageZposition>-116.5</imageZposition>
<imageSOP_UID>1.3.6.1.4.1.14519.5.2.1.6279.6001.185011417029926782109017066292</imageSOP_UID>
<inclusion>TRUE</inclusion>
<edgeMap>
<xCoord>331</xCoord>
<yCoord>235</yCoord>
</edgeMap>
</roi>
</unblindedReadNodule>
<unblindedReadNodule>
<noduleID>114289</noduleID>
<roi>
<imageZposition>-154.0</imageZposition>
<imageSOP_UID>1.3.6.1.4.1.14519.5.2.1.6279.6001.252809343156764507964924842710</imageSOP_UID>
<inclusion>TRUE</inclusion>
<edgeMap>
<xCoord>429</xCoord>
<yCoord>295</yCoord>
</edgeMap>
</roi>
</unblindedReadNodule>
<nonNodule>
<nonNoduleID>114290</nonNoduleID>
<imageZposition>-84.0</imageZposition>
<imageSOP_UID>1.3.6.1.4.1.14519.5.2.1.6279.6001.677433467244560280114173640541</imageSOP_UID>
<locus>
<xCoord>317</xCoord>
<yCoord>325</yCoord>
</locus>
</nonNodule>
<nonNodule>
<nonNoduleID>114291</nonNoduleID>
<imageZposition>-246.5</imageZposition>
<imageSOP_UID>1.3.6.1.4.1.14519.5.2.1.6279.6001.189259227835381989240264687582</imageSOP_UID>
<locus>
<xCoord>339</xCoord>
<yCoord>161</yCoord>
</locus>
</nonNodule>
<nonNodule>
<nonNoduleID>114293</nonNoduleID>
<imageZposition>-94.0</imageZposition>
<imageSOP_UID>1.3.6.1.4.1.14519.5.2.1.6279.6001.319458739049199700293202292292</imageSOP_UID>
<locus>
<xCoord>362</xCoord>
<yCoord>335</yCoord>
</locus>
</nonNodule>
<nonNodule>
<nonNoduleID>114295</nonNoduleID>
<imageZposition>-101.5</imageZposition>
<imageSOP_UID>1.3.6.1.4.1.14519.5.2.1.6279.6001.849640278295561003907071811459</imageSOP_UID>
<locus>
<xCoord>174</xCoord>
<yCoord>312</yCoord>
</locus>
</nonNodule>
<nonNodule>
<nonNoduleID>114297</nonNoduleID>
<imageZposition>-111.5</imageZposition>
<imageSOP_UID>1.3.6.1.4.1.14519.5.2.1.6279.6001.155646024371990840915131058553</imageSOP_UID>
<locus>
<xCoord>160</xCoord>
<yCoord>347</yCoord>
</locus>
</nonNodule>
<nonNodule>
<nonNoduleID>114299</nonNoduleID>
<imageZposition>-156.5</imageZposition>
<imageSOP_UID>1.3.6.1.4.1.14519.5.2.1.6279.6001.129121908303110009723807522005</imageSOP_UID>
<locus>
<xCoord>206</xCoord>
<yCoord>311</yCoord>
</locus>
</nonNodule>
</readingSession>
  <readingSession>
    <annotationVersion>3.12</annotationVersion>
    <servicingRadiologistID>anon</servicingRadiologistID>
    <unblindedReadNodule>
      <noduleID>126932</noduleID>
      <characteristics>
        <subtlety>4</subtlety>
        <internalStructure>1</internalStructure>
        <calcification>6</calcification>
        <sphericity>4</sphericity>
        <margin>5</margin>
        <lobulation>3</lobulation>
        <spiculation>2</spiculation>
        <texture>5</texture>
        <malignancy>2</malignancy>
      </characteristics>
      <roi>
        <imageZposition>-149.0</imageZposition>
        <imageSOP_UID>1.3.6.1.4.1.14519.5.2.1.6279.6001.225781186575418395587006322322</imageSOP_UID>
        <inclusion>TRUE</inclusion>
        <edgeMap>
          <xCoord>121</xCoord>
          <yCoord>288</yCoord>
        </edgeMap>
        <edgeMap>
          <xCoord>122</xCoord>
          <yCoord>287</yCoord>
        </edgeMap>
        <edgeMap>
          <xCoord>123</xCoord>
          <yCoord>286</yCoord>
        </edgeMap>
        <edgeMap>
          <xCoord>123</xCoord>
          <yCoord>285</yCoord>
        </edgeMap>
        <edgeMap>
          <xCoord>123</xCoord>
          <yCoord>284</yCoord>
        </edgeMap>
        <edgeMap>
          <xCoord>122</xCoord>
          <yCoord>283</yCoord>
        </edgeMap>
        <edgeMap>
          <xCoord>122</xCoord>
          <yCoord>282</yCoord>
        </edgeMap>
        <edgeMap>
          <xCoord>121</xCoord>
          <yCoord>281</yCoord>
        </edgeMap>
        <edgeMap>
          <xCoord>120</xCoord>
          <yCoord>281</yCoord>
        </edgeMap>
        <edgeMap>
          <xCoord>119</xCoord>
          <yCoord>281</yCoord>
        </edgeMap>
        <edgeMap>
          <xCoord>118</xCoord>
          <yCoord>282</yCoord>
        </edgeMap>
        <edgeMap>
          <xCoord>117</xCoord>
          <yCoord>283</yCoord>
        </edgeMap>
        <edgeMap>
          <xCoord>117</xCoord>
          <yCoord>284</yCoord>
        </edgeMap>
        <edgeMap>
          <xCoord>117</xCoord>
          <yCoord>285</yCoord>
        </edgeMap>
        <edgeMap>
          <xCoord>117</xCoord>
          <yCoord>286</yCoord>
        </edgeMap>
        <edgeMap>
          <xCoord>118</xCoord>
          <yCoord>287</yCoord>
        </edgeMap>
        <edgeMap>
          <xCoord>119</xCoord>
          <yCoord>288</yCoord>
        </edgeMap>
        <edgeMap>
          <xCoord>120</xCoord>
          <yCoord>288</yCoord>
        </edgeMap>
        <edgeMap>
          <xCoord>121</xCoord>
          <yCoord>288</yCoord>
        </edgeMap>
      </roi>
      <roi>
        <imageZposition>-151.5</imageZposition>
        <imageSOP_UID>1.3.6.1.4.1.14519.5.2.1.6279.6001.917977353002252719791264008740</imageSOP_UID>
        <inclusion>TRUE</inclusion>
        <edgeMap>
          <xCoord>118</xCoord>
          <yCoord>289</yCoord>
        </edgeMap>
        <edgeMap>
          <xCoord>119</xCoord>
          <yCoord>288</yCoord>
        </edgeMap>
        <edgeMap>
          <xCoord>120</xCoord>
          <yCoord>287</yCoord>
        </edgeMap>
        <edgeMap>
          <xCoord>121</xCoord>
          <yCoord>286</yCoord>
        </edgeMap>
        <edgeMap>
          <xCoord>122</xCoord>
          <yCoord>286</yCoord>
        </edgeMap>
        <edgeMap>
          <xCoord>123</xCoord>
          <yCoord>285</yCoord>
        </edgeMap>
        <edgeMap>
          <xCoord>123</xCoord>
          <yCoord>284</yCoord>
        </edgeMap>
        <edgeMap>
          <xCoord>122</xCoord>
          <yCoord>283</yCoord>
        </edgeMap>
        <edgeMap>
          <xCoord>122</xCoord>
          <yCoord>282</yCoord>
        </edgeMap>
        <edgeMap>
          <xCoord>122</xCoord>
          <yCoord>281</yCoord>
        </edgeMap>
        <edgeMap>
          <xCoord>121</xCoord>
          <yCoord>280</yCoord>
        </edgeMap>
        <edgeMap>
          <xCoord>120</xCoord>
          <yCoord>279</yCoord>
        </edgeMap>
        <edgeMap>
          <xCoord>119</xCoord>
          <yCoord>278</yCoord>
        </edgeMap>
        <edgeMap>
          <xCoord>118</xCoord>
          <yCoord>278</yCoord>
        </edgeMap>
        <edgeMap>
          <xCoord>117</xCoord>
          <yCoord>278</yCoord>
        </edgeMap>
        <edgeMap>
          <xCoord>116</xCoord>
          <yCoord>279</yCoord>
        </edgeMap>
        <edgeMap>
          <xCoord>115</xCoord>
          <yCoord>279</yCoord>
        </edgeMap>
        <edgeMap>
          <xCoord>114</xCoord>
          <yCoord>280</yCoord>
        </edgeMap>
        <edgeMap>
          <xCoord>114</xCoord>
          <yCoord>281</yCoord>
        </edgeMap>
        <edgeMap>
          <xCoord>115</xCoord>
          <yCoord>282</yCoord>
        </edgeMap>
        <edgeMap>
          <xCoord>115</xCoord>
          <yCoord>283</yCoord>
        </edgeMap>
        <edgeMap>
          <xCoord>115</xCoord>
          <yCoord>284</yCoord>
        </edgeMap>
        <edgeMap>
          <xCoord>115</xCoord>
          <yCoord>285</yCoord>
        </edgeMap>
        <edgeMap>
          <xCoord>115</xCoord>
          <yCoord>286</yCoord>
        </edgeMap>
        <edgeMap>
          <xCoord>116</xCoord>
          <yCoord>287</yCoord>
        </edgeMap>
        <edgeMap>
          <xCoord>117</xCoord>
          <yCoord>288</yCoord>
        </edgeMap>
        <edgeMap>
          <xCoord>118</xCoord>
          <yCoord>289</yCoord>
        </edgeMap>
      </roi>
      <roi>
        <imageZposition>-154.0</imageZposition>
        <imageSOP_UID>1.3.6.1.4.1.14519.5.2.1.6279.6001.252809343156764507964924842710</imageSOP_UID>
        <inclusion>TRUE</inclusion>
        <edgeMap>
          <xCoord>119</xCoord>
          <yCoord>286</yCoord>
        </edgeMap>
        <edgeMap>
          <xCoord>120</xCoord>
          <yCoord>285</yCoord>
        </edgeMap>
        <edgeMap>
          <xCoord>121</xCoord>
          <yCoord>284</yCoord>
        </edgeMap>
        <edgeMap>
          <xCoord>121</xCoord>
          <yCoord>283</yCoord>
        </edgeMap>
        <edgeMap>
          <xCoord>120</xCoord>
          <yCoord>282</yCoord>
        </edgeMap>
        <edgeMap>
          <xCoord>119</xCoord>
          <yCoord>281</yCoord>
        </edgeMap>
        <edgeMap>
          <xCoord>118</xCoord>
          <yCoord>282</yCoord>
        </edgeMap>
        <edgeMap>
          <xCoord>117</xCoord>
          <yCoord>283</yCoord>
        </edgeMap>
        <edgeMap>
          <xCoord>117</xCoord>
          <yCoord>284</yCoord>
        </edgeMap>
        <edgeMap>
          <xCoord>117</xCoord>
          <yCoord>285</yCoord>
        </edgeMap>
        <edgeMap>
          <xCoord>118</xCoord>
          <yCoord>286</yCoord>
        </edgeMap>
        <edgeMap>
          <xCoord>119</xCoord>
          <yCoord>286</yCoord>
        </edgeMap>
      </roi>
    </unblindedReadNodule>
    <unblindedReadNodule>
      <noduleID>126947</noduleID>
      <roi>
        <imageZposition>-99.0</imageZposition>
        <imageSOP_UID>1.3.6.1.4.1.14519.5.2.1.6279.6001.289580360603741858564458552090</imageSOP_UID>
        <inclusion>TRUE</inclusion>
        <edgeMap>
          <xCoord>379</xCoord>
          <yCoord>303</yCoord>
        </edgeMap>
      </roi>
    </unblindedReadNodule>
    <unblindedReadNodule>
      <noduleID>126935</noduleID>
      <roi>
        <imageZposition>-116.5</imageZposition>
        <imageSOP_UID>1.3.6.1.4.1.14519.5.2.1.6279.6001.185011417029926782109017066292</imageSOP_UID>
        <inclusion>TRUE</inclusion>
        <edgeMap>
          <xCoord>332</xCoord>
          <yCoord>235</yCoord>
        </edgeMap>
      </roi>
    </unblindedReadNodule>
    <unblindedReadNodule>
      <noduleID>126936</noduleID>
      <roi>
        <imageZposition>-154.0</imageZposition>
        <imageSOP_UID>1.3.6.1.4.1.14519.5.2.1.6279.6001.252809343156764507964924842710</imageSOP_UID>
        <inclusion>TRUE</inclusion>
        <edgeMap>
          <xCoord>429</xCoord>
          <yCoord>295</yCoord>
        </edgeMap>
      </roi>
    </unblindedReadNodule>
    <nonNodule>
      <nonNoduleID>126948</nonNoduleID>
      <imageZposition>-109.0</imageZposition>
      <imageSOP_UID>1.3.6.1.4.1.14519.5.2.1.6279.6001.298593677976109179902587287933</imageSOP_UID>
      <locus>
        <xCoord>139</xCoord>
        <yCoord>305</yCoord>
      </locus>
    </nonNodule>
    <nonNodule>
      <nonNoduleID>126949</nonNoduleID>
      <imageZposition>-116.5</imageZposition>
      <imageSOP_UID>1.3.6.1.4.1.14519.5.2.1.6279.6001.185011417029926782109017066292</imageSOP_UID>
      <locus>
        <xCoord>175</xCoord>
        <yCoord>342</yCoord>
      </locus>
    </nonNodule>
    <nonNodule>
      <nonNoduleID>126950</nonNoduleID>
      <imageZposition>-254.0</imageZposition>
      <imageSOP_UID>1.3.6.1.4.1.14519.5.2.1.6279.6001.112810928970733444979333128721</imageSOP_UID>
      <locus>
        <xCoord>129</xCoord>
        <yCoord>313</yCoord>
      </locus>
    </nonNodule>
    <nonNodule>
      <nonNoduleID>126951</nonNoduleID>
      <imageZposition>-84.0</imageZposition>
      <imageSOP_UID>1.3.6.1.4.1.14519.5.2.1.6279.6001.677433467244560280114173640541</imageSOP_UID>
      <locus>
        <xCoord>320</xCoord>
        <yCoord>323</yCoord>
      </locus>
    </nonNodule>
  </readingSession>
  <readingSession>
    <annotationVersion>3.12</annotationVersion>
    <servicingRadiologistID>anon</servicingRadiologistID>
    <unblindedReadNodule>
      <noduleID>Nodule 002</noduleID>
      <characteristics>
        <subtlety>3</subtlety>
        <internalStructure>1</internalStructure>
        <calcification>6</calcification>
        <sphericity>4</sphericity>
        <margin>4</margin>
        <lobulation>1</lobulation>
        <spiculation>2</spiculation>
        <texture>5</texture>
        <malignancy>4</malignancy>
      </characteristics>
      <roi>
        <imageZposition>-154.000000 </imageZposition>
        <imageSOP_UID>1.3.6.1.4.1.14519.5.2.1.6279.6001.252809343156764507964924842710</imageSOP_UID>
        <inclusion>TRUE</inclusion>
        <edgeMap>
          <xCoord>119</xCoord>
          <yCoord>282</yCoord>
        </edgeMap>
        <edgeMap>
          <xCoord>118</xCoord>
          <yCoord>283</yCoord>
        </edgeMap>
        <edgeMap>
          <xCoord>118</xCoord>
          <yCoord>284</yCoord>
        </edgeMap>
        <edgeMap>
          <xCoord>118</xCoord>
          <yCoord>285</yCoord>
        </edgeMap>
        <edgeMap>
          <xCoord>119</xCoord>
          <yCoord>286</yCoord>
        </edgeMap>
        <edgeMap>
          <xCoord>120</xCoord>
          <yCoord>285</yCoord>
        </edgeMap>
        <edgeMap>
          <xCoord>121</xCoord>
          <yCoord>284</yCoord>
        </edgeMap>
        <edgeMap>
          <xCoord>120</xCoord>
          <yCoord>283</yCoord>
        </edgeMap>
        <edgeMap>
          <xCoord>119</xCoord>
          <yCoord>282</yCoord>
        </edgeMap>
      </roi>
      <roi>
        <imageZposition>-151.500000 </imageZposition>
        <imageSOP_UID>1.3.6.1.4.1.14519.5.2.1.6279.6001.917977353002252719791264008740</imageSOP_UID>
        <inclusion>TRUE</inclusion>
        <edgeMap>
          <xCoord>116</xCoord>
          <yCoord>279</yCoord>
        </edgeMap>
        <edgeMap>
          <xCoord>115</xCoord>
          <yCoord>280</yCoord>
        </edgeMap>
        <edgeMap>
          <xCoord>115</xCoord>
          <yCoord>281</yCoord>
        </edgeMap>
        <edgeMap>
          <xCoord>115</xCoord>
          <yCoord>282</yCoord>
        </edgeMap>
        <edgeMap>
          <xCoord>115</xCoord>
          <yCoord>283</yCoord>
        </edgeMap>
        <edgeMap>
          <xCoord>115</xCoord>
          <yCoord>284</yCoord>
        </edgeMap>
        <edgeMap>
          <xCoord>115</xCoord>
          <yCoord>285</yCoord>
        </edgeMap>
        <edgeMap>
          <xCoord>115</xCoord>
          <yCoord>286</yCoord>
        </edgeMap>
        <edgeMap>
          <xCoord>115</xCoord>
          <yCoord>287</yCoord>
        </edgeMap>
        <edgeMap>
          <xCoord>116</xCoord>
          <yCoord>288</yCoord>
        </edgeMap>
        <edgeMap>
          <xCoord>117</xCoord>
          <yCoord>288</yCoord>
        </edgeMap>
        <edgeMap>
          <xCoord>118</xCoord>
          <yCoord>289</yCoord>
        </edgeMap>
        <edgeMap>
          <xCoord>119</xCoord>
          <yCoord>289</yCoord>
        </edgeMap>
        <edgeMap>
          <xCoord>120</xCoord>
          <yCoord>288</yCoord>
        </edgeMap>
        <edgeMap>
          <xCoord>121</xCoord>
          <yCoord>287</yCoord>
        </edgeMap>
        <edgeMap>
          <xCoord>121</xCoord>
          <yCoord>286</yCoord>
        </edgeMap>
        <edgeMap>
          <xCoord>121</xCoord>
          <yCoord>285</yCoord>
        </edgeMap>
        <edgeMap>
          <xCoord>121</xCoord>
          <yCoord>284</yCoord>
        </edgeMap>
        <edgeMap>
          <xCoord>121</xCoord>
          <yCoord>283</yCoord>
        </edgeMap>
        <edgeMap>
          <xCoord>121</xCoord>
          <yCoord>282</yCoord>
        </edgeMap>
        <edgeMap>
          <xCoord>120</xCoord>
          <yCoord>281</yCoord>
        </edgeMap>
        <edgeMap>
          <xCoord>119</xCoord>
          <yCoord>280</yCoord>
        </edgeMap>
        <edgeMap>
          <xCoord>118</xCoord>
          <yCoord>279</yCoord>
        </edgeMap>
        <edgeMap>
          <xCoord>117</xCoord>
          <yCoord>279</yCoord>
        </edgeMap>
        <edgeMap>
          <xCoord>116</xCoord>
          <yCoord>279</yCoord>
        </edgeMap>
      </roi>
      <roi>
        <imageZposition>-149.000000 </imageZposition>
        <imageSOP_UID>1.3.6.1.4.1.14519.5.2.1.6279.6001.225781186575418395587006322322</imageSOP_UID>
        <inclusion>TRUE</inclusion>
        <edgeMap>
          <xCoord>119</xCoord>
          <yCoord>282</yCoord>
        </edgeMap>
        <edgeMap>
          <xCoord>118</xCoord>
          <yCoord>283</yCoord>
        </edgeMap>
        <edgeMap>
          <xCoord>117</xCoord>
          <yCoord>284</yCoord>
        </edgeMap>
        <edgeMap>
          <xCoord>117</xCoord>
          <yCoord>285</yCoord>
        </edgeMap>
        <edgeMap>
          <xCoord>117</xCoord>
          <yCoord>286</yCoord>
        </edgeMap>
        <edgeMap>
          <xCoord>117</xCoord>
          <yCoord>287</yCoord>
        </edgeMap>
        <edgeMap>
          <xCoord>118</xCoord>
          <yCoord>288</yCoord>
        </edgeMap>
        <edgeMap>
          <xCoord>119</xCoord>
          <yCoord>288</yCoord>
        </edgeMap>
        <edgeMap>
          <xCoord>120</xCoord>
          <yCoord>288</yCoord>
        </edgeMap>
        <edgeMap>
          <xCoord>121</xCoord>
          <yCoord>287</yCoord>
        </edgeMap>
        <edgeMap>
          <xCoord>122</xCoord>
          <yCoord>286</yCoord>
        </edgeMap>
        <edgeMap>
          <xCoord>123</xCoord>
          <yCoord>285</yCoord>
        </edgeMap>
        <edgeMap>
          <xCoord>122</xCoord>
          <yCoord>284</yCoord>
        </edgeMap>
        <edgeMap>
          <xCoord>122</xCoord>
          <yCoord>283</yCoord>
        </edgeMap>
        <edgeMap>
          <xCoord>121</xCoord>
          <yCoord>282</yCoord>
        </edgeMap>
        <edgeMap>
          <xCoord>120</xCoord>
          <yCoord>282</yCoord>
        </edgeMap>
        <edgeMap>
          <xCoord>119</xCoord>
          <yCoord>282</yCoord>
        </edgeMap>
      </roi>
    </unblindedReadNodule>
    <unblindedReadNodule>
      <noduleID>Nodule 001</noduleID>
      <roi>
        <imageZposition>-116.500000 </imageZposition>
        <imageSOP_UID>1.3.6.1.4.1.14519.5.2.1.6279.6001.185011417029926782109017066292</imageSOP_UID>
        <inclusion>TRUE</inclusion>
        <edgeMap>
          <xCoord>331</xCoord>
          <yCoord>235</yCoord>
        </edgeMap>
      </roi>
    </unblindedReadNodule>
    <nonNodule>
      <nonNoduleID>_Non-nodule 001</nonNoduleID>
      <imageZposition>-104.000000 </imageZposition>
      <imageSOP_UID>1.3.6.1.4.1.14519.5.2.1.6279.6001.625810883618305702207077801315</imageSOP_UID>
      <locus>
        <xCoord>175</xCoord>
        <yCoord>322</yCoord>
      </locus>
    </nonNodule>
    <nonNodule>
      <nonNoduleID>_Non-nodule 002</nonNoduleID>
      <imageZposition>-84.000000</imageZposition>
      <imageSOP_UID>1.3.6.1.4.1.14519.5.2.1.6279.6001.677433467244560280114173640541</imageSOP_UID>
      <locus>
        <xCoord>319</xCoord>
        <yCoord>324</yCoord>
      </locus>
    </nonNodule>
    <nonNodule>
      <nonNoduleID>_Non-nodule 003</nonNoduleID>
      <imageZposition>-116.500000 </imageZposition>
      <imageSOP_UID>1.3.6.1.4.1.14519.5.2.1.6279.6001.185011417029926782109017066292</imageSOP_UID>
      <locus>
        <xCoord>175</xCoord>
        <yCoord>342</yCoord>
      </locus>
    </nonNodule>
    <nonNodule>
      <nonNoduleID>_Non-nodule 004</nonNoduleID>
      <imageZposition>-109.000000 </imageZposition>
      <imageSOP_UID>1.3.6.1.4.1.14519.5.2.1.6279.6001.298593677976109179902587287933</imageSOP_UID>
      <locus>
        <xCoord>138</xCoord>
        <yCoord>304</yCoord>
      </locus>
    </nonNodule>
  </readingSession>
</LidcReadMessage>