<?xml version="1.0" encoding="UTF-8"?>
<IdriReadMessage uid="1.3.6.1.4.1.14519.5.2.1.6279.6001.1307985404607.0" xmlns="http://www.nih.gov/idri" xmlns:xsi="http://www.w3.org/2001/XMLSchema-instance" xsi:schemaLocation="http://www.nih.gov/idri  http://troll.rad.med.umich.edu/idri/IdriReadMessage.xsd">
  <ResponseHeader>
    <Version>1.4</Version>
    <MessageId>1424358150</MessageId>
    <DateRequest>2009-08-13</DateRequest>
    <TimeRequest>02:14:14</TimeRequest>
    <RequestingSite>removed</RequestingSite>
    <ServicingSite>removed</ServicingSite>
    <TaskDescription>CXR read</TaskDescription>
    <CTImageFile>removed</CTImageFile>
    <CTSeriesInstanceUid>1.3.6.1.4.1.14519.5.2.1.6279.6001.310548927038333190233889983845</CTSeriesInstanceUid>
    <CXRImageFile>removed</CXRImageFile>
    <CXRSeriesInstanceUid>1.3.6.1.4.1.14519.5.2.1.6279.6001.116798263639724314842490465662</CXRSeriesInstanceUid>
    <Modality>CXR</Modality>
    <DateService>2010-10-10</DateService>
    <TimeService>12:00:00</TimeService>
    <ResponseDescription>1 - Reading complete</ResponseDescription>
    <ResponseComments></ResponseComments>
  <StudyInstanceUID>1.3.6.1.4.1.14519.5.2.1.6279.6001.438674904192609568373769717180</StudyInstanceUID><SeriesInstanceUID>1.3.6.1.4.1.14519.5.2.1.6279.6001.116798263639724314842490465662</SeriesInstanceUID></ResponseHeader>
  <CXRreadingSession>
    <servicingRadiologistID>anonymous</servicingRadiologistID>
    <unblindedRead>
      <noduleID>MI014_14657</noduleID>
      <characteristics>
        <confidence>1</confidence>
      </characteristics>
      <roi>
        <imageSOP_UID>1.3.6.1.4.1.14519.5.2.1.6279.6001.380856336530449501131718923355</imageSOP_UID>
        <edgeMap>
          <xCoord>745</xCoord>
          <yCoord>582</yCoord>
        </edgeMap>
      </roi>
    </unblindedRead>
  </CXRreadingSession>
  <CXRreadingSession>
    <servicingRadiologistID>anonymous</servicingRadiologistID>
    <unblindedRead>
      <noduleID>MI014_14657</noduleID>
      <characteristics>
        <confidence>2</confidence>
        <subtlety>1</subtlety>
        <obscuration>3</obscuration>
        <reason>1</reason>
      </characteristics>
      <roi>
        <imageSOP_UID>1.3.6.1.4.1.14519.5.2.1.6279.6001.380856336530449501131718923355</imageSOP_UID>
        <edgeMap>
          <xCoord>708</xCoord>
          <yCoord>494</yCoord>
        </edgeMap>
      </roi>
    </unblindedRead>
  </CXRreadingSession>
  <CXRreadingSession>
    <servicingRadiologistID>anonymous</servicingRadiologistID>
    <unblindedRead>
      <noduleID>MI014_14657</noduleID>
      <characteristics>
        <confidence>2</confidence>
        <subtlety>1</subtlety>
        <obscuration>2</obscuration>
        <reason>1</reason>
      </characteristics>
      <roi>
        <imageSOP_UID>1.3.6.1.4.1.14519.5.2.1.6279.6001.380856336530449501131718923355</imageSOP_UID>
        <edgeMap>
          <xCoord>706</xCoord>
          <yCoord>492</yCoord>
        </edgeMap>
      </roi>
    </unblindedRead>
  </CXRreadingSession>
  <CXRreadingSession>
    <servicingRadiologistID>anonymous</servicingRadiologistID>
    <unblindedRead>
      <noduleID>MI014_14657</noduleID>
      <characteristics>
        <confidence>2</confidence>
        <subtlety>1</subtlety>
        <obscuration>3</obscuration>
        <reason>1</reason>
      </characteristics>
      <roi>
        <imageSOP_UID>1.3.6.1.4.1.14519.5.2.1.6279.6001.380856336530449501131718923355</imageSOP_UID>
        <edgeMap>
          <xCoord>698</xCoord>
          <yCoord>503</yCoord>
        </edgeMap>
      </roi>
    </unblindedRead>
  </CXRreadingSession>
</IdriReadMessage>