<?xml version="1.0" encoding="UTF-8"?>
<LidcReadMessage uid="1.3.6.1.4.1.14519.5.2.1.6279.6001.1307390651473.0" xmlns="http://www.nih.gov" xmlns:xsi="http://www.w3.org/2001/XMLSchema-instance" xsi:schemaLocation="http://www.nih.gov       http://troll.rad.med.umich.edu/lidc/LidcReadMessage.xsd">
  <ResponseHeader>
    <Version>1.8</Version>
    <MessageId>UM1.3.6.1.4.1.9328.50.11.58916</MessageId>
    <DateRequest>2008-08-07</DateRequest>
    <TimeRequest>00:00:00</TimeRequest>
    <RequestingSite>removed</RequestingSite>
    <ServicingSite>removed</ServicingSite>
    <TaskDescription>Second unblinded read</TaskDescription>
    <CtImageFile>removed</CtImageFile>
    <SeriesInstanceUid>1.3.6.1.4.1.14519.5.2.1.6279.6001.622243923620914676263059698181</SeriesInstanceUid>
    <DateService>2008-08-07</DateService>
    <TimeService>00:00:00</TimeService>
    <ResponseDescription>1 - Reading complete</ResponseDescription>
  <StudyInstanceUID>1.3.6.1.4.1.14519.5.2.1.6279.6001.318037728418742799972533240731</StudyInstanceUID></ResponseHeader>
	<readingSession>
		<annotationVersion>3.12</annotationVersion>
		<servicingRadiologistID>anon</servicingRadiologistID>
			<nonNodule>
				<nonNoduleID>0</nonNoduleID>
				<imageZposition>-82.75</imageZposition>
				<imageSOP_UID>1.3.6.1.4.1.14519.5.2.1.6279.6001.234246271978547887659182179362</imageSOP_UID>
				<locus>
					<xCoord>292</xCoord>
					<yCoord>299</yCoord>
				</locus>
			</nonNodule>
	</readingSession>
<readingSession>
<annotationVersion>3.12</annotationVersion>
<servicingRadiologistID>anon</servicingRadiologistID>
<unblindedReadNodule>
<noduleID>124164</noduleID>
<roi>
<imageZposition>-215.25</imageZposition>
<imageSOP_UID>1.3.6.1.4.1.14519.5.2.1.6279.6001.298718921407085063190643769377</imageSOP_UID>
<inclusion>TRUE</inclusion>
<edgeMap>
<xCoord>219</xCoord>
<yCoord>152</yCoord>
</edgeMap>
</roi>
</unblindedReadNodule>
</readingSession>
  <readingSession>
    <annotationVersion>3.12</annotationVersion>
    <servicingRadiologistID>anon</servicingRadiologistID>
    <unblindedReadNodule>
      <noduleID>Nodule 001</noduleID>
      <roi>
        <imageZposition>-215.250000 </imageZposition>
        <imageSOP_UID>1.3.6.1.4.1.14519.5.2.1.6279.6001.298718921407085063190643769377</imageSOP_UID>
        <inclusion>TRUE</inclusion>
        <edgeMap>
          <xCoord>219</xCoord>
          <yCoord>152</yCoord>
        </edgeMap>
      </roi>
    </unblindedReadNodule>
    <nonNodule>
      <nonNoduleID>_Non-nodule 001</nonNoduleID>
      <imageZposition>-82.750000</imageZposition>
      <imageSOP_UID>1.3.6.1.4.1.14519.5.2.1.6279.6001.234246271978547887659182179362</imageSOP_UID>
      <locus>
        <xCoord>291</xCoord>
        <yCoord>299</yCoord>
      </locus>
    </nonNodule>
  </readingSession>
  <readingSession>
    <annotationVersion>3.12</annotationVersion>
    <servicingRadiologistID>anon</servicingRadiologistID>
  </readingSession>
</LidcReadMessage>