<?xml version="1.0" encoding="UTF-8"?>
<LidcReadMessage uid="1.3.6.1.4.1.14519.5.2.1.6279.6001.1307390695952.0" xmlns="http://www.nih.gov" xmlns:xsi="http://www.w3.org/2001/XMLSchema-instance" xsi:schemaLocation="http://www.nih.gov  http://troll.rad.med.umich.edu/lidc/LidcReadMessage.xsd">
<ResponseHeader>
<Version>1.8.1</Version>
<MessageId>-1820706226</MessageId>
<DateRequest>2008-07-09</DateRequest>
<TimeRequest>04:38:53</TimeRequest>
<RequestingSite>removed</RequestingSite>
<ServicingSite>removed</ServicingSite>
<TaskDescription>Second unblinded read</TaskDescription>
<CtImageFile>removed</CtImageFile>
<SeriesInstanceUid>1.3.6.1.4.1.14519.5.2.1.6279.6001.313334055029671473836954456733</SeriesInstanceUid>
<DateService>2009-03-05</DateService>
<TimeService>06:56:34</TimeService>
<ResponseDescription>1 - Reading complete</ResponseDescription>
<StudyInstanceUID>1.3.6.1.4.1.14519.5.2.1.6279.6001.212995606100714447928555271551</StudyInstanceUID></ResponseHeader>
<readingSession>
    <annotationVersion>3.12</annotationVersion>
    <servicingRadiologistID>509447003</servicingRadiologistID>
    <unblindedReadNodule>
      <noduleID>Nodule 001</noduleID>
      <characteristics>
        <subtlety>4</subtlety>
        <internalStructure>1</internalStructure>
        <calcification>6</calcification>
        <sphericity>3</sphericity>
        <margin>4</margin>
        <lobulation>2</lobulation>
        <spiculation>1</spiculation>
        <texture>5</texture>
        <malignancy>4</malignancy>
      </characteristics>
      <roi>
        <imageZposition>-269.500000 </imageZposition>
        <imageSOP_UID>1.3.6.1.4.1.14519.5.2.1.6279.6001.316147130747771879606167054783</imageSOP_UID>
        <inclusion>TRUE</inclusion>
        <edgeMap>
          <xCoord>352</xCoord>
          <yCoord>277</yCoord>
        </edgeMap>
        <edgeMap>
          <xCoord>351</xCoord>
          <yCoord>278</yCoord>
        </edgeMap>
        <edgeMap>
          <xCoord>350</xCoord>
          <yCoord>278</yCoord>
        </edgeMap>
        <edgeMap>
          <xCoord>349</xCoord>
          <yCoord>278</yCoord>
        </edgeMap>
        <edgeMap>
          <xCoord>348</xCoord>
          <yCoord>278</yCoord>
        </edgeMap>
        <edgeMap>
          <xCoord>347</xCoord>
          <yCoord>279</yCoord>
        </edgeMap>
        <edgeMap>
          <xCoord>346</xCoord>
          <yCoord>279</yCoord>
        </edgeMap>
        <edgeMap>
          <xCoord>345</xCoord>
          <yCoord>279</yCoord>
        </edgeMap>
        <edgeMap>
          <xCoord>344</xCoord>
          <yCoord>280</yCoord>
        </edgeMap>
        <edgeMap>
          <xCoord>343</xCoord>
          <yCoord>281</yCoord>
        </edgeMap>
        <edgeMap>
          <xCoord>343</xCoord>
          <yCoord>282</yCoord>
        </edgeMap>
        <edgeMap>
          <xCoord>343</xCoord>
          <yCoord>283</yCoord>
        </edgeMap>
        <edgeMap>
          <xCoord>343</xCoord>
          <yCoord>284</yCoord>
        </edgeMap>
        <edgeMap>
          <xCoord>343</xCoord>
          <yCoord>285</yCoord>
        </edgeMap>
        <edgeMap>
          <xCoord>343</xCoord>
          <yCoord>286</yCoord>
        </edgeMap>
        <edgeMap>
          <xCoord>343</xCoord>
          <yCoord>287</yCoord>
        </edgeMap>
        <edgeMap>
          <xCoord>343</xCoord>
          <yCoord>288</yCoord>
        </edgeMap>
        <edgeMap>
          <xCoord>343</xCoord>
          <yCoord>289</yCoord>
        </edgeMap>
        <edgeMap>
          <xCoord>344</xCoord>
          <yCoord>290</yCoord>
        </edgeMap>
        <edgeMap>
          <xCoord>344</xCoord>
          <yCoord>291</yCoord>
        </edgeMap>
        <edgeMap>
          <xCoord>345</xCoord>
          <yCoord>292</yCoord>
        </edgeMap>
        <edgeMap>
          <xCoord>346</xCoord>
          <yCoord>293</yCoord>
        </edgeMap>
        <edgeMap>
          <xCoord>346</xCoord>
          <yCoord>294</yCoord>
        </edgeMap>
        <edgeMap>
          <xCoord>346</xCoord>
          <yCoord>295</yCoord>
        </edgeMap>
        <edgeMap>
          <xCoord>347</xCoord>
          <yCoord>296</yCoord>
        </edgeMap>
        <edgeMap>
          <xCoord>348</xCoord>
          <yCoord>296</yCoord>
        </edgeMap>
        <edgeMap>
          <xCoord>349</xCoord>
          <yCoord>295</yCoord>
        </edgeMap>
        <edgeMap>
          <xCoord>349</xCoord>
          <yCoord>294</yCoord>
        </edgeMap>
        <edgeMap>
          <xCoord>349</xCoord>
          <yCoord>293</yCoord>
        </edgeMap>
        <edgeMap>
          <xCoord>350</xCoord>
          <yCoord>293</yCoord>
        </edgeMap>
        <edgeMap>
          <xCoord>351</xCoord>
          <yCoord>293</yCoord>
        </edgeMap>
        <edgeMap>
          <xCoord>352</xCoord>
          <yCoord>293</yCoord>
        </edgeMap>
        <edgeMap>
          <xCoord>353</xCoord>
          <yCoord>293</yCoord>
        </edgeMap>
        <edgeMap>
          <xCoord>354</xCoord>
          <yCoord>293</yCoord>
        </edgeMap>
        <edgeMap>
          <xCoord>355</xCoord>
          <yCoord>293</yCoord>
        </edgeMap>
        <edgeMap>
          <xCoord>356</xCoord>
          <yCoord>293</yCoord>
        </edgeMap>
        <edgeMap>
          <xCoord>357</xCoord>
          <yCoord>293</yCoord>
        </edgeMap>
        <edgeMap>
          <xCoord>358</xCoord>
          <yCoord>292</yCoord>
        </edgeMap>
        <edgeMap>
          <xCoord>359</xCoord>
          <yCoord>291</yCoord>
        </edgeMap>
        <edgeMap>
          <xCoord>360</xCoord>
          <yCoord>290</yCoord>
        </edgeMap>
        <edgeMap>
          <xCoord>360</xCoord>
          <yCoord>289</yCoord>
        </edgeMap>
        <edgeMap>
          <xCoord>360</xCoord>
          <yCoord>288</yCoord>
        </edgeMap>
        <edgeMap>
          <xCoord>360</xCoord>
          <yCoord>287</yCoord>
        </edgeMap>
        <edgeMap>
          <xCoord>361</xCoord>
          <yCoord>286</yCoord>
        </edgeMap>
        <edgeMap>
          <xCoord>362</xCoord>
          <yCoord>285</yCoord>
        </edgeMap>
        <edgeMap>
          <xCoord>362</xCoord>
          <yCoord>284</yCoord>
        </edgeMap>
        <edgeMap>
          <xCoord>361</xCoord>
          <yCoord>283</yCoord>
        </edgeMap>
        <edgeMap>
          <xCoord>361</xCoord>
          <yCoord>282</yCoord>
        </edgeMap>
        <edgeMap>
          <xCoord>360</xCoord>
          <yCoord>281</yCoord>
        </edgeMap>
        <edgeMap>
          <xCoord>360</xCoord>
          <yCoord>280</yCoord>
        </edgeMap>
        <edgeMap>
          <xCoord>359</xCoord>
          <yCoord>279</yCoord>
        </edgeMap>
        <edgeMap>
          <xCoord>358</xCoord>
          <yCoord>278</yCoord>
        </edgeMap>
        <edgeMap>
          <xCoord>357</xCoord>
          <yCoord>278</yCoord>
        </edgeMap>
        <edgeMap>
          <xCoord>356</xCoord>
          <yCoord>278</yCoord>
        </edgeMap>
        <edgeMap>
          <xCoord>355</xCoord>
          <yCoord>277</yCoord>
        </edgeMap>
        <edgeMap>
          <xCoord>354</xCoord>
          <yCoord>277</yCoord>
        </edgeMap>
        <edgeMap>
          <xCoord>353</xCoord>
          <yCoord>277</yCoord>
        </edgeMap>
        <edgeMap>
          <xCoord>352</xCoord>
          <yCoord>277</yCoord>
        </edgeMap>
      </roi>
      <roi>
        <imageZposition>-267.000000 </imageZposition>
        <imageSOP_UID>1.3.6.1.4.1.14519.5.2.1.6279.6001.247595451911206956416457893691</imageSOP_UID>
        <inclusion>TRUE</inclusion>
        <edgeMap>
          <xCoord>350</xCoord>
          <yCoord>277</yCoord>
        </edgeMap>
        <edgeMap>
          <xCoord>349</xCoord>
          <yCoord>278</yCoord>
        </edgeMap>
        <edgeMap>
          <xCoord>348</xCoord>
          <yCoord>279</yCoord>
        </edgeMap>
        <edgeMap>
          <xCoord>347</xCoord>
          <yCoord>279</yCoord>
        </edgeMap>
        <edgeMap>
          <xCoord>346</xCoord>
          <yCoord>279</yCoord>
        </edgeMap>
        <edgeMap>
          <xCoord>345</xCoord>
          <yCoord>279</yCoord>
        </edgeMap>
        <edgeMap>
          <xCoord>344</xCoord>
          <yCoord>279</yCoord>
        </edgeMap>
        <edgeMap>
          <xCoord>343</xCoord>
          <yCoord>280</yCoord>
        </edgeMap>
        <edgeMap>
          <xCoord>342</xCoord>
          <yCoord>281</yCoord>
        </edgeMap>
        <edgeMap>
          <xCoord>342</xCoord>
          <yCoord>282</yCoord>
        </edgeMap>
        <edgeMap>
          <xCoord>342</xCoord>
          <yCoord>283</yCoord>
        </edgeMap>
        <edgeMap>
          <xCoord>342</xCoord>
          <yCoord>284</yCoord>
        </edgeMap>
        <edgeMap>
          <xCoord>342</xCoord>
          <yCoord>285</yCoord>
        </edgeMap>
        <edgeMap>
          <xCoord>342</xCoord>
          <yCoord>286</yCoord>
        </edgeMap>
        <edgeMap>
          <xCoord>342</xCoord>
          <yCoord>287</yCoord>
        </edgeMap>
        <edgeMap>
          <xCoord>343</xCoord>
          <yCoord>288</yCoord>
        </edgeMap>
        <edgeMap>
          <xCoord>344</xCoord>
          <yCoord>289</yCoord>
        </edgeMap>
        <edgeMap>
          <xCoord>344</xCoord>
          <yCoord>290</yCoord>
        </edgeMap>
        <edgeMap>
          <xCoord>345</xCoord>
          <yCoord>291</yCoord>
        </edgeMap>
        <edgeMap>
          <xCoord>345</xCoord>
          <yCoord>292</yCoord>
        </edgeMap>
        <edgeMap>
          <xCoord>346</xCoord>
          <yCoord>293</yCoord>
        </edgeMap>
        <edgeMap>
          <xCoord>347</xCoord>
          <yCoord>294</yCoord>
        </edgeMap>
        <edgeMap>
          <xCoord>348</xCoord>
          <yCoord>295</yCoord>
        </edgeMap>
        <edgeMap>
          <xCoord>349</xCoord>
          <yCoord>295</yCoord>
        </edgeMap>
        <edgeMap>
          <xCoord>350</xCoord>
          <yCoord>295</yCoord>
        </edgeMap>
        <edgeMap>
          <xCoord>351</xCoord>
          <yCoord>295</yCoord>
        </edgeMap>
        <edgeMap>
          <xCoord>352</xCoord>
          <yCoord>295</yCoord>
        </edgeMap>
        <edgeMap>
          <xCoord>353</xCoord>
          <yCoord>295</yCoord>
        </edgeMap>
        <edgeMap>
          <xCoord>354</xCoord>
          <yCoord>295</yCoord>
        </edgeMap>
        <edgeMap>
          <xCoord>355</xCoord>
          <yCoord>295</yCoord>
        </edgeMap>
        <edgeMap>
          <xCoord>356</xCoord>
          <yCoord>294</yCoord>
        </edgeMap>
        <edgeMap>
          <xCoord>357</xCoord>
          <yCoord>293</yCoord>
        </edgeMap>
        <edgeMap>
          <xCoord>357</xCoord>
          <yCoord>292</yCoord>
        </edgeMap>
        <edgeMap>
          <xCoord>358</xCoord>
          <yCoord>291</yCoord>
        </edgeMap>
        <edgeMap>
          <xCoord>359</xCoord>
          <yCoord>291</yCoord>
        </edgeMap>
        <edgeMap>
          <xCoord>360</xCoord>
          <yCoord>291</yCoord>
        </edgeMap>
        <edgeMap>
          <xCoord>361</xCoord>
          <yCoord>291</yCoord>
        </edgeMap>
        <edgeMap>
          <xCoord>362</xCoord>
          <yCoord>291</yCoord>
        </edgeMap>
        <edgeMap>
          <xCoord>363</xCoord>
          <yCoord>290</yCoord>
        </edgeMap>
        <edgeMap>
          <xCoord>363</xCoord>
          <yCoord>289</yCoord>
        </edgeMap>
        <edgeMap>
          <xCoord>363</xCoord>
          <yCoord>288</yCoord>
        </edgeMap>
        <edgeMap>
          <xCoord>363</xCoord>
          <yCoord>287</yCoord>
        </edgeMap>
        <edgeMap>
          <xCoord>363</xCoord>
          <yCoord>286</yCoord>
        </edgeMap>
        <edgeMap>
          <xCoord>363</xCoord>
          <yCoord>285</yCoord>
        </edgeMap>
        <edgeMap>
          <xCoord>363</xCoord>
          <yCoord>284</yCoord>
        </edgeMap>
        <edgeMap>
          <xCoord>362</xCoord>
          <yCoord>283</yCoord>
        </edgeMap>
        <edgeMap>
          <xCoord>362</xCoord>
          <yCoord>282</yCoord>
        </edgeMap>
        <edgeMap>
          <xCoord>362</xCoord>
          <yCoord>281</yCoord>
        </edgeMap>
        <edgeMap>
          <xCoord>362</xCoord>
          <yCoord>280</yCoord>
        </edgeMap>
        <edgeMap>
          <xCoord>361</xCoord>
          <yCoord>279</yCoord>
        </edgeMap>
        <edgeMap>
          <xCoord>360</xCoord>
          <yCoord>279</yCoord>
        </edgeMap>
        <edgeMap>
          <xCoord>359</xCoord>
          <yCoord>278</yCoord>
        </edgeMap>
        <edgeMap>
          <xCoord>358</xCoord>
          <yCoord>278</yCoord>
        </edgeMap>
        <edgeMap>
          <xCoord>357</xCoord>
          <yCoord>277</yCoord>
        </edgeMap>
        <edgeMap>
          <xCoord>356</xCoord>
          <yCoord>277</yCoord>
        </edgeMap>
        <edgeMap>
          <xCoord>355</xCoord>
          <yCoord>277</yCoord>
        </edgeMap>
        <edgeMap>
          <xCoord>354</xCoord>
          <yCoord>277</yCoord>
        </edgeMap>
        <edgeMap>
          <xCoord>353</xCoord>
          <yCoord>277</yCoord>
        </edgeMap>
        <edgeMap>
          <xCoord>352</xCoord>
          <yCoord>277</yCoord>
        </edgeMap>
        <edgeMap>
          <xCoord>351</xCoord>
          <yCoord>277</yCoord>
        </edgeMap>
        <edgeMap>
          <xCoord>350</xCoord>
          <yCoord>277</yCoord>
        </edgeMap>
      </roi>
      <roi>
        <imageZposition>-264.500000 </imageZposition>
        <imageSOP_UID>1.3.6.1.4.1.14519.5.2.1.6279.6001.838817940889108275632765501071</imageSOP_UID>
        <inclusion>TRUE</inclusion>
        <edgeMap>
          <xCoord>351</xCoord>
          <yCoord>277</yCoord>
        </edgeMap>
        <edgeMap>
          <xCoord>350</xCoord>
          <yCoord>278</yCoord>
        </edgeMap>
        <edgeMap>
          <xCoord>349</xCoord>
          <yCoord>279</yCoord>
        </edgeMap>
        <edgeMap>
          <xCoord>348</xCoord>
          <yCoord>279</yCoord>
        </edgeMap>
        <edgeMap>
          <xCoord>347</xCoord>
          <yCoord>280</yCoord>
        </edgeMap>
        <edgeMap>
          <xCoord>346</xCoord>
          <yCoord>280</yCoord>
        </edgeMap>
        <edgeMap>
          <xCoord>345</xCoord>
          <yCoord>280</yCoord>
        </edgeMap>
        <edgeMap>
          <xCoord>344</xCoord>
          <yCoord>280</yCoord>
        </edgeMap>
        <edgeMap>
          <xCoord>343</xCoord>
          <yCoord>281</yCoord>
        </edgeMap>
        <edgeMap>
          <xCoord>343</xCoord>
          <yCoord>282</yCoord>
        </edgeMap>
        <edgeMap>
          <xCoord>343</xCoord>
          <yCoord>283</yCoord>
        </edgeMap>
        <edgeMap>
          <xCoord>343</xCoord>
          <yCoord>284</yCoord>
        </edgeMap>
        <edgeMap>
          <xCoord>343</xCoord>
          <yCoord>285</yCoord>
        </edgeMap>
        <edgeMap>
          <xCoord>343</xCoord>
          <yCoord>286</yCoord>
        </edgeMap>
        <edgeMap>
          <xCoord>342</xCoord>
          <yCoord>287</yCoord>
        </edgeMap>
        <edgeMap>
          <xCoord>342</xCoord>
          <yCoord>288</yCoord>
        </edgeMap>
        <edgeMap>
          <xCoord>343</xCoord>
          <yCoord>289</yCoord>
        </edgeMap>
        <edgeMap>
          <xCoord>343</xCoord>
          <yCoord>290</yCoord>
        </edgeMap>
        <edgeMap>
          <xCoord>344</xCoord>
          <yCoord>291</yCoord>
        </edgeMap>
        <edgeMap>
          <xCoord>344</xCoord>
          <yCoord>292</yCoord>
        </edgeMap>
        <edgeMap>
          <xCoord>345</xCoord>
          <yCoord>293</yCoord>
        </edgeMap>
        <edgeMap>
          <xCoord>345</xCoord>
          <yCoord>294</yCoord>
        </edgeMap>
        <edgeMap>
          <xCoord>346</xCoord>
          <yCoord>295</yCoord>
        </edgeMap>
        <edgeMap>
          <xCoord>347</xCoord>
          <yCoord>296</yCoord>
        </edgeMap>
        <edgeMap>
          <xCoord>348</xCoord>
          <yCoord>295</yCoord>
        </edgeMap>
        <edgeMap>
          <xCoord>349</xCoord>
          <yCoord>295</yCoord>
        </edgeMap>
        <edgeMap>
          <xCoord>350</xCoord>
          <yCoord>295</yCoord>
        </edgeMap>
        <edgeMap>
          <xCoord>351</xCoord>
          <yCoord>295</yCoord>
        </edgeMap>
        <edgeMap>
          <xCoord>352</xCoord>
          <yCoord>295</yCoord>
        </edgeMap>
        <edgeMap>
          <xCoord>353</xCoord>
          <yCoord>295</yCoord>
        </edgeMap>
        <edgeMap>
          <xCoord>354</xCoord>
          <yCoord>294</yCoord>
        </edgeMap>
        <edgeMap>
          <xCoord>355</xCoord>
          <yCoord>293</yCoord>
        </edgeMap>
        <edgeMap>
          <xCoord>356</xCoord>
          <yCoord>293</yCoord>
        </edgeMap>
        <edgeMap>
          <xCoord>357</xCoord>
          <yCoord>293</yCoord>
        </edgeMap>
        <edgeMap>
          <xCoord>358</xCoord>
          <yCoord>292</yCoord>
        </edgeMap>
        <edgeMap>
          <xCoord>359</xCoord>
          <yCoord>292</yCoord>
        </edgeMap>
        <edgeMap>
          <xCoord>360</xCoord>
          <yCoord>291</yCoord>
        </edgeMap>
        <edgeMap>
          <xCoord>361</xCoord>
          <yCoord>291</yCoord>
        </edgeMap>
        <edgeMap>
          <xCoord>362</xCoord>
          <yCoord>291</yCoord>
        </edgeMap>
        <edgeMap>
          <xCoord>363</xCoord>
          <yCoord>290</yCoord>
        </edgeMap>
        <edgeMap>
          <xCoord>364</xCoord>
          <yCoord>290</yCoord>
        </edgeMap>
        <edgeMap>
          <xCoord>365</xCoord>
          <yCoord>289</yCoord>
        </edgeMap>
        <edgeMap>
          <xCoord>365</xCoord>
          <yCoord>288</yCoord>
        </edgeMap>
        <edgeMap>
          <xCoord>364</xCoord>
          <yCoord>287</yCoord>
        </edgeMap>
        <edgeMap>
          <xCoord>364</xCoord>
          <yCoord>286</yCoord>
        </edgeMap>
        <edgeMap>
          <xCoord>363</xCoord>
          <yCoord>285</yCoord>
        </edgeMap>
        <edgeMap>
          <xCoord>363</xCoord>
          <yCoord>284</yCoord>
        </edgeMap>
        <edgeMap>
          <xCoord>362</xCoord>
          <yCoord>283</yCoord>
        </edgeMap>
        <edgeMap>
          <xCoord>362</xCoord>
          <yCoord>282</yCoord>
        </edgeMap>
        <edgeMap>
          <xCoord>361</xCoord>
          <yCoord>281</yCoord>
        </edgeMap>
        <edgeMap>
          <xCoord>360</xCoord>
          <yCoord>280</yCoord>
        </edgeMap>
        <edgeMap>
          <xCoord>359</xCoord>
          <yCoord>279</yCoord>
        </edgeMap>
        <edgeMap>
          <xCoord>358</xCoord>
          <yCoord>278</yCoord>
        </edgeMap>
        <edgeMap>
          <xCoord>357</xCoord>
          <yCoord>277</yCoord>
        </edgeMap>
        <edgeMap>
          <xCoord>356</xCoord>
          <yCoord>277</yCoord>
        </edgeMap>
        <edgeMap>
          <xCoord>355</xCoord>
          <yCoord>277</yCoord>
        </edgeMap>
        <edgeMap>
          <xCoord>354</xCoord>
          <yCoord>277</yCoord>
        </edgeMap>
        <edgeMap>
          <xCoord>353</xCoord>
          <yCoord>277</yCoord>
        </edgeMap>
        <edgeMap>
          <xCoord>352</xCoord>
          <yCoord>277</yCoord>
        </edgeMap>
        <edgeMap>
          <xCoord>351</xCoord>
          <yCoord>277</yCoord>
        </edgeMap>
      </roi>
      <roi>
        <imageZposition>-262.000000 </imageZposition>
        <imageSOP_UID>1.3.6.1.4.1.14519.5.2.1.6279.6001.154048489433108972866189463782</imageSOP_UID>
        <inclusion>TRUE</inclusion>
        <edgeMap>
          <xCoord>348</xCoord>
          <yCoord>279</yCoord>
        </edgeMap>
        <edgeMap>
          <xCoord>347</xCoord>
          <yCoord>280</yCoord>
        </edgeMap>
        <edgeMap>
          <xCoord>346</xCoord>
          <yCoord>281</yCoord>
        </edgeMap>
        <edgeMap>
          <xCoord>345</xCoord>
          <yCoord>282</yCoord>
        </edgeMap>
        <edgeMap>
          <xCoord>345</xCoord>
          <yCoord>283</yCoord>
        </edgeMap>
        <edgeMap>
          <xCoord>344</xCoord>
          <yCoord>284</yCoord>
        </edgeMap>
        <edgeMap>
          <xCoord>344</xCoord>
          <yCoord>285</yCoord>
        </edgeMap>
        <edgeMap>
          <xCoord>344</xCoord>
          <yCoord>286</yCoord>
        </edgeMap>
        <edgeMap>
          <xCoord>344</xCoord>
          <yCoord>287</yCoord>
        </edgeMap>
        <edgeMap>
          <xCoord>344</xCoord>
          <yCoord>288</yCoord>
        </edgeMap>
        <edgeMap>
          <xCoord>344</xCoord>
          <yCoord>289</yCoord>
        </edgeMap>
        <edgeMap>
          <xCoord>344</xCoord>
          <yCoord>290</yCoord>
        </edgeMap>
        <edgeMap>
          <xCoord>344</xCoord>
          <yCoord>291</yCoord>
        </edgeMap>
        <edgeMap>
          <xCoord>344</xCoord>
          <yCoord>292</yCoord>
        </edgeMap>
        <edgeMap>
          <xCoord>345</xCoord>
          <yCoord>293</yCoord>
        </edgeMap>
        <edgeMap>
          <xCoord>346</xCoord>
          <yCoord>294</yCoord>
        </edgeMap>
        <edgeMap>
          <xCoord>347</xCoord>
          <yCoord>295</yCoord>
        </edgeMap>
        <edgeMap>
          <xCoord>348</xCoord>
          <yCoord>296</yCoord>
        </edgeMap>
        <edgeMap>
          <xCoord>349</xCoord>
          <yCoord>296</yCoord>
        </edgeMap>
        <edgeMap>
          <xCoord>350</xCoord>
          <yCoord>295</yCoord>
        </edgeMap>
        <edgeMap>
          <xCoord>350</xCoord>
          <yCoord>294</yCoord>
        </edgeMap>
        <edgeMap>
          <xCoord>351</xCoord>
          <yCoord>293</yCoord>
        </edgeMap>
        <edgeMap>
          <xCoord>352</xCoord>
          <yCoord>293</yCoord>
        </edgeMap>
        <edgeMap>
          <xCoord>353</xCoord>
          <yCoord>293</yCoord>
        </edgeMap>
        <edgeMap>
          <xCoord>354</xCoord>
          <yCoord>293</yCoord>
        </edgeMap>
        <edgeMap>
          <xCoord>355</xCoord>
          <yCoord>293</yCoord>
        </edgeMap>
        <edgeMap>
          <xCoord>356</xCoord>
          <yCoord>293</yCoord>
        </edgeMap>
        <edgeMap>
          <xCoord>357</xCoord>
          <yCoord>293</yCoord>
        </edgeMap>
        <edgeMap>
          <xCoord>358</xCoord>
          <yCoord>292</yCoord>
        </edgeMap>
        <edgeMap>
          <xCoord>359</xCoord>
          <yCoord>291</yCoord>
        </edgeMap>
        <edgeMap>
          <xCoord>360</xCoord>
          <yCoord>291</yCoord>
        </edgeMap>
        <edgeMap>
          <xCoord>361</xCoord>
          <yCoord>290</yCoord>
        </edgeMap>
        <edgeMap>
          <xCoord>362</xCoord>
          <yCoord>289</yCoord>
        </edgeMap>
        <edgeMap>
          <xCoord>363</xCoord>
          <yCoord>288</yCoord>
        </edgeMap>
        <edgeMap>
          <xCoord>363</xCoord>
          <yCoord>287</yCoord>
        </edgeMap>
        <edgeMap>
          <xCoord>364</xCoord>
          <yCoord>286</yCoord>
        </edgeMap>
        <edgeMap>
          <xCoord>365</xCoord>
          <yCoord>285</yCoord>
        </edgeMap>
        <edgeMap>
          <xCoord>364</xCoord>
          <yCoord>284</yCoord>
        </edgeMap>
        <edgeMap>
          <xCoord>363</xCoord>
          <yCoord>283</yCoord>
        </edgeMap>
        <edgeMap>
          <xCoord>362</xCoord>
          <yCoord>283</yCoord>
        </edgeMap>
        <edgeMap>
          <xCoord>361</xCoord>
          <yCoord>282</yCoord>
        </edgeMap>
        <edgeMap>
          <xCoord>361</xCoord>
          <yCoord>281</yCoord>
        </edgeMap>
        <edgeMap>
          <xCoord>360</xCoord>
          <yCoord>280</yCoord>
        </edgeMap>
        <edgeMap>
          <xCoord>359</xCoord>
          <yCoord>279</yCoord>
        </edgeMap>
        <edgeMap>
          <xCoord>358</xCoord>
          <yCoord>279</yCoord>
        </edgeMap>
        <edgeMap>
          <xCoord>357</xCoord>
          <yCoord>279</yCoord>
        </edgeMap>
        <edgeMap>
          <xCoord>356</xCoord>
          <yCoord>279</yCoord>
        </edgeMap>
        <edgeMap>
          <xCoord>355</xCoord>
          <yCoord>279</yCoord>
        </edgeMap>
        <edgeMap>
          <xCoord>354</xCoord>
          <yCoord>279</yCoord>
        </edgeMap>
        <edgeMap>
          <xCoord>353</xCoord>
          <yCoord>279</yCoord>
        </edgeMap>
        <edgeMap>
          <xCoord>352</xCoord>
          <yCoord>279</yCoord>
        </edgeMap>
        <edgeMap>
          <xCoord>351</xCoord>
          <yCoord>279</yCoord>
        </edgeMap>
        <edgeMap>
          <xCoord>350</xCoord>
          <yCoord>279</yCoord>
        </edgeMap>
        <edgeMap>
          <xCoord>349</xCoord>
          <yCoord>279</yCoord>
        </edgeMap>
        <edgeMap>
          <xCoord>348</xCoord>
          <yCoord>279</yCoord>
        </edgeMap>
      </roi>
    </unblindedReadNodule>
    <unblindedReadNodule>
      <noduleID>Nodule 002</noduleID>
      <roi>
        <imageZposition>-224.500000 </imageZposition>
        <imageSOP_UID>1.3.6.1.4.1.14519.5.2.1.6279.6001.916021534061681100793679920195</imageSOP_UID>
        <inclusion>TRUE</inclusion>
        <edgeMap>
          <xCoord>113</xCoord>
          <yCoord>251</yCoord>
        </edgeMap>
      </roi>
    </unblindedReadNodule>
    <nonNodule>
      <nonNoduleID>_Non-nodule 001</nonNoduleID>
      <imageZposition>-209.500000 </imageZposition>
      <imageSOP_UID>1.3.6.1.4.1.14519.5.2.1.6279.6001.648786999838457459617859166271</imageSOP_UID>
      <locus>
        <xCoord>305</xCoord>
        <yCoord>170</yCoord>
      </locus>
    </nonNodule>
  </readingSession>
<readingSession>
    <annotationVersion>3.12</annotationVersion>
    <servicingRadiologistID>-1467588018</servicingRadiologistID>
    <unblindedReadNodule>
      <noduleID>IL057_168355</noduleID>
      <characteristics>
        <subtlety>5</subtlety>
        <internalStructure>1</internalStructure>
        <calcification>6</calcification>
        <sphericity>5</sphericity>
        <margin>4</margin>
        <lobulation>1</lobulation>
        <spiculation>1</spiculation>
        <texture>5</texture>
        <malignancy>5</malignancy>
      </characteristics>
      <roi>
        <imageZposition>-264.5</imageZposition>
        <imageSOP_UID>1.3.6.1.4.1.14519.5.2.1.6279.6001.838817940889108275632765501071</imageSOP_UID>
        <inclusion>TRUE</inclusion>
        <edgeMap>
          <xCoord>357</xCoord>
          <yCoord>294</yCoord>
        </edgeMap>
        <edgeMap>
          <xCoord>358</xCoord>
          <yCoord>293</yCoord>
        </edgeMap>
        <edgeMap>
          <xCoord>359</xCoord>
          <yCoord>292</yCoord>
        </edgeMap>
        <edgeMap>
          <xCoord>360</xCoord>
          <yCoord>292</yCoord>
        </edgeMap>
        <edgeMap>
          <xCoord>361</xCoord>
          <yCoord>292</yCoord>
        </edgeMap>
        <edgeMap>
          <xCoord>362</xCoord>
          <yCoord>292</yCoord>
        </edgeMap>
        <edgeMap>
          <xCoord>363</xCoord>
          <yCoord>292</yCoord>
        </edgeMap>
        <edgeMap>
          <xCoord>364</xCoord>
          <yCoord>292</yCoord>
        </edgeMap>
        <edgeMap>
          <xCoord>364</xCoord>
          <yCoord>291</yCoord>
        </edgeMap>
        <edgeMap>
          <xCoord>364</xCoord>
          <yCoord>290</yCoord>
        </edgeMap>
        <edgeMap>
          <xCoord>365</xCoord>
          <yCoord>289</yCoord>
        </edgeMap>
        <edgeMap>
          <xCoord>365</xCoord>
          <yCoord>288</yCoord>
        </edgeMap>
        <edgeMap>
          <xCoord>365</xCoord>
          <yCoord>287</yCoord>
        </edgeMap>
        <edgeMap>
          <xCoord>365</xCoord>
          <yCoord>286</yCoord>
        </edgeMap>
        <edgeMap>
          <xCoord>364</xCoord>
          <yCoord>285</yCoord>
        </edgeMap>
        <edgeMap>
          <xCoord>364</xCoord>
          <yCoord>284</yCoord>
        </edgeMap>
        <edgeMap>
          <xCoord>363</xCoord>
          <yCoord>284</yCoord>
        </edgeMap>
        <edgeMap>
          <xCoord>362</xCoord>
          <yCoord>283</yCoord>
        </edgeMap>
        <edgeMap>
          <xCoord>361</xCoord>
          <yCoord>282</yCoord>
        </edgeMap>
        <edgeMap>
          <xCoord>360</xCoord>
          <yCoord>281</yCoord>
        </edgeMap>
        <edgeMap>
          <xCoord>360</xCoord>
          <yCoord>280</yCoord>
        </edgeMap>
        <edgeMap>
          <xCoord>359</xCoord>
          <yCoord>279</yCoord>
        </edgeMap>
        <edgeMap>
          <xCoord>359</xCoord>
          <yCoord>278</yCoord>
        </edgeMap>
        <edgeMap>
          <xCoord>358</xCoord>
          <yCoord>277</yCoord>
        </edgeMap>
        <edgeMap>
          <xCoord>357</xCoord>
          <yCoord>277</yCoord>
        </edgeMap>
        <edgeMap>
          <xCoord>356</xCoord>
          <yCoord>276</yCoord>
        </edgeMap>
        <edgeMap>
          <xCoord>357</xCoord>
          <yCoord>275</yCoord>
        </edgeMap>
        <edgeMap>
          <xCoord>356</xCoord>
          <yCoord>276</yCoord>
        </edgeMap>
        <edgeMap>
          <xCoord>355</xCoord>
          <yCoord>276</yCoord>
        </edgeMap>
        <edgeMap>
          <xCoord>354</xCoord>
          <yCoord>277</yCoord>
        </edgeMap>
        <edgeMap>
          <xCoord>353</xCoord>
          <yCoord>277</yCoord>
        </edgeMap>
        <edgeMap>
          <xCoord>352</xCoord>
          <yCoord>278</yCoord>
        </edgeMap>
        <edgeMap>
          <xCoord>351</xCoord>
          <yCoord>278</yCoord>
        </edgeMap>
        <edgeMap>
          <xCoord>350</xCoord>
          <yCoord>278</yCoord>
        </edgeMap>
        <edgeMap>
          <xCoord>349</xCoord>
          <yCoord>278</yCoord>
        </edgeMap>
        <edgeMap>
          <xCoord>348</xCoord>
          <yCoord>278</yCoord>
        </edgeMap>
        <edgeMap>
          <xCoord>347</xCoord>
          <yCoord>279</yCoord>
        </edgeMap>
        <edgeMap>
          <xCoord>346</xCoord>
          <yCoord>280</yCoord>
        </edgeMap>
        <edgeMap>
          <xCoord>345</xCoord>
          <yCoord>281</yCoord>
        </edgeMap>
        <edgeMap>
          <xCoord>345</xCoord>
          <yCoord>282</yCoord>
        </edgeMap>
        <edgeMap>
          <xCoord>344</xCoord>
          <yCoord>283</yCoord>
        </edgeMap>
        <edgeMap>
          <xCoord>344</xCoord>
          <yCoord>284</yCoord>
        </edgeMap>
        <edgeMap>
          <xCoord>344</xCoord>
          <yCoord>285</yCoord>
        </edgeMap>
        <edgeMap>
          <xCoord>344</xCoord>
          <yCoord>286</yCoord>
        </edgeMap>
        <edgeMap>
          <xCoord>344</xCoord>
          <yCoord>287</yCoord>
        </edgeMap>
        <edgeMap>
          <xCoord>344</xCoord>
          <yCoord>288</yCoord>
        </edgeMap>
        <edgeMap>
          <xCoord>344</xCoord>
          <yCoord>289</yCoord>
        </edgeMap>
        <edgeMap>
          <xCoord>344</xCoord>
          <yCoord>290</yCoord>
        </edgeMap>
        <edgeMap>
          <xCoord>344</xCoord>
          <yCoord>291</yCoord>
        </edgeMap>
        <edgeMap>
          <xCoord>344</xCoord>
          <yCoord>292</yCoord>
        </edgeMap>
        <edgeMap>
          <xCoord>344</xCoord>
          <yCoord>293</yCoord>
        </edgeMap>
        <edgeMap>
          <xCoord>345</xCoord>
          <yCoord>293</yCoord>
        </edgeMap>
        <edgeMap>
          <xCoord>346</xCoord>
          <yCoord>293</yCoord>
        </edgeMap>
        <edgeMap>
          <xCoord>347</xCoord>
          <yCoord>294</yCoord>
        </edgeMap>
        <edgeMap>
          <xCoord>348</xCoord>
          <yCoord>294</yCoord>
        </edgeMap>
        <edgeMap>
          <xCoord>349</xCoord>
          <yCoord>294</yCoord>
        </edgeMap>
        <edgeMap>
          <xCoord>350</xCoord>
          <yCoord>294</yCoord>
        </edgeMap>
        <edgeMap>
          <xCoord>351</xCoord>
          <yCoord>294</yCoord>
        </edgeMap>
        <edgeMap>
          <xCoord>352</xCoord>
          <yCoord>294</yCoord>
        </edgeMap>
        <edgeMap>
          <xCoord>353</xCoord>
          <yCoord>294</yCoord>
        </edgeMap>
        <edgeMap>
          <xCoord>354</xCoord>
          <yCoord>294</yCoord>
        </edgeMap>
        <edgeMap>
          <xCoord>355</xCoord>
          <yCoord>294</yCoord>
        </edgeMap>
        <edgeMap>
          <xCoord>356</xCoord>
          <yCoord>294</yCoord>
        </edgeMap>
        <edgeMap>
          <xCoord>357</xCoord>
          <yCoord>294</yCoord>
        </edgeMap>
      </roi>
      <roi>
        <imageZposition>-267.0</imageZposition>
        <imageSOP_UID>1.3.6.1.4.1.14519.5.2.1.6279.6001.247595451911206956416457893691</imageSOP_UID>
        <inclusion>TRUE</inclusion>
        <edgeMap>
          <xCoord>353</xCoord>
          <yCoord>295</yCoord>
        </edgeMap>
        <edgeMap>
          <xCoord>354</xCoord>
          <yCoord>294</yCoord>
        </edgeMap>
        <edgeMap>
          <xCoord>355</xCoord>
          <yCoord>294</yCoord>
        </edgeMap>
        <edgeMap>
          <xCoord>356</xCoord>
          <yCoord>293</yCoord>
        </edgeMap>
        <edgeMap>
          <xCoord>357</xCoord>
          <yCoord>293</yCoord>
        </edgeMap>
        <edgeMap>
          <xCoord>358</xCoord>
          <yCoord>292</yCoord>
        </edgeMap>
        <edgeMap>
          <xCoord>359</xCoord>
          <yCoord>292</yCoord>
        </edgeMap>
        <edgeMap>
          <xCoord>360</xCoord>
          <yCoord>291</yCoord>
        </edgeMap>
        <edgeMap>
          <xCoord>361</xCoord>
          <yCoord>291</yCoord>
        </edgeMap>
        <edgeMap>
          <xCoord>362</xCoord>
          <yCoord>291</yCoord>
        </edgeMap>
        <edgeMap>
          <xCoord>363</xCoord>
          <yCoord>291</yCoord>
        </edgeMap>
        <edgeMap>
          <xCoord>364</xCoord>
          <yCoord>290</yCoord>
        </edgeMap>
        <edgeMap>
          <xCoord>364</xCoord>
          <yCoord>289</yCoord>
        </edgeMap>
        <edgeMap>
          <xCoord>364</xCoord>
          <yCoord>288</yCoord>
        </edgeMap>
        <edgeMap>
          <xCoord>364</xCoord>
          <yCoord>287</yCoord>
        </edgeMap>
        <edgeMap>
          <xCoord>364</xCoord>
          <yCoord>286</yCoord>
        </edgeMap>
        <edgeMap>
          <xCoord>364</xCoord>
          <yCoord>285</yCoord>
        </edgeMap>
        <edgeMap>
          <xCoord>364</xCoord>
          <yCoord>284</yCoord>
        </edgeMap>
        <edgeMap>
          <xCoord>363</xCoord>
          <yCoord>283</yCoord>
        </edgeMap>
        <edgeMap>
          <xCoord>362</xCoord>
          <yCoord>282</yCoord>
        </edgeMap>
        <edgeMap>
          <xCoord>362</xCoord>
          <yCoord>281</yCoord>
        </edgeMap>
        <edgeMap>
          <xCoord>362</xCoord>
          <yCoord>280</yCoord>
        </edgeMap>
        <edgeMap>
          <xCoord>362</xCoord>
          <yCoord>279</yCoord>
        </edgeMap>
        <edgeMap>
          <xCoord>361</xCoord>
          <yCoord>279</yCoord>
        </edgeMap>
        <edgeMap>
          <xCoord>360</xCoord>
          <yCoord>278</yCoord>
        </edgeMap>
        <edgeMap>
          <xCoord>359</xCoord>
          <yCoord>277</yCoord>
        </edgeMap>
        <edgeMap>
          <xCoord>358</xCoord>
          <yCoord>277</yCoord>
        </edgeMap>
        <edgeMap>
          <xCoord>357</xCoord>
          <yCoord>278</yCoord>
        </edgeMap>
        <edgeMap>
          <xCoord>356</xCoord>
          <yCoord>278</yCoord>
        </edgeMap>
        <edgeMap>
          <xCoord>355</xCoord>
          <yCoord>278</yCoord>
        </edgeMap>
        <edgeMap>
          <xCoord>354</xCoord>
          <yCoord>278</yCoord>
        </edgeMap>
        <edgeMap>
          <xCoord>353</xCoord>
          <yCoord>278</yCoord>
        </edgeMap>
        <edgeMap>
          <xCoord>352</xCoord>
          <yCoord>278</yCoord>
        </edgeMap>
        <edgeMap>
          <xCoord>351</xCoord>
          <yCoord>278</yCoord>
        </edgeMap>
        <edgeMap>
          <xCoord>350</xCoord>
          <yCoord>279</yCoord>
        </edgeMap>
        <edgeMap>
          <xCoord>349</xCoord>
          <yCoord>279</yCoord>
        </edgeMap>
        <edgeMap>
          <xCoord>348</xCoord>
          <yCoord>279</yCoord>
        </edgeMap>
        <edgeMap>
          <xCoord>347</xCoord>
          <yCoord>279</yCoord>
        </edgeMap>
        <edgeMap>
          <xCoord>346</xCoord>
          <yCoord>279</yCoord>
        </edgeMap>
        <edgeMap>
          <xCoord>346</xCoord>
          <yCoord>280</yCoord>
        </edgeMap>
        <edgeMap>
          <xCoord>346</xCoord>
          <yCoord>281</yCoord>
        </edgeMap>
        <edgeMap>
          <xCoord>345</xCoord>
          <yCoord>282</yCoord>
        </edgeMap>
        <edgeMap>
          <xCoord>345</xCoord>
          <yCoord>283</yCoord>
        </edgeMap>
        <edgeMap>
          <xCoord>345</xCoord>
          <yCoord>284</yCoord>
        </edgeMap>
        <edgeMap>
          <xCoord>344</xCoord>
          <yCoord>285</yCoord>
        </edgeMap>
        <edgeMap>
          <xCoord>344</xCoord>
          <yCoord>286</yCoord>
        </edgeMap>
        <edgeMap>
          <xCoord>344</xCoord>
          <yCoord>287</yCoord>
        </edgeMap>
        <edgeMap>
          <xCoord>344</xCoord>
          <yCoord>288</yCoord>
        </edgeMap>
        <edgeMap>
          <xCoord>344</xCoord>
          <yCoord>289</yCoord>
        </edgeMap>
        <edgeMap>
          <xCoord>345</xCoord>
          <yCoord>290</yCoord>
        </edgeMap>
        <edgeMap>
          <xCoord>345</xCoord>
          <yCoord>291</yCoord>
        </edgeMap>
        <edgeMap>
          <xCoord>346</xCoord>
          <yCoord>292</yCoord>
        </edgeMap>
        <edgeMap>
          <xCoord>346</xCoord>
          <yCoord>293</yCoord>
        </edgeMap>
        <edgeMap>
          <xCoord>347</xCoord>
          <yCoord>294</yCoord>
        </edgeMap>
        <edgeMap>
          <xCoord>348</xCoord>
          <yCoord>295</yCoord>
        </edgeMap>
        <edgeMap>
          <xCoord>349</xCoord>
          <yCoord>295</yCoord>
        </edgeMap>
        <edgeMap>
          <xCoord>350</xCoord>
          <yCoord>294</yCoord>
        </edgeMap>
        <edgeMap>
          <xCoord>351</xCoord>
          <yCoord>294</yCoord>
        </edgeMap>
        <edgeMap>
          <xCoord>352</xCoord>
          <yCoord>295</yCoord>
        </edgeMap>
        <edgeMap>
          <xCoord>353</xCoord>
          <yCoord>295</yCoord>
        </edgeMap>
      </roi>
      <roi>
        <imageZposition>-269.5</imageZposition>
        <imageSOP_UID>1.3.6.1.4.1.14519.5.2.1.6279.6001.316147130747771879606167054783</imageSOP_UID>
        <inclusion>TRUE</inclusion>
        <edgeMap>
          <xCoord>346</xCoord>
          <yCoord>293</yCoord>
        </edgeMap>
        <edgeMap>
          <xCoord>347</xCoord>
          <yCoord>292</yCoord>
        </edgeMap>
        <edgeMap>
          <xCoord>348</xCoord>
          <yCoord>292</yCoord>
        </edgeMap>
        <edgeMap>
          <xCoord>349</xCoord>
          <yCoord>292</yCoord>
        </edgeMap>
        <edgeMap>
          <xCoord>350</xCoord>
          <yCoord>292</yCoord>
        </edgeMap>
        <edgeMap>
          <xCoord>351</xCoord>
          <yCoord>292</yCoord>
        </edgeMap>
        <edgeMap>
          <xCoord>352</xCoord>
          <yCoord>292</yCoord>
        </edgeMap>
        <edgeMap>
          <xCoord>353</xCoord>
          <yCoord>292</yCoord>
        </edgeMap>
        <edgeMap>
          <xCoord>354</xCoord>
          <yCoord>292</yCoord>
        </edgeMap>
        <edgeMap>
          <xCoord>355</xCoord>
          <yCoord>292</yCoord>
        </edgeMap>
        <edgeMap>
          <xCoord>356</xCoord>
          <yCoord>291</yCoord>
        </edgeMap>
        <edgeMap>
          <xCoord>356</xCoord>
          <yCoord>290</yCoord>
        </edgeMap>
        <edgeMap>
          <xCoord>357</xCoord>
          <yCoord>289</yCoord>
        </edgeMap>
        <edgeMap>
          <xCoord>357</xCoord>
          <yCoord>288</yCoord>
        </edgeMap>
        <edgeMap>
          <xCoord>357</xCoord>
          <yCoord>287</yCoord>
        </edgeMap>
        <edgeMap>
          <xCoord>357</xCoord>
          <yCoord>286</yCoord>
        </edgeMap>
        <edgeMap>
          <xCoord>357</xCoord>
          <yCoord>285</yCoord>
        </edgeMap>
        <edgeMap>
          <xCoord>356</xCoord>
          <yCoord>284</yCoord>
        </edgeMap>
        <edgeMap>
          <xCoord>355</xCoord>
          <yCoord>283</yCoord>
        </edgeMap>
        <edgeMap>
          <xCoord>355</xCoord>
          <yCoord>282</yCoord>
        </edgeMap>
        <edgeMap>
          <xCoord>354</xCoord>
          <yCoord>281</yCoord>
        </edgeMap>
        <edgeMap>
          <xCoord>353</xCoord>
          <yCoord>280</yCoord>
        </edgeMap>
        <edgeMap>
          <xCoord>353</xCoord>
          <yCoord>279</yCoord>
        </edgeMap>
        <edgeMap>
          <xCoord>352</xCoord>
          <yCoord>278</yCoord>
        </edgeMap>
        <edgeMap>
          <xCoord>351</xCoord>
          <yCoord>279</yCoord>
        </edgeMap>
        <edgeMap>
          <xCoord>350</xCoord>
          <yCoord>280</yCoord>
        </edgeMap>
        <edgeMap>
          <xCoord>349</xCoord>
          <yCoord>280</yCoord>
        </edgeMap>
        <edgeMap>
          <xCoord>348</xCoord>
          <yCoord>280</yCoord>
        </edgeMap>
        <edgeMap>
          <xCoord>347</xCoord>
          <yCoord>280</yCoord>
        </edgeMap>
        <edgeMap>
          <xCoord>346</xCoord>
          <yCoord>280</yCoord>
        </edgeMap>
        <edgeMap>
          <xCoord>345</xCoord>
          <yCoord>280</yCoord>
        </edgeMap>
        <edgeMap>
          <xCoord>344</xCoord>
          <yCoord>280</yCoord>
        </edgeMap>
        <edgeMap>
          <xCoord>344</xCoord>
          <yCoord>281</yCoord>
        </edgeMap>
        <edgeMap>
          <xCoord>344</xCoord>
          <yCoord>282</yCoord>
        </edgeMap>
        <edgeMap>
          <xCoord>344</xCoord>
          <yCoord>283</yCoord>
        </edgeMap>
        <edgeMap>
          <xCoord>344</xCoord>
          <yCoord>284</yCoord>
        </edgeMap>
        <edgeMap>
          <xCoord>344</xCoord>
          <yCoord>285</yCoord>
        </edgeMap>
        <edgeMap>
          <xCoord>344</xCoord>
          <yCoord>286</yCoord>
        </edgeMap>
        <edgeMap>
          <xCoord>344</xCoord>
          <yCoord>287</yCoord>
        </edgeMap>
        <edgeMap>
          <xCoord>344</xCoord>
          <yCoord>288</yCoord>
        </edgeMap>
        <edgeMap>
          <xCoord>344</xCoord>
          <yCoord>289</yCoord>
        </edgeMap>
        <edgeMap>
          <xCoord>344</xCoord>
          <yCoord>290</yCoord>
        </edgeMap>
        <edgeMap>
          <xCoord>344</xCoord>
          <yCoord>291</yCoord>
        </edgeMap>
        <edgeMap>
          <xCoord>345</xCoord>
          <yCoord>292</yCoord>
        </edgeMap>
        <edgeMap>
          <xCoord>345</xCoord>
          <yCoord>293</yCoord>
        </edgeMap>
        <edgeMap>
          <xCoord>346</xCoord>
          <yCoord>293</yCoord>
        </edgeMap>
      </roi>
    </unblindedReadNodule>
    <unblindedReadNodule>
      <noduleID>IL057_168356</noduleID>
      <roi>
        <imageZposition>-209.5</imageZposition>
        <imageSOP_UID>1.3.6.1.4.1.14519.5.2.1.6279.6001.648786999838457459617859166271</imageSOP_UID>
        <inclusion>TRUE</inclusion>
        <edgeMap>
          <xCoord>305</xCoord>
          <yCoord>172</yCoord>
        </edgeMap>
      </roi>
    </unblindedReadNodule>
    <unblindedReadNodule>
      <noduleID>IL057_168360</noduleID>
      <roi>
        <imageZposition>-227.0</imageZposition>
        <imageSOP_UID>1.3.6.1.4.1.14519.5.2.1.6279.6001.292364852138720823103871858379</imageSOP_UID>
        <inclusion>TRUE</inclusion>
        <edgeMap>
          <xCoord>114</xCoord>
          <yCoord>250</yCoord>
        </edgeMap>
      </roi>
    </unblindedReadNodule>
  </readingSession>
<readingSession>
<annotationVersion>3.12</annotationVersion>
<servicingRadiologistID>-226654035</servicingRadiologistID>
<unblindedReadNodule>
<noduleID>MI014_13952</noduleID>
<roi>
<imageZposition>-154.5</imageZposition>
<imageSOP_UID>1.3.6.1.4.1.14519.5.2.1.6279.6001.696728195078980604483710077434</imageSOP_UID>
<inclusion>TRUE</inclusion>
<edgeMap>
<xCoord>102</xCoord>
<yCoord>305</yCoord>
</edgeMap>
</roi>
</unblindedReadNodule>
<unblindedReadNodule>
<noduleID>MI014_13953</noduleID>
<roi>
<imageZposition>-207.0</imageZposition>
<imageSOP_UID>1.3.6.1.4.1.14519.5.2.1.6279.6001.497038177332500652957701253687</imageSOP_UID>
<inclusion>TRUE</inclusion>
<edgeMap>
<xCoord>305</xCoord>
<yCoord>171</yCoord>
</edgeMap>
</roi>
</unblindedReadNodule>
<unblindedReadNodule>
<noduleID>MI014_13954</noduleID>
<roi>
<imageZposition>-227.0</imageZposition>
<imageSOP_UID>1.3.6.1.4.1.14519.5.2.1.6279.6001.292364852138720823103871858379</imageSOP_UID>
<inclusion>TRUE</inclusion>
<edgeMap>
<xCoord>114</xCoord>
<yCoord>250</yCoord>
</edgeMap>
</roi>
</unblindedReadNodule>
<unblindedReadNodule>
<noduleID>MI014_13955</noduleID>
<characteristics>
<subtlety>2</subtlety>
<internalStructure>1</internalStructure>
<calcification>6</calcification>
<sphericity>2</sphericity>
<margin>5</margin>
<lobulation>1</lobulation>
<spiculation>1</spiculation>
<texture>5</texture>
<malignancy>3</malignancy>
</characteristics>
<roi>
<imageZposition>-262.0</imageZposition>
<imageSOP_UID>1.3.6.1.4.1.14519.5.2.1.6279.6001.154048489433108972866189463782</imageSOP_UID>
<inclusion>TRUE</inclusion>
<edgeMap>
<xCoord>352</xCoord>
<yCoord>290</yCoord>
</edgeMap>
<edgeMap>
<xCoord>352</xCoord>
<yCoord>289</yCoord>
</edgeMap>
<edgeMap>
<xCoord>353</xCoord>
<yCoord>288</yCoord>
</edgeMap>
<edgeMap>
<xCoord>353</xCoord>
<yCoord>287</yCoord>
</edgeMap>
<edgeMap>
<xCoord>354</xCoord>
<yCoord>286</yCoord>
</edgeMap>
<edgeMap>
<xCoord>354</xCoord>
<yCoord>285</yCoord>
</edgeMap>
<edgeMap>
<xCoord>353</xCoord>
<yCoord>284</yCoord>
</edgeMap>
<edgeMap>
<xCoord>352</xCoord>
<yCoord>284</yCoord>
</edgeMap>
<edgeMap>
<xCoord>351</xCoord>
<yCoord>284</yCoord>
</edgeMap>
<edgeMap>
<xCoord>350</xCoord>
<yCoord>285</yCoord>
</edgeMap>
<edgeMap>
<xCoord>349</xCoord>
<yCoord>285</yCoord>
</edgeMap>
<edgeMap>
<xCoord>349</xCoord>
<yCoord>286</yCoord>
</edgeMap>
<edgeMap>
<xCoord>348</xCoord>
<yCoord>287</yCoord>
</edgeMap>
<edgeMap>
<xCoord>348</xCoord>
<yCoord>288</yCoord>
</edgeMap>
<edgeMap>
<xCoord>348</xCoord>
<yCoord>289</yCoord>
</edgeMap>
<edgeMap>
<xCoord>348</xCoord>
<yCoord>290</yCoord>
</edgeMap>
<edgeMap>
<xCoord>349</xCoord>
<yCoord>290</yCoord>
</edgeMap>
<edgeMap>
<xCoord>350</xCoord>
<yCoord>290</yCoord>
</edgeMap>
<edgeMap>
<xCoord>351</xCoord>
<yCoord>290</yCoord>
</edgeMap>
<edgeMap>
<xCoord>352</xCoord>
<yCoord>290</yCoord>
</edgeMap>
</roi>
<roi>
<imageZposition>-264.5</imageZposition>
<imageSOP_UID>1.3.6.1.4.1.14519.5.2.1.6279.6001.838817940889108275632765501071</imageSOP_UID>
<inclusion>TRUE</inclusion>
<edgeMap>
<xCoord>356</xCoord>
<yCoord>296</yCoord>
</edgeMap>
<edgeMap>
<xCoord>357</xCoord>
<yCoord>295</yCoord>
</edgeMap>
<edgeMap>
<xCoord>358</xCoord>
<yCoord>295</yCoord>
</edgeMap>
<edgeMap>
<xCoord>359</xCoord>
<yCoord>295</yCoord>
</edgeMap>
<edgeMap>
<xCoord>360</xCoord>
<yCoord>294</yCoord>
</edgeMap>
<edgeMap>
<xCoord>361</xCoord>
<yCoord>294</yCoord>
</edgeMap>
<edgeMap>
<xCoord>362</xCoord>
<yCoord>293</yCoord>
</edgeMap>
<edgeMap>
<xCoord>363</xCoord>
<yCoord>292</yCoord>
</edgeMap>
<edgeMap>
<xCoord>364</xCoord>
<yCoord>292</yCoord>
</edgeMap>
<edgeMap>
<xCoord>364</xCoord>
<yCoord>291</yCoord>
</edgeMap>
<edgeMap>
<xCoord>365</xCoord>
<yCoord>290</yCoord>
</edgeMap>
<edgeMap>
<xCoord>365</xCoord>
<yCoord>289</yCoord>
</edgeMap>
<edgeMap>
<xCoord>366</xCoord>
<yCoord>288</yCoord>
</edgeMap>
<edgeMap>
<xCoord>365</xCoord>
<yCoord>287</yCoord>
</edgeMap>
<edgeMap>
<xCoord>365</xCoord>
<yCoord>286</yCoord>
</edgeMap>
<edgeMap>
<xCoord>364</xCoord>
<yCoord>285</yCoord>
</edgeMap>
<edgeMap>
<xCoord>364</xCoord>
<yCoord>284</yCoord>
</edgeMap>
<edgeMap>
<xCoord>363</xCoord>
<yCoord>283</yCoord>
</edgeMap>
<edgeMap>
<xCoord>362</xCoord>
<yCoord>282</yCoord>
</edgeMap>
<edgeMap>
<xCoord>361</xCoord>
<yCoord>281</yCoord>
</edgeMap>
<edgeMap>
<xCoord>360</xCoord>
<yCoord>280</yCoord>
</edgeMap>
<edgeMap>
<xCoord>360</xCoord>
<yCoord>279</yCoord>
</edgeMap>
<edgeMap>
<xCoord>359</xCoord>
<yCoord>278</yCoord>
</edgeMap>
<edgeMap>
<xCoord>358</xCoord>
<yCoord>278</yCoord>
</edgeMap>
<edgeMap>
<xCoord>357</xCoord>
<yCoord>277</yCoord>
</edgeMap>
<edgeMap>
<xCoord>356</xCoord>
<yCoord>277</yCoord>
</edgeMap>
<edgeMap>
<xCoord>355</xCoord>
<yCoord>277</yCoord>
</edgeMap>
<edgeMap>
<xCoord>354</xCoord>
<yCoord>277</yCoord>
</edgeMap>
<edgeMap>
<xCoord>353</xCoord>
<yCoord>278</yCoord>
</edgeMap>
<edgeMap>
<xCoord>352</xCoord>
<yCoord>278</yCoord>
</edgeMap>
<edgeMap>
<xCoord>351</xCoord>
<yCoord>278</yCoord>
</edgeMap>
<edgeMap>
<xCoord>350</xCoord>
<yCoord>279</yCoord>
</edgeMap>
<edgeMap>
<xCoord>349</xCoord>
<yCoord>279</yCoord>
</edgeMap>
<edgeMap>
<xCoord>348</xCoord>
<yCoord>280</yCoord>
</edgeMap>
<edgeMap>
<xCoord>347</xCoord>
<yCoord>281</yCoord>
</edgeMap>
<edgeMap>
<xCoord>346</xCoord>
<yCoord>281</yCoord>
</edgeMap>
<edgeMap>
<xCoord>346</xCoord>
<yCoord>282</yCoord>
</edgeMap>
<edgeMap>
<xCoord>345</xCoord>
<yCoord>283</yCoord>
</edgeMap>
<edgeMap>
<xCoord>345</xCoord>
<yCoord>284</yCoord>
</edgeMap>
<edgeMap>
<xCoord>345</xCoord>
<yCoord>285</yCoord>
</edgeMap>
<edgeMap>
<xCoord>345</xCoord>
<yCoord>286</yCoord>
</edgeMap>
<edgeMap>
<xCoord>345</xCoord>
<yCoord>287</yCoord>
</edgeMap>
<edgeMap>
<xCoord>345</xCoord>
<yCoord>288</yCoord>
</edgeMap>
<edgeMap>
<xCoord>345</xCoord>
<yCoord>289</yCoord>
</edgeMap>
<edgeMap>
<xCoord>345</xCoord>
<yCoord>290</yCoord>
</edgeMap>
<edgeMap>
<xCoord>345</xCoord>
<yCoord>291</yCoord>
</edgeMap>
<edgeMap>
<xCoord>345</xCoord>
<yCoord>292</yCoord>
</edgeMap>
<edgeMap>
<xCoord>345</xCoord>
<yCoord>293</yCoord>
</edgeMap>
<edgeMap>
<xCoord>346</xCoord>
<yCoord>294</yCoord>
</edgeMap>
<edgeMap>
<xCoord>346</xCoord>
<yCoord>295</yCoord>
</edgeMap>
<edgeMap>
<xCoord>347</xCoord>
<yCoord>295</yCoord>
</edgeMap>
<edgeMap>
<xCoord>348</xCoord>
<yCoord>296</yCoord>
</edgeMap>
<edgeMap>
<xCoord>349</xCoord>
<yCoord>296</yCoord>
</edgeMap>
<edgeMap>
<xCoord>350</xCoord>
<yCoord>296</yCoord>
</edgeMap>
<edgeMap>
<xCoord>351</xCoord>
<yCoord>296</yCoord>
</edgeMap>
<edgeMap>
<xCoord>352</xCoord>
<yCoord>296</yCoord>
</edgeMap>
<edgeMap>
<xCoord>353</xCoord>
<yCoord>295</yCoord>
</edgeMap>
<edgeMap>
<xCoord>354</xCoord>
<yCoord>295</yCoord>
</edgeMap>
<edgeMap>
<xCoord>355</xCoord>
<yCoord>296</yCoord>
</edgeMap>
<edgeMap>
<xCoord>356</xCoord>
<yCoord>296</yCoord>
</edgeMap>
</roi>
<roi>
<imageZposition>-267.0</imageZposition>
<imageSOP_UID>1.3.6.1.4.1.14519.5.2.1.6279.6001.247595451911206956416457893691</imageSOP_UID>
<inclusion>TRUE</inclusion>
<edgeMap>
<xCoord>354</xCoord>
<yCoord>298</yCoord>
</edgeMap>
<edgeMap>
<xCoord>355</xCoord>
<yCoord>297</yCoord>
</edgeMap>
<edgeMap>
<xCoord>356</xCoord>
<yCoord>297</yCoord>
</edgeMap>
<edgeMap>
<xCoord>356</xCoord>
<yCoord>296</yCoord>
</edgeMap>
<edgeMap>
<xCoord>357</xCoord>
<yCoord>295</yCoord>
</edgeMap>
<edgeMap>
<xCoord>358</xCoord>
<yCoord>294</yCoord>
</edgeMap>
<edgeMap>
<xCoord>359</xCoord>
<yCoord>294</yCoord>
</edgeMap>
<edgeMap>
<xCoord>360</xCoord>
<yCoord>294</yCoord>
</edgeMap>
<edgeMap>
<xCoord>361</xCoord>
<yCoord>294</yCoord>
</edgeMap>
<edgeMap>
<xCoord>362</xCoord>
<yCoord>293</yCoord>
</edgeMap>
<edgeMap>
<xCoord>363</xCoord>
<yCoord>293</yCoord>
</edgeMap>
<edgeMap>
<xCoord>363</xCoord>
<yCoord>292</yCoord>
</edgeMap>
<edgeMap>
<xCoord>364</xCoord>
<yCoord>291</yCoord>
</edgeMap>
<edgeMap>
<xCoord>364</xCoord>
<yCoord>290</yCoord>
</edgeMap>
<edgeMap>
<xCoord>365</xCoord>
<yCoord>289</yCoord>
</edgeMap>
<edgeMap>
<xCoord>365</xCoord>
<yCoord>288</yCoord>
</edgeMap>
<edgeMap>
<xCoord>365</xCoord>
<yCoord>287</yCoord>
</edgeMap>
<edgeMap>
<xCoord>365</xCoord>
<yCoord>286</yCoord>
</edgeMap>
<edgeMap>
<xCoord>365</xCoord>
<yCoord>285</yCoord>
</edgeMap>
<edgeMap>
<xCoord>364</xCoord>
<yCoord>284</yCoord>
</edgeMap>
<edgeMap>
<xCoord>364</xCoord>
<yCoord>283</yCoord>
</edgeMap>
<edgeMap>
<xCoord>363</xCoord>
<yCoord>282</yCoord>
</edgeMap>
<edgeMap>
<xCoord>362</xCoord>
<yCoord>281</yCoord>
</edgeMap>
<edgeMap>
<xCoord>361</xCoord>
<yCoord>281</yCoord>
</edgeMap>
<edgeMap>
<xCoord>360</xCoord>
<yCoord>280</yCoord>
</edgeMap>
<edgeMap>
<xCoord>359</xCoord>
<yCoord>280</yCoord>
</edgeMap>
<edgeMap>
<xCoord>358</xCoord>
<yCoord>279</yCoord>
</edgeMap>
<edgeMap>
<xCoord>357</xCoord>
<yCoord>279</yCoord>
</edgeMap>
<edgeMap>
<xCoord>356</xCoord>
<yCoord>279</yCoord>
</edgeMap>
<edgeMap>
<xCoord>355</xCoord>
<yCoord>279</yCoord>
</edgeMap>
<edgeMap>
<xCoord>354</xCoord>
<yCoord>279</yCoord>
</edgeMap>
<edgeMap>
<xCoord>353</xCoord>
<yCoord>279</yCoord>
</edgeMap>
<edgeMap>
<xCoord>352</xCoord>
<yCoord>279</yCoord>
</edgeMap>
<edgeMap>
<xCoord>351</xCoord>
<yCoord>279</yCoord>
</edgeMap>
<edgeMap>
<xCoord>350</xCoord>
<yCoord>279</yCoord>
</edgeMap>
<edgeMap>
<xCoord>349</xCoord>
<yCoord>279</yCoord>
</edgeMap>
<edgeMap>
<xCoord>348</xCoord>
<yCoord>279</yCoord>
</edgeMap>
<edgeMap>
<xCoord>347</xCoord>
<yCoord>279</yCoord>
</edgeMap>
<edgeMap>
<xCoord>346</xCoord>
<yCoord>280</yCoord>
</edgeMap>
<edgeMap>
<xCoord>345</xCoord>
<yCoord>280</yCoord>
</edgeMap>
<edgeMap>
<xCoord>345</xCoord>
<yCoord>281</yCoord>
</edgeMap>
<edgeMap>
<xCoord>344</xCoord>
<yCoord>282</yCoord>
</edgeMap>
<edgeMap>
<xCoord>344</xCoord>
<yCoord>283</yCoord>
</edgeMap>
<edgeMap>
<xCoord>343</xCoord>
<yCoord>284</yCoord>
</edgeMap>
<edgeMap>
<xCoord>343</xCoord>
<yCoord>285</yCoord>
</edgeMap>
<edgeMap>
<xCoord>343</xCoord>
<yCoord>286</yCoord>
</edgeMap>
<edgeMap>
<xCoord>344</xCoord>
<yCoord>287</yCoord>
</edgeMap>
<edgeMap>
<xCoord>344</xCoord>
<yCoord>288</yCoord>
</edgeMap>
<edgeMap>
<xCoord>344</xCoord>
<yCoord>289</yCoord>
</edgeMap>
<edgeMap>
<xCoord>344</xCoord>
<yCoord>290</yCoord>
</edgeMap>
<edgeMap>
<xCoord>345</xCoord>
<yCoord>291</yCoord>
</edgeMap>
<edgeMap>
<xCoord>345</xCoord>
<yCoord>292</yCoord>
</edgeMap>
<edgeMap>
<xCoord>346</xCoord>
<yCoord>293</yCoord>
</edgeMap>
<edgeMap>
<xCoord>346</xCoord>
<yCoord>294</yCoord>
</edgeMap>
<edgeMap>
<xCoord>347</xCoord>
<yCoord>295</yCoord>
</edgeMap>
<edgeMap>
<xCoord>347</xCoord>
<yCoord>296</yCoord>
</edgeMap>
<edgeMap>
<xCoord>348</xCoord>
<yCoord>296</yCoord>
</edgeMap>
<edgeMap>
<xCoord>349</xCoord>
<yCoord>297</yCoord>
</edgeMap>
<edgeMap>
<xCoord>350</xCoord>
<yCoord>297</yCoord>
</edgeMap>
<edgeMap>
<xCoord>351</xCoord>
<yCoord>297</yCoord>
</edgeMap>
<edgeMap>
<xCoord>352</xCoord>
<yCoord>297</yCoord>
</edgeMap>
<edgeMap>
<xCoord>353</xCoord>
<yCoord>298</yCoord>
</edgeMap>
<edgeMap>
<xCoord>354</xCoord>
<yCoord>298</yCoord>
</edgeMap>
</roi>
<roi>
<imageZposition>-269.5</imageZposition>
<imageSOP_UID>1.3.6.1.4.1.14519.5.2.1.6279.6001.316147130747771879606167054783</imageSOP_UID>
<inclusion>TRUE</inclusion>
<edgeMap>
<xCoord>350</xCoord>
<yCoord>297</yCoord>
</edgeMap>
<edgeMap>
<xCoord>351</xCoord>
<yCoord>296</yCoord>
</edgeMap>
<edgeMap>
<xCoord>352</xCoord>
<yCoord>296</yCoord>
</edgeMap>
<edgeMap>
<xCoord>352</xCoord>
<yCoord>295</yCoord>
</edgeMap>
<edgeMap>
<xCoord>353</xCoord>
<yCoord>294</yCoord>
</edgeMap>
<edgeMap>
<xCoord>354</xCoord>
<yCoord>294</yCoord>
</edgeMap>
<edgeMap>
<xCoord>355</xCoord>
<yCoord>293</yCoord>
</edgeMap>
<edgeMap>
<xCoord>356</xCoord>
<yCoord>292</yCoord>
</edgeMap>
<edgeMap>
<xCoord>356</xCoord>
<yCoord>291</yCoord>
</edgeMap>
<edgeMap>
<xCoord>357</xCoord>
<yCoord>290</yCoord>
</edgeMap>
<edgeMap>
<xCoord>356</xCoord>
<yCoord>289</yCoord>
</edgeMap>
<edgeMap>
<xCoord>356</xCoord>
<yCoord>288</yCoord>
</edgeMap>
<edgeMap>
<xCoord>355</xCoord>
<yCoord>287</yCoord>
</edgeMap>
<edgeMap>
<xCoord>354</xCoord>
<yCoord>286</yCoord>
</edgeMap>
<edgeMap>
<xCoord>355</xCoord>
<yCoord>285</yCoord>
</edgeMap>
<edgeMap>
<xCoord>354</xCoord>
<yCoord>284</yCoord>
</edgeMap>
<edgeMap>
<xCoord>354</xCoord>
<yCoord>283</yCoord>
</edgeMap>
<edgeMap>
<xCoord>354</xCoord>
<yCoord>282</yCoord>
</edgeMap>
<edgeMap>
<xCoord>353</xCoord>
<yCoord>281</yCoord>
</edgeMap>
<edgeMap>
<xCoord>353</xCoord>
<yCoord>280</yCoord>
</edgeMap>
<edgeMap>
<xCoord>352</xCoord>
<yCoord>280</yCoord>
</edgeMap>
<edgeMap>
<xCoord>351</xCoord>
<yCoord>279</yCoord>
</edgeMap>
<edgeMap>
<xCoord>350</xCoord>
<yCoord>279</yCoord>
</edgeMap>
<edgeMap>
<xCoord>349</xCoord>
<yCoord>279</yCoord>
</edgeMap>
<edgeMap>
<xCoord>348</xCoord>
<yCoord>279</yCoord>
</edgeMap>
<edgeMap>
<xCoord>347</xCoord>
<yCoord>279</yCoord>
</edgeMap>
<edgeMap>
<xCoord>346</xCoord>
<yCoord>279</yCoord>
</edgeMap>
<edgeMap>
<xCoord>345</xCoord>
<yCoord>279</yCoord>
</edgeMap>
<edgeMap>
<xCoord>344</xCoord>
<yCoord>278</yCoord>
</edgeMap>
<edgeMap>
<xCoord>343</xCoord>
<yCoord>279</yCoord>
</edgeMap>
<edgeMap>
<xCoord>342</xCoord>
<yCoord>279</yCoord>
</edgeMap>
<edgeMap>
<xCoord>342</xCoord>
<yCoord>280</yCoord>
</edgeMap>
<edgeMap>
<xCoord>341</xCoord>
<yCoord>281</yCoord>
</edgeMap>
<edgeMap>
<xCoord>342</xCoord>
<yCoord>282</yCoord>
</edgeMap>
<edgeMap>
<xCoord>342</xCoord>
<yCoord>283</yCoord>
</edgeMap>
<edgeMap>
<xCoord>343</xCoord>
<yCoord>284</yCoord>
</edgeMap>
<edgeMap>
<xCoord>343</xCoord>
<yCoord>285</yCoord>
</edgeMap>
<edgeMap>
<xCoord>344</xCoord>
<yCoord>285</yCoord>
</edgeMap>
<edgeMap>
<xCoord>345</xCoord>
<yCoord>286</yCoord>
</edgeMap>
<edgeMap>
<xCoord>345</xCoord>
<yCoord>287</yCoord>
</edgeMap>
<edgeMap>
<xCoord>345</xCoord>
<yCoord>288</yCoord>
</edgeMap>
<edgeMap>
<xCoord>345</xCoord>
<yCoord>289</yCoord>
</edgeMap>
<edgeMap>
<xCoord>345</xCoord>
<yCoord>290</yCoord>
</edgeMap>
<edgeMap>
<xCoord>345</xCoord>
<yCoord>291</yCoord>
</edgeMap>
<edgeMap>
<xCoord>345</xCoord>
<yCoord>292</yCoord>
</edgeMap>
<edgeMap>
<xCoord>346</xCoord>
<yCoord>293</yCoord>
</edgeMap>
<edgeMap>
<xCoord>346</xCoord>
<yCoord>294</yCoord>
</edgeMap>
<edgeMap>
<xCoord>347</xCoord>
<yCoord>295</yCoord>
</edgeMap>
<edgeMap>
<xCoord>348</xCoord>
<yCoord>296</yCoord>
</edgeMap>
<edgeMap>
<xCoord>349</xCoord>
<yCoord>296</yCoord>
</edgeMap>
<edgeMap>
<xCoord>350</xCoord>
<yCoord>297</yCoord>
</edgeMap>
</roi>
</unblindedReadNodule>
</readingSession>
<readingSession>
		<annotationVersion>3.12</annotationVersion>
		<servicingRadiologistID>-386299113</servicingRadiologistID>
			<unblindedReadNodule>
				<noduleID>0</noduleID>
				<characteristics>
					<subtlety>5</subtlety>
					<internalStructure>1</internalStructure>
					<calcification>6</calcification>
					<sphericity>5</sphericity>
					<margin>5</margin>
					<lobulation>1</lobulation>
					<spiculation>1</spiculation>
					<texture>5</texture>
					<malignancy>2</malignancy>
				</characteristics>
				<roi>
					<imageZposition>-262.0</imageZposition>
					<imageSOP_UID>1.3.6.1.4.1.14519.5.2.1.6279.6001.154048489433108972866189463782</imageSOP_UID>
					<inclusion>TRUE</inclusion>
					<edgeMap>
					<xCoord>347</xCoord>
					<yCoord>281</yCoord>
					</edgeMap>
					<edgeMap>
					<xCoord>346</xCoord>
					<yCoord>282</yCoord>
					</edgeMap>
					<edgeMap>
					<xCoord>346</xCoord>
					<yCoord>283</yCoord>
					</edgeMap>
					<edgeMap>
					<xCoord>345</xCoord>
					<yCoord>284</yCoord>
					</edgeMap>
					<edgeMap>
					<xCoord>344</xCoord>
					<yCoord>285</yCoord>
					</edgeMap>
					<edgeMap>
					<xCoord>344</xCoord>
					<yCoord>286</yCoord>
					</edgeMap>
					<edgeMap>
					<xCoord>344</xCoord>
					<yCoord>287</yCoord>
					</edgeMap>
					<edgeMap>
					<xCoord>343</xCoord>
					<yCoord>288</yCoord>
					</edgeMap>
					<edgeMap>
					<xCoord>343</xCoord>
					<yCoord>289</yCoord>
					</edgeMap>
					<edgeMap>
					<xCoord>343</xCoord>
					<yCoord>290</yCoord>
					</edgeMap>
					<edgeMap>
					<xCoord>343</xCoord>
					<yCoord>291</yCoord>
					</edgeMap>
					<edgeMap>
					<xCoord>344</xCoord>
					<yCoord>292</yCoord>
					</edgeMap>
					<edgeMap>
					<xCoord>345</xCoord>
					<yCoord>293</yCoord>
					</edgeMap>
					<edgeMap>
					<xCoord>346</xCoord>
					<yCoord>294</yCoord>
					</edgeMap>
					<edgeMap>
					<xCoord>346</xCoord>
					<yCoord>295</yCoord>
					</edgeMap>
					<edgeMap>
					<xCoord>347</xCoord>
					<yCoord>295</yCoord>
					</edgeMap>
					<edgeMap>
					<xCoord>347</xCoord>
					<yCoord>296</yCoord>
					</edgeMap>
					<edgeMap>
					<xCoord>348</xCoord>
					<yCoord>297</yCoord>
					</edgeMap>
					<edgeMap>
					<xCoord>349</xCoord>
					<yCoord>297</yCoord>
					</edgeMap>
					<edgeMap>
					<xCoord>350</xCoord>
					<yCoord>297</yCoord>
					</edgeMap>
					<edgeMap>
					<xCoord>351</xCoord>
					<yCoord>297</yCoord>
					</edgeMap>
					<edgeMap>
					<xCoord>352</xCoord>
					<yCoord>296</yCoord>
					</edgeMap>
					<edgeMap>
					<xCoord>353</xCoord>
					<yCoord>295</yCoord>
					</edgeMap>
					<edgeMap>
					<xCoord>353</xCoord>
					<yCoord>294</yCoord>
					</edgeMap>
					<edgeMap>
					<xCoord>354</xCoord>
					<yCoord>294</yCoord>
					</edgeMap>
					<edgeMap>
					<xCoord>354</xCoord>
					<yCoord>295</yCoord>
					</edgeMap>
					<edgeMap>
					<xCoord>355</xCoord>
					<yCoord>296</yCoord>
					</edgeMap>
					<edgeMap>
					<xCoord>356</xCoord>
					<yCoord>296</yCoord>
					</edgeMap>
					<edgeMap>
					<xCoord>357</xCoord>
					<yCoord>296</yCoord>
					</edgeMap>
					<edgeMap>
					<xCoord>358</xCoord>
					<yCoord>295</yCoord>
					</edgeMap>
					<edgeMap>
					<xCoord>359</xCoord>
					<yCoord>294</yCoord>
					</edgeMap>
					<edgeMap>
					<xCoord>359</xCoord>
					<yCoord>293</yCoord>
					</edgeMap>
					<edgeMap>
					<xCoord>360</xCoord>
					<yCoord>292</yCoord>
					</edgeMap>
					<edgeMap>
					<xCoord>361</xCoord>
					<yCoord>291</yCoord>
					</edgeMap>
					<edgeMap>
					<xCoord>362</xCoord>
					<yCoord>290</yCoord>
					</edgeMap>
					<edgeMap>
					<xCoord>363</xCoord>
					<yCoord>289</yCoord>
					</edgeMap>
					<edgeMap>
					<xCoord>364</xCoord>
					<yCoord>288</yCoord>
					</edgeMap>
					<edgeMap>
					<xCoord>364</xCoord>
					<yCoord>287</yCoord>
					</edgeMap>
					<edgeMap>
					<xCoord>365</xCoord>
					<yCoord>286</yCoord>
					</edgeMap>
					<edgeMap>
					<xCoord>364</xCoord>
					<yCoord>285</yCoord>
					</edgeMap>
					<edgeMap>
					<xCoord>363</xCoord>
					<yCoord>284</yCoord>
					</edgeMap>
					<edgeMap>
					<xCoord>362</xCoord>
					<yCoord>283</yCoord>
					</edgeMap>
					<edgeMap>
					<xCoord>362</xCoord>
					<yCoord>282</yCoord>
					</edgeMap>
					<edgeMap>
					<xCoord>361</xCoord>
					<yCoord>281</yCoord>
					</edgeMap>
					<edgeMap>
					<xCoord>360</xCoord>
					<yCoord>281</yCoord>
					</edgeMap>
					<edgeMap>
					<xCoord>360</xCoord>
					<yCoord>280</yCoord>
					</edgeMap>
					<edgeMap>
					<xCoord>359</xCoord>
					<yCoord>279</yCoord>
					</edgeMap>
					<edgeMap>
					<xCoord>358</xCoord>
					<yCoord>279</yCoord>
					</edgeMap>
					<edgeMap>
					<xCoord>357</xCoord>
					<yCoord>279</yCoord>
					</edgeMap>
					<edgeMap>
					<xCoord>356</xCoord>
					<yCoord>278</yCoord>
					</edgeMap>
					<edgeMap>
					<xCoord>355</xCoord>
					<yCoord>278</yCoord>
					</edgeMap>
					<edgeMap>
					<xCoord>354</xCoord>
					<yCoord>278</yCoord>
					</edgeMap>
					<edgeMap>
					<xCoord>353</xCoord>
					<yCoord>278</yCoord>
					</edgeMap>
					<edgeMap>
					<xCoord>352</xCoord>
					<yCoord>279</yCoord>
					</edgeMap>
					<edgeMap>
					<xCoord>351</xCoord>
					<yCoord>279</yCoord>
					</edgeMap>
					<edgeMap>
					<xCoord>350</xCoord>
					<yCoord>279</yCoord>
					</edgeMap>
					<edgeMap>
					<xCoord>349</xCoord>
					<yCoord>279</yCoord>
					</edgeMap>
					<edgeMap>
					<xCoord>348</xCoord>
					<yCoord>279</yCoord>
					</edgeMap>
					<edgeMap>
					<xCoord>348</xCoord>
					<yCoord>280</yCoord>
					</edgeMap>
					<edgeMap>
					<xCoord>347</xCoord>
					<yCoord>281</yCoord>
					</edgeMap>
				</roi>
				<roi>
					<imageZposition>-264.5</imageZposition>
					<imageSOP_UID>1.3.6.1.4.1.14519.5.2.1.6279.6001.838817940889108275632765501071</imageSOP_UID>
					<inclusion>TRUE</inclusion>
					<edgeMap>
					<xCoord>345</xCoord>
					<yCoord>280</yCoord>
					</edgeMap>
					<edgeMap>
					<xCoord>344</xCoord>
					<yCoord>281</yCoord>
					</edgeMap>
					<edgeMap>
					<xCoord>343</xCoord>
					<yCoord>282</yCoord>
					</edgeMap>
					<edgeMap>
					<xCoord>343</xCoord>
					<yCoord>283</yCoord>
					</edgeMap>
					<edgeMap>
					<xCoord>343</xCoord>
					<yCoord>284</yCoord>
					</edgeMap>
					<edgeMap>
					<xCoord>343</xCoord>
					<yCoord>285</yCoord>
					</edgeMap>
					<edgeMap>
					<xCoord>343</xCoord>
					<yCoord>286</yCoord>
					</edgeMap>
					<edgeMap>
					<xCoord>343</xCoord>
					<yCoord>287</yCoord>
					</edgeMap>
					<edgeMap>
					<xCoord>343</xCoord>
					<yCoord>288</yCoord>
					</edgeMap>
					<edgeMap>
					<xCoord>343</xCoord>
					<yCoord>289</yCoord>
					</edgeMap>
					<edgeMap>
					<xCoord>343</xCoord>
					<yCoord>290</yCoord>
					</edgeMap>
					<edgeMap>
					<xCoord>344</xCoord>
					<yCoord>291</yCoord>
					</edgeMap>
					<edgeMap>
					<xCoord>345</xCoord>
					<yCoord>292</yCoord>
					</edgeMap>
					<edgeMap>
					<xCoord>345</xCoord>
					<yCoord>293</yCoord>
					</edgeMap>
					<edgeMap>
					<xCoord>346</xCoord>
					<yCoord>294</yCoord>
					</edgeMap>
					<edgeMap>
					<xCoord>347</xCoord>
					<yCoord>295</yCoord>
					</edgeMap>
					<edgeMap>
					<xCoord>348</xCoord>
					<yCoord>295</yCoord>
					</edgeMap>
					<edgeMap>
					<xCoord>349</xCoord>
					<yCoord>295</yCoord>
					</edgeMap>
					<edgeMap>
					<xCoord>350</xCoord>
					<yCoord>295</yCoord>
					</edgeMap>
					<edgeMap>
					<xCoord>351</xCoord>
					<yCoord>295</yCoord>
					</edgeMap>
					<edgeMap>
					<xCoord>352</xCoord>
					<yCoord>295</yCoord>
					</edgeMap>
					<edgeMap>
					<xCoord>353</xCoord>
					<yCoord>295</yCoord>
					</edgeMap>
					<edgeMap>
					<xCoord>354</xCoord>
					<yCoord>295</yCoord>
					</edgeMap>
					<edgeMap>
					<xCoord>355</xCoord>
					<yCoord>295</yCoord>
					</edgeMap>
					<edgeMap>
					<xCoord>356</xCoord>
					<yCoord>295</yCoord>
					</edgeMap>
					<edgeMap>
					<xCoord>357</xCoord>
					<yCoord>294</yCoord>
					</edgeMap>
					<edgeMap>
					<xCoord>358</xCoord>
					<yCoord>294</yCoord>
					</edgeMap>
					<edgeMap>
					<xCoord>359</xCoord>
					<yCoord>293</yCoord>
					</edgeMap>
					<edgeMap>
					<xCoord>360</xCoord>
					<yCoord>293</yCoord>
					</edgeMap>
					<edgeMap>
					<xCoord>361</xCoord>
					<yCoord>293</yCoord>
					</edgeMap>
					<edgeMap>
					<xCoord>362</xCoord>
					<yCoord>292</yCoord>
					</edgeMap>
					<edgeMap>
					<xCoord>363</xCoord>
					<yCoord>291</yCoord>
					</edgeMap>
					<edgeMap>
					<xCoord>364</xCoord>
					<yCoord>290</yCoord>
					</edgeMap>
					<edgeMap>
					<xCoord>364</xCoord>
					<yCoord>289</yCoord>
					</edgeMap>
					<edgeMap>
					<xCoord>365</xCoord>
					<yCoord>288</yCoord>
					</edgeMap>
					<edgeMap>
					<xCoord>365</xCoord>
					<yCoord>287</yCoord>
					</edgeMap>
					<edgeMap>
					<xCoord>365</xCoord>
					<yCoord>286</yCoord>
					</edgeMap>
					<edgeMap>
					<xCoord>365</xCoord>
					<yCoord>285</yCoord>
					</edgeMap>
					<edgeMap>
					<xCoord>365</xCoord>
					<yCoord>284</yCoord>
					</edgeMap>
					<edgeMap>
					<xCoord>364</xCoord>
					<yCoord>284</yCoord>
					</edgeMap>
					<edgeMap>
					<xCoord>364</xCoord>
					<yCoord>283</yCoord>
					</edgeMap>
					<edgeMap>
					<xCoord>363</xCoord>
					<yCoord>282</yCoord>
					</edgeMap>
					<edgeMap>
					<xCoord>362</xCoord>
					<yCoord>282</yCoord>
					</edgeMap>
					<edgeMap>
					<xCoord>362</xCoord>
					<yCoord>281</yCoord>
					</edgeMap>
					<edgeMap>
					<xCoord>361</xCoord>
					<yCoord>280</yCoord>
					</edgeMap>
					<edgeMap>
					<xCoord>360</xCoord>
					<yCoord>279</yCoord>
					</edgeMap>
					<edgeMap>
					<xCoord>360</xCoord>
					<yCoord>278</yCoord>
					</edgeMap>
					<edgeMap>
					<xCoord>359</xCoord>
					<yCoord>277</yCoord>
					</edgeMap>
					<edgeMap>
					<xCoord>358</xCoord>
					<yCoord>277</yCoord>
					</edgeMap>
					<edgeMap>
					<xCoord>357</xCoord>
					<yCoord>276</yCoord>
					</edgeMap>
					<edgeMap>
					<xCoord>356</xCoord>
					<yCoord>276</yCoord>
					</edgeMap>
					<edgeMap>
					<xCoord>355</xCoord>
					<yCoord>276</yCoord>
					</edgeMap>
					<edgeMap>
					<xCoord>354</xCoord>
					<yCoord>276</yCoord>
					</edgeMap>
					<edgeMap>
					<xCoord>353</xCoord>
					<yCoord>277</yCoord>
					</edgeMap>
					<edgeMap>
					<xCoord>352</xCoord>
					<yCoord>277</yCoord>
					</edgeMap>
					<edgeMap>
					<xCoord>351</xCoord>
					<yCoord>277</yCoord>
					</edgeMap>
					<edgeMap>
					<xCoord>350</xCoord>
					<yCoord>277</yCoord>
					</edgeMap>
					<edgeMap>
					<xCoord>349</xCoord>
					<yCoord>277</yCoord>
					</edgeMap>
					<edgeMap>
					<xCoord>348</xCoord>
					<yCoord>277</yCoord>
					</edgeMap>
					<edgeMap>
					<xCoord>347</xCoord>
					<yCoord>277</yCoord>
					</edgeMap>
					<edgeMap>
					<xCoord>346</xCoord>
					<yCoord>278</yCoord>
					</edgeMap>
					<edgeMap>
					<xCoord>346</xCoord>
					<yCoord>279</yCoord>
					</edgeMap>
					<edgeMap>
					<xCoord>345</xCoord>
					<yCoord>280</yCoord>
					</edgeMap>
				</roi>
				<roi>
					<imageZposition>-267.0</imageZposition>
					<imageSOP_UID>1.3.6.1.4.1.14519.5.2.1.6279.6001.247595451911206956416457893691</imageSOP_UID>
					<inclusion>TRUE</inclusion>
					<edgeMap>
					<xCoord>361</xCoord>
					<yCoord>277</yCoord>
					</edgeMap>
					<edgeMap>
					<xCoord>362</xCoord>
					<yCoord>278</yCoord>
					</edgeMap>
					<edgeMap>
					<xCoord>362</xCoord>
					<yCoord>279</yCoord>
					</edgeMap>
					<edgeMap>
					<xCoord>363</xCoord>
					<yCoord>280</yCoord>
					</edgeMap>
					<edgeMap>
					<xCoord>363</xCoord>
					<yCoord>281</yCoord>
					</edgeMap>
					<edgeMap>
					<xCoord>363</xCoord>
					<yCoord>282</yCoord>
					</edgeMap>
					<edgeMap>
					<xCoord>364</xCoord>
					<yCoord>283</yCoord>
					</edgeMap>
					<edgeMap>
					<xCoord>364</xCoord>
					<yCoord>284</yCoord>
					</edgeMap>
					<edgeMap>
					<xCoord>365</xCoord>
					<yCoord>285</yCoord>
					</edgeMap>
					<edgeMap>
					<xCoord>365</xCoord>
					<yCoord>286</yCoord>
					</edgeMap>
					<edgeMap>
					<xCoord>365</xCoord>
					<yCoord>287</yCoord>
					</edgeMap>
					<edgeMap>
					<xCoord>364</xCoord>
					<yCoord>288</yCoord>
					</edgeMap>
					<edgeMap>
					<xCoord>364</xCoord>
					<yCoord>289</yCoord>
					</edgeMap>
					<edgeMap>
					<xCoord>364</xCoord>
					<yCoord>290</yCoord>
					</edgeMap>
					<edgeMap>
					<xCoord>363</xCoord>
					<yCoord>291</yCoord>
					</edgeMap>
					<edgeMap>
					<xCoord>362</xCoord>
					<yCoord>291</yCoord>
					</edgeMap>
					<edgeMap>
					<xCoord>361</xCoord>
					<yCoord>292</yCoord>
					</edgeMap>
					<edgeMap>
					<xCoord>360</xCoord>
					<yCoord>292</yCoord>
					</edgeMap>
					<edgeMap>
					<xCoord>359</xCoord>
					<yCoord>293</yCoord>
					</edgeMap>
					<edgeMap>
					<xCoord>358</xCoord>
					<yCoord>293</yCoord>
					</edgeMap>
					<edgeMap>
					<xCoord>357</xCoord>
					<yCoord>294</yCoord>
					</edgeMap>
					<edgeMap>
					<xCoord>356</xCoord>
					<yCoord>294</yCoord>
					</edgeMap>
					<edgeMap>
					<xCoord>355</xCoord>
					<yCoord>295</yCoord>
					</edgeMap>
					<edgeMap>
					<xCoord>354</xCoord>
					<yCoord>296</yCoord>
					</edgeMap>
					<edgeMap>
					<xCoord>353</xCoord>
					<yCoord>296</yCoord>
					</edgeMap>
					<edgeMap>
					<xCoord>352</xCoord>
					<yCoord>296</yCoord>
					</edgeMap>
					<edgeMap>
					<xCoord>351</xCoord>
					<yCoord>296</yCoord>
					</edgeMap>
					<edgeMap>
					<xCoord>350</xCoord>
					<yCoord>295</yCoord>
					</edgeMap>
					<edgeMap>
					<xCoord>349</xCoord>
					<yCoord>296</yCoord>
					</edgeMap>
					<edgeMap>
					<xCoord>349</xCoord>
					<yCoord>297</yCoord>
					</edgeMap>
					<edgeMap>
					<xCoord>348</xCoord>
					<yCoord>296</yCoord>
					</edgeMap>
					<edgeMap>
					<xCoord>347</xCoord>
					<yCoord>296</yCoord>
					</edgeMap>
					<edgeMap>
					<xCoord>346</xCoord>
					<yCoord>295</yCoord>
					</edgeMap>
					<edgeMap>
					<xCoord>345</xCoord>
					<yCoord>294</yCoord>
					</edgeMap>
					<edgeMap>
					<xCoord>345</xCoord>
					<yCoord>293</yCoord>
					</edgeMap>
					<edgeMap>
					<xCoord>344</xCoord>
					<yCoord>293</yCoord>
					</edgeMap>
					<edgeMap>
					<xCoord>344</xCoord>
					<yCoord>292</yCoord>
					</edgeMap>
					<edgeMap>
					<xCoord>344</xCoord>
					<yCoord>291</yCoord>
					</edgeMap>
					<edgeMap>
					<xCoord>344</xCoord>
					<yCoord>290</yCoord>
					</edgeMap>
					<edgeMap>
					<xCoord>343</xCoord>
					<yCoord>290</yCoord>
					</edgeMap>
					<edgeMap>
					<xCoord>343</xCoord>
					<yCoord>289</yCoord>
					</edgeMap>
					<edgeMap>
					<xCoord>343</xCoord>
					<yCoord>288</yCoord>
					</edgeMap>
					<edgeMap>
					<xCoord>343</xCoord>
					<yCoord>287</yCoord>
					</edgeMap>
					<edgeMap>
					<xCoord>343</xCoord>
					<yCoord>286</yCoord>
					</edgeMap>
					<edgeMap>
					<xCoord>343</xCoord>
					<yCoord>285</yCoord>
					</edgeMap>
					<edgeMap>
					<xCoord>343</xCoord>
					<yCoord>284</yCoord>
					</edgeMap>
					<edgeMap>
					<xCoord>344</xCoord>
					<yCoord>283</yCoord>
					</edgeMap>
					<edgeMap>
					<xCoord>344</xCoord>
					<yCoord>282</yCoord>
					</edgeMap>
					<edgeMap>
					<xCoord>345</xCoord>
					<yCoord>282</yCoord>
					</edgeMap>
					<edgeMap>
					<xCoord>344</xCoord>
					<yCoord>281</yCoord>
					</edgeMap>
					<edgeMap>
					<xCoord>343</xCoord>
					<yCoord>280</yCoord>
					</edgeMap>
					<edgeMap>
					<xCoord>343</xCoord>
					<yCoord>279</yCoord>
					</edgeMap>
					<edgeMap>
					<xCoord>344</xCoord>
					<yCoord>278</yCoord>
					</edgeMap>
					<edgeMap>
					<xCoord>345</xCoord>
					<yCoord>278</yCoord>
					</edgeMap>
					<edgeMap>
					<xCoord>346</xCoord>
					<yCoord>278</yCoord>
					</edgeMap>
					<edgeMap>
					<xCoord>347</xCoord>
					<yCoord>278</yCoord>
					</edgeMap>
					<edgeMap>
					<xCoord>348</xCoord>
					<yCoord>278</yCoord>
					</edgeMap>
					<edgeMap>
					<xCoord>349</xCoord>
					<yCoord>278</yCoord>
					</edgeMap>
					<edgeMap>
					<xCoord>350</xCoord>
					<yCoord>278</yCoord>
					</edgeMap>
					<edgeMap>
					<xCoord>351</xCoord>
					<yCoord>278</yCoord>
					</edgeMap>
					<edgeMap>
					<xCoord>352</xCoord>
					<yCoord>278</yCoord>
					</edgeMap>
					<edgeMap>
					<xCoord>353</xCoord>
					<yCoord>278</yCoord>
					</edgeMap>
					<edgeMap>
					<xCoord>354</xCoord>
					<yCoord>277</yCoord>
					</edgeMap>
					<edgeMap>
					<xCoord>355</xCoord>
					<yCoord>277</yCoord>
					</edgeMap>
					<edgeMap>
					<xCoord>356</xCoord>
					<yCoord>277</yCoord>
					</edgeMap>
					<edgeMap>
					<xCoord>357</xCoord>
					<yCoord>276</yCoord>
					</edgeMap>
					<edgeMap>
					<xCoord>358</xCoord>
					<yCoord>276</yCoord>
					</edgeMap>
					<edgeMap>
					<xCoord>359</xCoord>
					<yCoord>276</yCoord>
					</edgeMap>
					<edgeMap>
					<xCoord>360</xCoord>
					<yCoord>276</yCoord>
					</edgeMap>
					<edgeMap>
					<xCoord>361</xCoord>
					<yCoord>277</yCoord>
					</edgeMap>
				</roi>
				<roi>
					<imageZposition>-269.5</imageZposition>
					<imageSOP_UID>1.3.6.1.4.1.14519.5.2.1.6279.6001.316147130747771879606167054783</imageSOP_UID>
					<inclusion>TRUE</inclusion>
					<edgeMap>
					<xCoord>345</xCoord>
					<yCoord>281</yCoord>
					</edgeMap>
					<edgeMap>
					<xCoord>345</xCoord>
					<yCoord>282</yCoord>
					</edgeMap>
					<edgeMap>
					<xCoord>344</xCoord>
					<yCoord>283</yCoord>
					</edgeMap>
					<edgeMap>
					<xCoord>344</xCoord>
					<yCoord>284</yCoord>
					</edgeMap>
					<edgeMap>
					<xCoord>343</xCoord>
					<yCoord>285</yCoord>
					</edgeMap>
					<edgeMap>
					<xCoord>343</xCoord>
					<yCoord>286</yCoord>
					</edgeMap>
					<edgeMap>
					<xCoord>343</xCoord>
					<yCoord>287</yCoord>
					</edgeMap>
					<edgeMap>
					<xCoord>343</xCoord>
					<yCoord>288</yCoord>
					</edgeMap>
					<edgeMap>
					<xCoord>343</xCoord>
					<yCoord>289</yCoord>
					</edgeMap>
					<edgeMap>
					<xCoord>344</xCoord>
					<yCoord>290</yCoord>
					</edgeMap>
					<edgeMap>
					<xCoord>344</xCoord>
					<yCoord>291</yCoord>
					</edgeMap>
					<edgeMap>
					<xCoord>345</xCoord>
					<yCoord>292</yCoord>
					</edgeMap>
					<edgeMap>
					<xCoord>345</xCoord>
					<yCoord>293</yCoord>
					</edgeMap>
					<edgeMap>
					<xCoord>346</xCoord>
					<yCoord>294</yCoord>
					</edgeMap>
					<edgeMap>
					<xCoord>347</xCoord>
					<yCoord>295</yCoord>
					</edgeMap>
					<edgeMap>
					<xCoord>347</xCoord>
					<yCoord>296</yCoord>
					</edgeMap>
					<edgeMap>
					<xCoord>348</xCoord>
					<yCoord>296</yCoord>
					</edgeMap>
					<edgeMap>
					<xCoord>349</xCoord>
					<yCoord>296</yCoord>
					</edgeMap>
					<edgeMap>
					<xCoord>350</xCoord>
					<yCoord>296</yCoord>
					</edgeMap>
					<edgeMap>
					<xCoord>350</xCoord>
					<yCoord>295</yCoord>
					</edgeMap>
					<edgeMap>
					<xCoord>350</xCoord>
					<yCoord>294</yCoord>
					</edgeMap>
					<edgeMap>
					<xCoord>350</xCoord>
					<yCoord>293</yCoord>
					</edgeMap>
					<edgeMap>
					<xCoord>351</xCoord>
					<yCoord>294</yCoord>
					</edgeMap>
					<edgeMap>
					<xCoord>352</xCoord>
					<yCoord>294</yCoord>
					</edgeMap>
					<edgeMap>
					<xCoord>353</xCoord>
					<yCoord>294</yCoord>
					</edgeMap>
					<edgeMap>
					<xCoord>354</xCoord>
					<yCoord>294</yCoord>
					</edgeMap>
					<edgeMap>
					<xCoord>355</xCoord>
					<yCoord>294</yCoord>
					</edgeMap>
					<edgeMap>
					<xCoord>356</xCoord>
					<yCoord>294</yCoord>
					</edgeMap>
					<edgeMap>
					<xCoord>357</xCoord>
					<yCoord>293</yCoord>
					</edgeMap>
					<edgeMap>
					<xCoord>358</xCoord>
					<yCoord>293</yCoord>
					</edgeMap>
					<edgeMap>
					<xCoord>358</xCoord>
					<yCoord>292</yCoord>
					</edgeMap>
					<edgeMap>
					<xCoord>359</xCoord>
					<yCoord>292</yCoord>
					</edgeMap>
					<edgeMap>
					<xCoord>360</xCoord>
					<yCoord>291</yCoord>
					</edgeMap>
					<edgeMap>
					<xCoord>361</xCoord>
					<yCoord>290</yCoord>
					</edgeMap>
					<edgeMap>
					<xCoord>362</xCoord>
					<yCoord>290</yCoord>
					</edgeMap>
					<edgeMap>
					<xCoord>363</xCoord>
					<yCoord>289</yCoord>
					</edgeMap>
					<edgeMap>
					<xCoord>363</xCoord>
					<yCoord>288</yCoord>
					</edgeMap>
					<edgeMap>
					<xCoord>363</xCoord>
					<yCoord>287</yCoord>
					</edgeMap>
					<edgeMap>
					<xCoord>364</xCoord>
					<yCoord>286</yCoord>
					</edgeMap>
					<edgeMap>
					<xCoord>363</xCoord>
					<yCoord>285</yCoord>
					</edgeMap>
					<edgeMap>
					<xCoord>363</xCoord>
					<yCoord>284</yCoord>
					</edgeMap>
					<edgeMap>
					<xCoord>363</xCoord>
					<yCoord>283</yCoord>
					</edgeMap>
					<edgeMap>
					<xCoord>362</xCoord>
					<yCoord>282</yCoord>
					</edgeMap>
					<edgeMap>
					<xCoord>361</xCoord>
					<yCoord>281</yCoord>
					</edgeMap>
					<edgeMap>
					<xCoord>360</xCoord>
					<yCoord>280</yCoord>
					</edgeMap>
					<edgeMap>
					<xCoord>359</xCoord>
					<yCoord>280</yCoord>
					</edgeMap>
					<edgeMap>
					<xCoord>358</xCoord>
					<yCoord>280</yCoord>
					</edgeMap>
					<edgeMap>
					<xCoord>357</xCoord>
					<yCoord>279</yCoord>
					</edgeMap>
					<edgeMap>
					<xCoord>356</xCoord>
					<yCoord>279</yCoord>
					</edgeMap>
					<edgeMap>
					<xCoord>355</xCoord>
					<yCoord>279</yCoord>
					</edgeMap>
					<edgeMap>
					<xCoord>354</xCoord>
					<yCoord>279</yCoord>
					</edgeMap>
					<edgeMap>
					<xCoord>353</xCoord>
					<yCoord>279</yCoord>
					</edgeMap>
					<edgeMap>
					<xCoord>352</xCoord>
					<yCoord>279</yCoord>
					</edgeMap>
					<edgeMap>
					<xCoord>351</xCoord>
					<yCoord>279</yCoord>
					</edgeMap>
					<edgeMap>
					<xCoord>350</xCoord>
					<yCoord>280</yCoord>
					</edgeMap>
					<edgeMap>
					<xCoord>349</xCoord>
					<yCoord>280</yCoord>
					</edgeMap>
					<edgeMap>
					<xCoord>348</xCoord>
					<yCoord>280</yCoord>
					</edgeMap>
					<edgeMap>
					<xCoord>347</xCoord>
					<yCoord>281</yCoord>
					</edgeMap>
					<edgeMap>
					<xCoord>346</xCoord>
					<yCoord>281</yCoord>
					</edgeMap>
					<edgeMap>
					<xCoord>345</xCoord>
					<yCoord>281</yCoord>
					</edgeMap>
				</roi>
			</unblindedReadNodule>
			<nonNodule>
				<nonNoduleID>1</nonNoduleID>
				<imageZposition>-207.0</imageZposition>
				<imageSOP_UID>1.3.6.1.4.1.14519.5.2.1.6279.6001.497038177332500652957701253687</imageSOP_UID>
				<locus>
					<xCoord>305</xCoord>
					<yCoord>170</yCoord>
				</locus>
			</nonNodule>
			<nonNodule>
				<nonNoduleID>2</nonNoduleID>
				<imageZposition>-227.0</imageZposition>
				<imageSOP_UID>1.3.6.1.4.1.14519.5.2.1.6279.6001.292364852138720823103871858379</imageSOP_UID>
				<locus>
					<xCoord>113</xCoord>
					<yCoord>250</yCoord>
				</locus>
			</nonNodule>
	</readingSession>
</LidcReadMessage>