<?xml version="1.0" encoding="UTF-8"?>
<LidcReadMessage uid="1.3.6.1.4.1.14519.5.2.1.6279.6001.1307390663925.0" xmlns="http://www.nih.gov" xmlns:xsi="http://www.w3.org/2001/XMLSchema-instance" xsi:schemaLocation="http://www.nih.gov  http://troll.rad.med.umich.edu/lidc/LidcReadMessage.xsd">
<ResponseHeader>
<Version>1.8</Version>
<MessageId>1148992</MessageId>
<DateRequest>2005-10-26</DateRequest>
<TimeRequest>00:00:00</TimeRequest>
<RequestingSite>removed</RequestingSite>
<ServicingSite>removed</ServicingSite>
<TaskDescription>Second unblinded read</TaskDescription>
<CtImageFile>removed</CtImageFile>
<SeriesInstanceUid>1.3.6.1.4.1.14519.5.2.1.6279.6001.295958572786158575287945391206</SeriesInstanceUid>
<DateService>2005-10-26</DateService>
<TimeService>00:00:00</TimeService>
<ResponseDescription>1 - Reading complete</ResponseDescription>
<StudyInstanceUID>1.3.6.1.4.1.14519.5.2.1.6279.6001.336137933660116977458622909107</StudyInstanceUID></ResponseHeader>
<readingSession>
<annotationVersion>3.12</annotationVersion>
<servicingRadiologistID>anon</servicingRadiologistID>
<unblindedReadNodule>
<noduleID>4613</noduleID>
<characteristics>
<subtlety>4</subtlety>
<internalStructure>1</internalStructure>
<calcification>6</calcification>
<sphericity>3</sphericity>
<margin>3</margin>
<lobulation>5</lobulation>
<spiculation>4</spiculation>
<texture>5</texture>
<malignancy>1</malignancy>
</characteristics>
<roi>
<imageZposition>1478.0</imageZposition>
<imageSOP_UID>1.3.6.1.4.1.14519.5.2.1.6279.6001.279431469938038864838664712021</imageSOP_UID>
<inclusion>TRUE</inclusion>
<edgeMap>
<xCoord>350</xCoord>
<yCoord>354</yCoord>
</edgeMap>
<edgeMap>
<xCoord>351</xCoord>
<yCoord>353</yCoord>
</edgeMap>
<edgeMap>
<xCoord>352</xCoord>
<yCoord>353</yCoord>
</edgeMap>
<edgeMap>
<xCoord>353</xCoord>
<yCoord>352</yCoord>
</edgeMap>
<edgeMap>
<xCoord>354</xCoord>
<yCoord>351</yCoord>
</edgeMap>
<edgeMap>
<xCoord>354</xCoord>
<yCoord>350</yCoord>
</edgeMap>
<edgeMap>
<xCoord>354</xCoord>
<yCoord>349</yCoord>
</edgeMap>
<edgeMap>
<xCoord>354</xCoord>
<yCoord>348</yCoord>
</edgeMap>
<edgeMap>
<xCoord>353</xCoord>
<yCoord>348</yCoord>
</edgeMap>
<edgeMap>
<xCoord>352</xCoord>
<yCoord>348</yCoord>
</edgeMap>
<edgeMap>
<xCoord>351</xCoord>
<yCoord>347</yCoord>
</edgeMap>
<edgeMap>
<xCoord>350</xCoord>
<yCoord>347</yCoord>
</edgeMap>
<edgeMap>
<xCoord>349</xCoord>
<yCoord>347</yCoord>
</edgeMap>
<edgeMap>
<xCoord>348</xCoord>
<yCoord>346</yCoord>
</edgeMap>
<edgeMap>
<xCoord>347</xCoord>
<yCoord>346</yCoord>
</edgeMap>
<edgeMap>
<xCoord>346</xCoord>
<yCoord>346</yCoord>
</edgeMap>
<edgeMap>
<xCoord>345</xCoord>
<yCoord>347</yCoord>
</edgeMap>
<edgeMap>
<xCoord>344</xCoord>
<yCoord>347</yCoord>
</edgeMap>
<edgeMap>
<xCoord>343</xCoord>
<yCoord>348</yCoord>
</edgeMap>
<edgeMap>
<xCoord>343</xCoord>
<yCoord>349</yCoord>
</edgeMap>
<edgeMap>
<xCoord>342</xCoord>
<yCoord>350</yCoord>
</edgeMap>
<edgeMap>
<xCoord>341</xCoord>
<yCoord>350</yCoord>
</edgeMap>
<edgeMap>
<xCoord>341</xCoord>
<yCoord>351</yCoord>
</edgeMap>
<edgeMap>
<xCoord>342</xCoord>
<yCoord>352</yCoord>
</edgeMap>
<edgeMap>
<xCoord>343</xCoord>
<yCoord>353</yCoord>
</edgeMap>
<edgeMap>
<xCoord>344</xCoord>
<yCoord>353</yCoord>
</edgeMap>
<edgeMap>
<xCoord>345</xCoord>
<yCoord>353</yCoord>
</edgeMap>
<edgeMap>
<xCoord>346</xCoord>
<yCoord>354</yCoord>
</edgeMap>
<edgeMap>
<xCoord>347</xCoord>
<yCoord>354</yCoord>
</edgeMap>
<edgeMap>
<xCoord>348</xCoord>
<yCoord>354</yCoord>
</edgeMap>
<edgeMap>
<xCoord>349</xCoord>
<yCoord>354</yCoord>
</edgeMap>
<edgeMap>
<xCoord>350</xCoord>
<yCoord>354</yCoord>
</edgeMap>
</roi>
<roi>
<imageZposition>1475.0</imageZposition>
<imageSOP_UID>1.3.6.1.4.1.14519.5.2.1.6279.6001.153741932163656891878366525443</imageSOP_UID>
<inclusion>TRUE</inclusion>
<edgeMap>
<xCoord>347</xCoord>
<yCoord>355</yCoord>
</edgeMap>
<edgeMap>
<xCoord>348</xCoord>
<yCoord>354</yCoord>
</edgeMap>
<edgeMap>
<xCoord>349</xCoord>
<yCoord>354</yCoord>
</edgeMap>
<edgeMap>
<xCoord>350</xCoord>
<yCoord>353</yCoord>
</edgeMap>
<edgeMap>
<xCoord>351</xCoord>
<yCoord>352</yCoord>
</edgeMap>
<edgeMap>
<xCoord>352</xCoord>
<yCoord>351</yCoord>
</edgeMap>
<edgeMap>
<xCoord>353</xCoord>
<yCoord>350</yCoord>
</edgeMap>
<edgeMap>
<xCoord>353</xCoord>
<yCoord>349</yCoord>
</edgeMap>
<edgeMap>
<xCoord>353</xCoord>
<yCoord>348</yCoord>
</edgeMap>
<edgeMap>
<xCoord>352</xCoord>
<yCoord>347</yCoord>
</edgeMap>
<edgeMap>
<xCoord>352</xCoord>
<yCoord>346</yCoord>
</edgeMap>
<edgeMap>
<xCoord>351</xCoord>
<yCoord>345</yCoord>
</edgeMap>
<edgeMap>
<xCoord>350</xCoord>
<yCoord>345</yCoord>
</edgeMap>
<edgeMap>
<xCoord>349</xCoord>
<yCoord>344</yCoord>
</edgeMap>
<edgeMap>
<xCoord>348</xCoord>
<yCoord>344</yCoord>
</edgeMap>
<edgeMap>
<xCoord>347</xCoord>
<yCoord>344</yCoord>
</edgeMap>
<edgeMap>
<xCoord>346</xCoord>
<yCoord>345</yCoord>
</edgeMap>
<edgeMap>
<xCoord>345</xCoord>
<yCoord>345</yCoord>
</edgeMap>
<edgeMap>
<xCoord>344</xCoord>
<yCoord>346</yCoord>
</edgeMap>
<edgeMap>
<xCoord>343</xCoord>
<yCoord>346</yCoord>
</edgeMap>
<edgeMap>
<xCoord>342</xCoord>
<yCoord>346</yCoord>
</edgeMap>
<edgeMap>
<xCoord>341</xCoord>
<yCoord>346</yCoord>
</edgeMap>
<edgeMap>
<xCoord>340</xCoord>
<yCoord>347</yCoord>
</edgeMap>
<edgeMap>
<xCoord>340</xCoord>
<yCoord>348</yCoord>
</edgeMap>
<edgeMap>
<xCoord>339</xCoord>
<yCoord>349</yCoord>
</edgeMap>
<edgeMap>
<xCoord>339</xCoord>
<yCoord>350</yCoord>
</edgeMap>
<edgeMap>
<xCoord>339</xCoord>
<yCoord>351</yCoord>
</edgeMap>
<edgeMap>
<xCoord>339</xCoord>
<yCoord>352</yCoord>
</edgeMap>
<edgeMap>
<xCoord>340</xCoord>
<yCoord>353</yCoord>
</edgeMap>
<edgeMap>
<xCoord>340</xCoord>
<yCoord>354</yCoord>
</edgeMap>
<edgeMap>
<xCoord>341</xCoord>
<yCoord>354</yCoord>
</edgeMap>
<edgeMap>
<xCoord>342</xCoord>
<yCoord>355</yCoord>
</edgeMap>
<edgeMap>
<xCoord>343</xCoord>
<yCoord>355</yCoord>
</edgeMap>
<edgeMap>
<xCoord>344</xCoord>
<yCoord>355</yCoord>
</edgeMap>
<edgeMap>
<xCoord>345</xCoord>
<yCoord>355</yCoord>
</edgeMap>
<edgeMap>
<xCoord>346</xCoord>
<yCoord>355</yCoord>
</edgeMap>
<edgeMap>
<xCoord>347</xCoord>
<yCoord>355</yCoord>
</edgeMap>
</roi>
<roi>
<imageZposition>1472.0</imageZposition>
<imageSOP_UID>1.3.6.1.4.1.14519.5.2.1.6279.6001.392514949757915429473321754171</imageSOP_UID>
<inclusion>TRUE</inclusion>
<edgeMap>
<xCoord>346</xCoord>
<yCoord>354</yCoord>
</edgeMap>
<edgeMap>
<xCoord>347</xCoord>
<yCoord>353</yCoord>
</edgeMap>
<edgeMap>
<xCoord>348</xCoord>
<yCoord>353</yCoord>
</edgeMap>
<edgeMap>
<xCoord>349</xCoord>
<yCoord>352</yCoord>
</edgeMap>
<edgeMap>
<xCoord>350</xCoord>
<yCoord>352</yCoord>
</edgeMap>
<edgeMap>
<xCoord>351</xCoord>
<yCoord>351</yCoord>
</edgeMap>
<edgeMap>
<xCoord>351</xCoord>
<yCoord>350</yCoord>
</edgeMap>
<edgeMap>
<xCoord>352</xCoord>
<yCoord>349</yCoord>
</edgeMap>
<edgeMap>
<xCoord>352</xCoord>
<yCoord>348</yCoord>
</edgeMap>
<edgeMap>
<xCoord>352</xCoord>
<yCoord>347</yCoord>
</edgeMap>
<edgeMap>
<xCoord>352</xCoord>
<yCoord>346</yCoord>
</edgeMap>
<edgeMap>
<xCoord>351</xCoord>
<yCoord>345</yCoord>
</edgeMap>
<edgeMap>
<xCoord>350</xCoord>
<yCoord>345</yCoord>
</edgeMap>
<edgeMap>
<xCoord>349</xCoord>
<yCoord>345</yCoord>
</edgeMap>
<edgeMap>
<xCoord>348</xCoord>
<yCoord>344</yCoord>
</edgeMap>
<edgeMap>
<xCoord>347</xCoord>
<yCoord>344</yCoord>
</edgeMap>
<edgeMap>
<xCoord>347</xCoord>
<yCoord>345</yCoord>
</edgeMap>
<edgeMap>
<xCoord>346</xCoord>
<yCoord>346</yCoord>
</edgeMap>
<edgeMap>
<xCoord>345</xCoord>
<yCoord>346</yCoord>
</edgeMap>
<edgeMap>
<xCoord>344</xCoord>
<yCoord>346</yCoord>
</edgeMap>
<edgeMap>
<xCoord>343</xCoord>
<yCoord>347</yCoord>
</edgeMap>
<edgeMap>
<xCoord>342</xCoord>
<yCoord>347</yCoord>
</edgeMap>
<edgeMap>
<xCoord>341</xCoord>
<yCoord>348</yCoord>
</edgeMap>
<edgeMap>
<xCoord>340</xCoord>
<yCoord>349</yCoord>
</edgeMap>
<edgeMap>
<xCoord>339</xCoord>
<yCoord>350</yCoord>
</edgeMap>
<edgeMap>
<xCoord>338</xCoord>
<yCoord>350</yCoord>
</edgeMap>
<edgeMap>
<xCoord>337</xCoord>
<yCoord>351</yCoord>
</edgeMap>
<edgeMap>
<xCoord>337</xCoord>
<yCoord>352</yCoord>
</edgeMap>
<edgeMap>
<xCoord>338</xCoord>
<yCoord>353</yCoord>
</edgeMap>
<edgeMap>
<xCoord>339</xCoord>
<yCoord>354</yCoord>
</edgeMap>
<edgeMap>
<xCoord>340</xCoord>
<yCoord>354</yCoord>
</edgeMap>
<edgeMap>
<xCoord>341</xCoord>
<yCoord>354</yCoord>
</edgeMap>
<edgeMap>
<xCoord>342</xCoord>
<yCoord>354</yCoord>
</edgeMap>
<edgeMap>
<xCoord>343</xCoord>
<yCoord>354</yCoord>
</edgeMap>
<edgeMap>
<xCoord>344</xCoord>
<yCoord>354</yCoord>
</edgeMap>
<edgeMap>
<xCoord>345</xCoord>
<yCoord>354</yCoord>
</edgeMap>
<edgeMap>
<xCoord>346</xCoord>
<yCoord>354</yCoord>
</edgeMap>
</roi>
<roi>
<imageZposition>1469.0</imageZposition>
<imageSOP_UID>1.3.6.1.4.1.14519.5.2.1.6279.6001.826092699902539261029346677364</imageSOP_UID>
<inclusion>TRUE</inclusion>
<edgeMap>
<xCoord>350</xCoord>
<yCoord>351</yCoord>
</edgeMap>
<edgeMap>
<xCoord>351</xCoord>
<yCoord>350</yCoord>
</edgeMap>
<edgeMap>
<xCoord>351</xCoord>
<yCoord>349</yCoord>
</edgeMap>
<edgeMap>
<xCoord>351</xCoord>
<yCoord>348</yCoord>
</edgeMap>
<edgeMap>
<xCoord>351</xCoord>
<yCoord>347</yCoord>
</edgeMap>
<edgeMap>
<xCoord>350</xCoord>
<yCoord>346</yCoord>
</edgeMap>
<edgeMap>
<xCoord>349</xCoord>
<yCoord>346</yCoord>
</edgeMap>
<edgeMap>
<xCoord>348</xCoord>
<yCoord>345</yCoord>
</edgeMap>
<edgeMap>
<xCoord>347</xCoord>
<yCoord>345</yCoord>
</edgeMap>
<edgeMap>
<xCoord>346</xCoord>
<yCoord>344</yCoord>
</edgeMap>
<edgeMap>
<xCoord>345</xCoord>
<yCoord>343</yCoord>
</edgeMap>
<edgeMap>
<xCoord>344</xCoord>
<yCoord>343</yCoord>
</edgeMap>
<edgeMap>
<xCoord>343</xCoord>
<yCoord>343</yCoord>
</edgeMap>
<edgeMap>
<xCoord>343</xCoord>
<yCoord>344</yCoord>
</edgeMap>
<edgeMap>
<xCoord>342</xCoord>
<yCoord>345</yCoord>
</edgeMap>
<edgeMap>
<xCoord>342</xCoord>
<yCoord>346</yCoord>
</edgeMap>
<edgeMap>
<xCoord>341</xCoord>
<yCoord>347</yCoord>
</edgeMap>
<edgeMap>
<xCoord>342</xCoord>
<yCoord>348</yCoord>
</edgeMap>
<edgeMap>
<xCoord>343</xCoord>
<yCoord>348</yCoord>
</edgeMap>
<edgeMap>
<xCoord>344</xCoord>
<yCoord>349</yCoord>
</edgeMap>
<edgeMap>
<xCoord>345</xCoord>
<yCoord>349</yCoord>
</edgeMap>
<edgeMap>
<xCoord>346</xCoord>
<yCoord>350</yCoord>
</edgeMap>
<edgeMap>
<xCoord>347</xCoord>
<yCoord>350</yCoord>
</edgeMap>
<edgeMap>
<xCoord>348</xCoord>
<yCoord>351</yCoord>
</edgeMap>
<edgeMap>
<xCoord>349</xCoord>
<yCoord>351</yCoord>
</edgeMap>
<edgeMap>
<xCoord>350</xCoord>
<yCoord>351</yCoord>
</edgeMap>
</roi>
</unblindedReadNodule>
<nonNodule>
<nonNoduleID>4618</nonNoduleID>
<imageZposition>1427.0</imageZposition>
<imageSOP_UID>1.3.6.1.4.1.14519.5.2.1.6279.6001.625447418578729702088687956881</imageSOP_UID>
<locus>
<xCoord>209</xCoord>
<yCoord>139</yCoord>
</locus>
</nonNodule>
</readingSession>



  <readingSession>
    <annotationVersion>3.12</annotationVersion>
    <servicingRadiologistID>anon</servicingRadiologistID>
    <unblindedReadNodule>
      <noduleID>3179</noduleID>
      <characteristics>
        <subtlety>4</subtlety>
        <internalStructure>1</internalStructure>
        <calcification>6</calcification>
        <sphericity>4</sphericity>
        <margin>5</margin>
        <lobulation>5</lobulation>
        <spiculation>5</spiculation>
        <texture>5</texture>
        <malignancy>5</malignancy>
      </characteristics>
      <roi>
        <imageZposition>1478.0</imageZposition>
        <imageSOP_UID>1.3.6.1.4.1.14519.5.2.1.6279.6001.279431469938038864838664712021</imageSOP_UID>
        <inclusion>TRUE</inclusion>
        <edgeMap>
          <xCoord>347</xCoord>
          <yCoord>356</yCoord>
        </edgeMap>
        <edgeMap>
          <xCoord>348</xCoord>
          <yCoord>355</yCoord>
        </edgeMap>
        <edgeMap>
          <xCoord>349</xCoord>
          <yCoord>355</yCoord>
        </edgeMap>
        <edgeMap>
          <xCoord>350</xCoord>
          <yCoord>354</yCoord>
        </edgeMap>
        <edgeMap>
          <xCoord>351</xCoord>
          <yCoord>353</yCoord>
        </edgeMap>
        <edgeMap>
          <xCoord>352</xCoord>
          <yCoord>352</yCoord>
        </edgeMap>
        <edgeMap>
          <xCoord>353</xCoord>
          <yCoord>352</yCoord>
        </edgeMap>
        <edgeMap>
          <xCoord>354</xCoord>
          <yCoord>352</yCoord>
        </edgeMap>
        <edgeMap>
          <xCoord>355</xCoord>
          <yCoord>352</yCoord>
        </edgeMap>
        <edgeMap>
          <xCoord>355</xCoord>
          <yCoord>351</yCoord>
        </edgeMap>
        <edgeMap>
          <xCoord>355</xCoord>
          <yCoord>350</yCoord>
        </edgeMap>
        <edgeMap>
          <xCoord>355</xCoord>
          <yCoord>349</yCoord>
        </edgeMap>
        <edgeMap>
          <xCoord>355</xCoord>
          <yCoord>348</yCoord>
        </edgeMap>
        <edgeMap>
          <xCoord>354</xCoord>
          <yCoord>347</yCoord>
        </edgeMap>
        <edgeMap>
          <xCoord>353</xCoord>
          <yCoord>347</yCoord>
        </edgeMap>
        <edgeMap>
          <xCoord>352</xCoord>
          <yCoord>346</yCoord>
        </edgeMap>
        <edgeMap>
          <xCoord>351</xCoord>
          <yCoord>345</yCoord>
        </edgeMap>
        <edgeMap>
          <xCoord>350</xCoord>
          <yCoord>345</yCoord>
        </edgeMap>
        <edgeMap>
          <xCoord>349</xCoord>
          <yCoord>344</yCoord>
        </edgeMap>
        <edgeMap>
          <xCoord>348</xCoord>
          <yCoord>344</yCoord>
        </edgeMap>
        <edgeMap>
          <xCoord>347</xCoord>
          <yCoord>344</yCoord>
        </edgeMap>
        <edgeMap>
          <xCoord>346</xCoord>
          <yCoord>344</yCoord>
        </edgeMap>
        <edgeMap>
          <xCoord>345</xCoord>
          <yCoord>344</yCoord>
        </edgeMap>
        <edgeMap>
          <xCoord>344</xCoord>
          <yCoord>344</yCoord>
        </edgeMap>
        <edgeMap>
          <xCoord>343</xCoord>
          <yCoord>344</yCoord>
        </edgeMap>
        <edgeMap>
          <xCoord>342</xCoord>
          <yCoord>345</yCoord>
        </edgeMap>
        <edgeMap>
          <xCoord>342</xCoord>
          <yCoord>346</yCoord>
        </edgeMap>
        <edgeMap>
          <xCoord>341</xCoord>
          <yCoord>347</yCoord>
        </edgeMap>
        <edgeMap>
          <xCoord>340</xCoord>
          <yCoord>348</yCoord>
        </edgeMap>
        <edgeMap>
          <xCoord>340</xCoord>
          <yCoord>349</yCoord>
        </edgeMap>
        <edgeMap>
          <xCoord>340</xCoord>
          <yCoord>350</yCoord>
        </edgeMap>
        <edgeMap>
          <xCoord>340</xCoord>
          <yCoord>351</yCoord>
        </edgeMap>
        <edgeMap>
          <xCoord>340</xCoord>
          <yCoord>352</yCoord>
        </edgeMap>
        <edgeMap>
          <xCoord>341</xCoord>
          <yCoord>353</yCoord>
        </edgeMap>
        <edgeMap>
          <xCoord>341</xCoord>
          <yCoord>354</yCoord>
        </edgeMap>
        <edgeMap>
          <xCoord>342</xCoord>
          <yCoord>354</yCoord>
        </edgeMap>
        <edgeMap>
          <xCoord>343</xCoord>
          <yCoord>355</yCoord>
        </edgeMap>
        <edgeMap>
          <xCoord>344</xCoord>
          <yCoord>355</yCoord>
        </edgeMap>
        <edgeMap>
          <xCoord>345</xCoord>
          <yCoord>356</yCoord>
        </edgeMap>
        <edgeMap>
          <xCoord>346</xCoord>
          <yCoord>356</yCoord>
        </edgeMap>
        <edgeMap>
          <xCoord>347</xCoord>
          <yCoord>356</yCoord>
        </edgeMap>
      </roi>
      <roi>
        <imageZposition>1475.0</imageZposition>
        <imageSOP_UID>1.3.6.1.4.1.14519.5.2.1.6279.6001.153741932163656891878366525443</imageSOP_UID>
        <inclusion>TRUE</inclusion>
        <edgeMap>
          <xCoord>346</xCoord>
          <yCoord>355</yCoord>
        </edgeMap>
        <edgeMap>
          <xCoord>347</xCoord>
          <yCoord>354</yCoord>
        </edgeMap>
        <edgeMap>
          <xCoord>348</xCoord>
          <yCoord>354</yCoord>
        </edgeMap>
        <edgeMap>
          <xCoord>349</xCoord>
          <yCoord>353</yCoord>
        </edgeMap>
        <edgeMap>
          <xCoord>350</xCoord>
          <yCoord>353</yCoord>
        </edgeMap>
        <edgeMap>
          <xCoord>351</xCoord>
          <yCoord>352</yCoord>
        </edgeMap>
        <edgeMap>
          <xCoord>352</xCoord>
          <yCoord>351</yCoord>
        </edgeMap>
        <edgeMap>
          <xCoord>352</xCoord>
          <yCoord>350</yCoord>
        </edgeMap>
        <edgeMap>
          <xCoord>352</xCoord>
          <yCoord>349</yCoord>
        </edgeMap>
        <edgeMap>
          <xCoord>352</xCoord>
          <yCoord>348</yCoord>
        </edgeMap>
        <edgeMap>
          <xCoord>352</xCoord>
          <yCoord>347</yCoord>
        </edgeMap>
        <edgeMap>
          <xCoord>352</xCoord>
          <yCoord>346</yCoord>
        </edgeMap>
        <edgeMap>
          <xCoord>351</xCoord>
          <yCoord>345</yCoord>
        </edgeMap>
        <edgeMap>
          <xCoord>350</xCoord>
          <yCoord>345</yCoord>
        </edgeMap>
        <edgeMap>
          <xCoord>349</xCoord>
          <yCoord>345</yCoord>
        </edgeMap>
        <edgeMap>
          <xCoord>348</xCoord>
          <yCoord>345</yCoord>
        </edgeMap>
        <edgeMap>
          <xCoord>347</xCoord>
          <yCoord>345</yCoord>
        </edgeMap>
        <edgeMap>
          <xCoord>346</xCoord>
          <yCoord>345</yCoord>
        </edgeMap>
        <edgeMap>
          <xCoord>345</xCoord>
          <yCoord>345</yCoord>
        </edgeMap>
        <edgeMap>
          <xCoord>344</xCoord>
          <yCoord>345</yCoord>
        </edgeMap>
        <edgeMap>
          <xCoord>343</xCoord>
          <yCoord>346</yCoord>
        </edgeMap>
        <edgeMap>
          <xCoord>342</xCoord>
          <yCoord>346</yCoord>
        </edgeMap>
        <edgeMap>
          <xCoord>341</xCoord>
          <yCoord>346</yCoord>
        </edgeMap>
        <edgeMap>
          <xCoord>340</xCoord>
          <yCoord>347</yCoord>
        </edgeMap>
        <edgeMap>
          <xCoord>340</xCoord>
          <yCoord>348</yCoord>
        </edgeMap>
        <edgeMap>
          <xCoord>340</xCoord>
          <yCoord>349</yCoord>
        </edgeMap>
        <edgeMap>
          <xCoord>340</xCoord>
          <yCoord>350</yCoord>
        </edgeMap>
        <edgeMap>
          <xCoord>340</xCoord>
          <yCoord>351</yCoord>
        </edgeMap>
        <edgeMap>
          <xCoord>340</xCoord>
          <yCoord>352</yCoord>
        </edgeMap>
        <edgeMap>
          <xCoord>340</xCoord>
          <yCoord>353</yCoord>
        </edgeMap>
        <edgeMap>
          <xCoord>341</xCoord>
          <yCoord>354</yCoord>
        </edgeMap>
        <edgeMap>
          <xCoord>342</xCoord>
          <yCoord>354</yCoord>
        </edgeMap>
        <edgeMap>
          <xCoord>343</xCoord>
          <yCoord>355</yCoord>
        </edgeMap>
        <edgeMap>
          <xCoord>344</xCoord>
          <yCoord>355</yCoord>
        </edgeMap>
        <edgeMap>
          <xCoord>345</xCoord>
          <yCoord>355</yCoord>
        </edgeMap>
        <edgeMap>
          <xCoord>346</xCoord>
          <yCoord>355</yCoord>
        </edgeMap>
      </roi>
      <roi>
        <imageZposition>1472.0</imageZposition>
        <imageSOP_UID>1.3.6.1.4.1.14519.5.2.1.6279.6001.392514949757915429473321754171</imageSOP_UID>
        <inclusion>TRUE</inclusion>
        <edgeMap>
          <xCoord>345</xCoord>
          <yCoord>354</yCoord>
        </edgeMap>
        <edgeMap>
          <xCoord>346</xCoord>
          <yCoord>353</yCoord>
        </edgeMap>
        <edgeMap>
          <xCoord>347</xCoord>
          <yCoord>353</yCoord>
        </edgeMap>
        <edgeMap>
          <xCoord>348</xCoord>
          <yCoord>352</yCoord>
        </edgeMap>
        <edgeMap>
          <xCoord>349</xCoord>
          <yCoord>352</yCoord>
        </edgeMap>
        <edgeMap>
          <xCoord>350</xCoord>
          <yCoord>351</yCoord>
        </edgeMap>
        <edgeMap>
          <xCoord>351</xCoord>
          <yCoord>350</yCoord>
        </edgeMap>
        <edgeMap>
          <xCoord>351</xCoord>
          <yCoord>349</yCoord>
        </edgeMap>
        <edgeMap>
          <xCoord>352</xCoord>
          <yCoord>348</yCoord>
        </edgeMap>
        <edgeMap>
          <xCoord>352</xCoord>
          <yCoord>347</yCoord>
        </edgeMap>
        <edgeMap>
          <xCoord>351</xCoord>
          <yCoord>346</yCoord>
        </edgeMap>
        <edgeMap>
          <xCoord>350</xCoord>
          <yCoord>345</yCoord>
        </edgeMap>
        <edgeMap>
          <xCoord>349</xCoord>
          <yCoord>345</yCoord>
        </edgeMap>
        <edgeMap>
          <xCoord>348</xCoord>
          <yCoord>345</yCoord>
        </edgeMap>
        <edgeMap>
          <xCoord>347</xCoord>
          <yCoord>344</yCoord>
        </edgeMap>
        <edgeMap>
          <xCoord>346</xCoord>
          <yCoord>343</yCoord>
        </edgeMap>
        <edgeMap>
          <xCoord>345</xCoord>
          <yCoord>343</yCoord>
        </edgeMap>
        <edgeMap>
          <xCoord>344</xCoord>
          <yCoord>343</yCoord>
        </edgeMap>
        <edgeMap>
          <xCoord>344</xCoord>
          <yCoord>344</yCoord>
        </edgeMap>
        <edgeMap>
          <xCoord>344</xCoord>
          <yCoord>345</yCoord>
        </edgeMap>
        <edgeMap>
          <xCoord>343</xCoord>
          <yCoord>346</yCoord>
        </edgeMap>
        <edgeMap>
          <xCoord>342</xCoord>
          <yCoord>346</yCoord>
        </edgeMap>
        <edgeMap>
          <xCoord>341</xCoord>
          <yCoord>347</yCoord>
        </edgeMap>
        <edgeMap>
          <xCoord>340</xCoord>
          <yCoord>348</yCoord>
        </edgeMap>
        <edgeMap>
          <xCoord>339</xCoord>
          <yCoord>349</yCoord>
        </edgeMap>
        <edgeMap>
          <xCoord>338</xCoord>
          <yCoord>349</yCoord>
        </edgeMap>
        <edgeMap>
          <xCoord>337</xCoord>
          <yCoord>349</yCoord>
        </edgeMap>
        <edgeMap>
          <xCoord>336</xCoord>
          <yCoord>350</yCoord>
        </edgeMap>
        <edgeMap>
          <xCoord>336</xCoord>
          <yCoord>351</yCoord>
        </edgeMap>
        <edgeMap>
          <xCoord>336</xCoord>
          <yCoord>352</yCoord>
        </edgeMap>
        <edgeMap>
          <xCoord>336</xCoord>
          <yCoord>353</yCoord>
        </edgeMap>
        <edgeMap>
          <xCoord>337</xCoord>
          <yCoord>354</yCoord>
        </edgeMap>
        <edgeMap>
          <xCoord>338</xCoord>
          <yCoord>354</yCoord>
        </edgeMap>
        <edgeMap>
          <xCoord>339</xCoord>
          <yCoord>354</yCoord>
        </edgeMap>
        <edgeMap>
          <xCoord>340</xCoord>
          <yCoord>354</yCoord>
        </edgeMap>
        <edgeMap>
          <xCoord>341</xCoord>
          <yCoord>354</yCoord>
        </edgeMap>
        <edgeMap>
          <xCoord>342</xCoord>
          <yCoord>354</yCoord>
        </edgeMap>
        <edgeMap>
          <xCoord>343</xCoord>
          <yCoord>354</yCoord>
        </edgeMap>
        <edgeMap>
          <xCoord>344</xCoord>
          <yCoord>354</yCoord>
        </edgeMap>
        <edgeMap>
          <xCoord>345</xCoord>
          <yCoord>354</yCoord>
        </edgeMap>
      </roi>
      <roi>
        <imageZposition>1469.0</imageZposition>
        <imageSOP_UID>1.3.6.1.4.1.14519.5.2.1.6279.6001.826092699902539261029346677364</imageSOP_UID>
        <inclusion>TRUE</inclusion>
        <edgeMap>
          <xCoord>349</xCoord>
          <yCoord>351</yCoord>
        </edgeMap>
        <edgeMap>
          <xCoord>350</xCoord>
          <yCoord>350</yCoord>
        </edgeMap>
        <edgeMap>
          <xCoord>351</xCoord>
          <yCoord>350</yCoord>
        </edgeMap>
        <edgeMap>
          <xCoord>351</xCoord>
          <yCoord>349</yCoord>
        </edgeMap>
        <edgeMap>
          <xCoord>351</xCoord>
          <yCoord>348</yCoord>
        </edgeMap>
        <edgeMap>
          <xCoord>350</xCoord>
          <yCoord>347</yCoord>
        </edgeMap>
        <edgeMap>
          <xCoord>350</xCoord>
          <yCoord>346</yCoord>
        </edgeMap>
        <edgeMap>
          <xCoord>349</xCoord>
          <yCoord>346</yCoord>
        </edgeMap>
        <edgeMap>
          <xCoord>348</xCoord>
          <yCoord>346</yCoord>
        </edgeMap>
        <edgeMap>
          <xCoord>347</xCoord>
          <yCoord>345</yCoord>
        </edgeMap>
        <edgeMap>
          <xCoord>346</xCoord>
          <yCoord>344</yCoord>
        </edgeMap>
        <edgeMap>
          <xCoord>345</xCoord>
          <yCoord>343</yCoord>
        </edgeMap>
        <edgeMap>
          <xCoord>344</xCoord>
          <yCoord>343</yCoord>
        </edgeMap>
        <edgeMap>
          <xCoord>343</xCoord>
          <yCoord>343</yCoord>
        </edgeMap>
        <edgeMap>
          <xCoord>343</xCoord>
          <yCoord>344</yCoord>
        </edgeMap>
        <edgeMap>
          <xCoord>342</xCoord>
          <yCoord>345</yCoord>
        </edgeMap>
        <edgeMap>
          <xCoord>342</xCoord>
          <yCoord>346</yCoord>
        </edgeMap>
        <edgeMap>
          <xCoord>342</xCoord>
          <yCoord>347</yCoord>
        </edgeMap>
        <edgeMap>
          <xCoord>342</xCoord>
          <yCoord>348</yCoord>
        </edgeMap>
        <edgeMap>
          <xCoord>343</xCoord>
          <yCoord>348</yCoord>
        </edgeMap>
        <edgeMap>
          <xCoord>344</xCoord>
          <yCoord>349</yCoord>
        </edgeMap>
        <edgeMap>
          <xCoord>345</xCoord>
          <yCoord>349</yCoord>
        </edgeMap>
        <edgeMap>
          <xCoord>346</xCoord>
          <yCoord>350</yCoord>
        </edgeMap>
        <edgeMap>
          <xCoord>347</xCoord>
          <yCoord>350</yCoord>
        </edgeMap>
        <edgeMap>
          <xCoord>348</xCoord>
          <yCoord>350</yCoord>
        </edgeMap>
        <edgeMap>
          <xCoord>349</xCoord>
          <yCoord>351</yCoord>
        </edgeMap>
      </roi>
    </unblindedReadNodule>
    <nonNodule>
      <nonNoduleID>3184</nonNoduleID>
      <imageZposition>1427.0</imageZposition>
      <imageSOP_UID>1.3.6.1.4.1.14519.5.2.1.6279.6001.625447418578729702088687956881</imageSOP_UID>
      <locus>
        <xCoord>209</xCoord>
        <yCoord>139</yCoord>
      </locus>
    </nonNodule>
  </readingSession>




<readingSession>
<annotationVersion>3.12</annotationVersion>
<servicingRadiologistID>anon</servicingRadiologistID>
<unblindedReadNodule>
<noduleID>1230</noduleID>
<characteristics>
<subtlety>3</subtlety>
<internalStructure>1</internalStructure>
<calcification>6</calcification>
<sphericity>2</sphericity>
<margin>4</margin>
<lobulation>3</lobulation>
<spiculation>5</spiculation>
<texture>5</texture>
<malignancy>3</malignancy>
</characteristics>
<roi>
<imageZposition>1478.0</imageZposition>
<imageSOP_UID>1.3.6.1.4.1.14519.5.2.1.6279.6001.279431469938038864838664712021</imageSOP_UID>
<inclusion>TRUE</inclusion>
<edgeMap>
<xCoord>349</xCoord>
<yCoord>357</yCoord>
</edgeMap>
<edgeMap>
<xCoord>349</xCoord>
<yCoord>356</yCoord>
</edgeMap>
<edgeMap>
<xCoord>350</xCoord>
<yCoord>355</yCoord>
</edgeMap>
<edgeMap>
<xCoord>351</xCoord>
<yCoord>354</yCoord>
</edgeMap>
<edgeMap>
<xCoord>352</xCoord>
<yCoord>354</yCoord>
</edgeMap>
<edgeMap>
<xCoord>353</xCoord>
<yCoord>353</yCoord>
</edgeMap>
<edgeMap>
<xCoord>353</xCoord>
<yCoord>352</yCoord>
</edgeMap>
<edgeMap>
<xCoord>354</xCoord>
<yCoord>351</yCoord>
</edgeMap>
<edgeMap>
<xCoord>354</xCoord>
<yCoord>350</yCoord>
</edgeMap>
<edgeMap>
<xCoord>354</xCoord>
<yCoord>349</yCoord>
</edgeMap>
<edgeMap>
<xCoord>354</xCoord>
<yCoord>348</yCoord>
</edgeMap>
<edgeMap>
<xCoord>353</xCoord>
<yCoord>348</yCoord>
</edgeMap>
<edgeMap>
<xCoord>352</xCoord>
<yCoord>348</yCoord>
</edgeMap>
<edgeMap>
<xCoord>351</xCoord>
<yCoord>347</yCoord>
</edgeMap>
<edgeMap>
<xCoord>350</xCoord>
<yCoord>347</yCoord>
</edgeMap>
<edgeMap>
<xCoord>349</xCoord>
<yCoord>347</yCoord>
</edgeMap>
<edgeMap>
<xCoord>348</xCoord>
<yCoord>346</yCoord>
</edgeMap>
<edgeMap>
<xCoord>347</xCoord>
<yCoord>346</yCoord>
</edgeMap>
<edgeMap>
<xCoord>346</xCoord>
<yCoord>346</yCoord>
</edgeMap>
<edgeMap>
<xCoord>345</xCoord>
<yCoord>347</yCoord>
</edgeMap>
<edgeMap>
<xCoord>344</xCoord>
<yCoord>347</yCoord>
</edgeMap>
<edgeMap>
<xCoord>343</xCoord>
<yCoord>348</yCoord>
</edgeMap>
<edgeMap>
<xCoord>343</xCoord>
<yCoord>349</yCoord>
</edgeMap>
<edgeMap>
<xCoord>342</xCoord>
<yCoord>350</yCoord>
</edgeMap>
<edgeMap>
<xCoord>341</xCoord>
<yCoord>350</yCoord>
</edgeMap>
<edgeMap>
<xCoord>341</xCoord>
<yCoord>351</yCoord>
</edgeMap>
<edgeMap>
<xCoord>342</xCoord>
<yCoord>352</yCoord>
</edgeMap>
<edgeMap>
<xCoord>343</xCoord>
<yCoord>353</yCoord>
</edgeMap>
<edgeMap>
<xCoord>344</xCoord>
<yCoord>354</yCoord>
</edgeMap>
<edgeMap>
<xCoord>344</xCoord>
<yCoord>355</yCoord>
</edgeMap>
<edgeMap>
<xCoord>345</xCoord>
<yCoord>355</yCoord>
</edgeMap>
<edgeMap>
<xCoord>346</xCoord>
<yCoord>356</yCoord>
</edgeMap>
<edgeMap>
<xCoord>347</xCoord>
<yCoord>357</yCoord>
</edgeMap>
<edgeMap>
<xCoord>348</xCoord>
<yCoord>357</yCoord>
</edgeMap>
<edgeMap>
<xCoord>349</xCoord>
<yCoord>357</yCoord>
</edgeMap>
</roi>
<roi>
<imageZposition>1475.0</imageZposition>
<imageSOP_UID>1.3.6.1.4.1.14519.5.2.1.6279.6001.153741932163656891878366525443</imageSOP_UID>
<inclusion>TRUE</inclusion>
<edgeMap>
<xCoord>342</xCoord>
<yCoord>360</yCoord>
</edgeMap>
<edgeMap>
<xCoord>342</xCoord>
<yCoord>359</yCoord>
</edgeMap>
<edgeMap>
<xCoord>343</xCoord>
<yCoord>358</yCoord>
</edgeMap>
<edgeMap>
<xCoord>343</xCoord>
<yCoord>357</yCoord>
</edgeMap>
<edgeMap>
<xCoord>343</xCoord>
<yCoord>356</yCoord>
</edgeMap>
<edgeMap>
<xCoord>344</xCoord>
<yCoord>355</yCoord>
</edgeMap>
<edgeMap>
<xCoord>345</xCoord>
<yCoord>355</yCoord>
</edgeMap>
<edgeMap>
<xCoord>346</xCoord>
<yCoord>355</yCoord>
</edgeMap>
<edgeMap>
<xCoord>347</xCoord>
<yCoord>355</yCoord>
</edgeMap>
<edgeMap>
<xCoord>348</xCoord>
<yCoord>354</yCoord>
</edgeMap>
<edgeMap>
<xCoord>349</xCoord>
<yCoord>354</yCoord>
</edgeMap>
<edgeMap>
<xCoord>350</xCoord>
<yCoord>353</yCoord>
</edgeMap>
<edgeMap>
<xCoord>351</xCoord>
<yCoord>352</yCoord>
</edgeMap>
<edgeMap>
<xCoord>352</xCoord>
<yCoord>351</yCoord>
</edgeMap>
<edgeMap>
<xCoord>353</xCoord>
<yCoord>350</yCoord>
</edgeMap>
<edgeMap>
<xCoord>353</xCoord>
<yCoord>349</yCoord>
</edgeMap>
<edgeMap>
<xCoord>353</xCoord>
<yCoord>348</yCoord>
</edgeMap>
<edgeMap>
<xCoord>352</xCoord>
<yCoord>347</yCoord>
</edgeMap>
<edgeMap>
<xCoord>352</xCoord>
<yCoord>346</yCoord>
</edgeMap>
<edgeMap>
<xCoord>351</xCoord>
<yCoord>345</yCoord>
</edgeMap>
<edgeMap>
<xCoord>350</xCoord>
<yCoord>345</yCoord>
</edgeMap>
<edgeMap>
<xCoord>349</xCoord>
<yCoord>344</yCoord>
</edgeMap>
<edgeMap>
<xCoord>348</xCoord>
<yCoord>344</yCoord>
</edgeMap>
<edgeMap>
<xCoord>347</xCoord>
<yCoord>344</yCoord>
</edgeMap>
<edgeMap>
<xCoord>346</xCoord>
<yCoord>345</yCoord>
</edgeMap>
<edgeMap>
<xCoord>345</xCoord>
<yCoord>345</yCoord>
</edgeMap>
<edgeMap>
<xCoord>344</xCoord>
<yCoord>346</yCoord>
</edgeMap>
<edgeMap>
<xCoord>343</xCoord>
<yCoord>346</yCoord>
</edgeMap>
<edgeMap>
<xCoord>342</xCoord>
<yCoord>346</yCoord>
</edgeMap>
<edgeMap>
<xCoord>341</xCoord>
<yCoord>346</yCoord>
</edgeMap>
<edgeMap>
<xCoord>340</xCoord>
<yCoord>347</yCoord>
</edgeMap>
<edgeMap>
<xCoord>340</xCoord>
<yCoord>348</yCoord>
</edgeMap>
<edgeMap>
<xCoord>339</xCoord>
<yCoord>349</yCoord>
</edgeMap>
<edgeMap>
<xCoord>339</xCoord>
<yCoord>350</yCoord>
</edgeMap>
<edgeMap>
<xCoord>339</xCoord>
<yCoord>351</yCoord>
</edgeMap>
<edgeMap>
<xCoord>338</xCoord>
<yCoord>352</yCoord>
</edgeMap>
<edgeMap>
<xCoord>338</xCoord>
<yCoord>353</yCoord>
</edgeMap>
<edgeMap>
<xCoord>339</xCoord>
<yCoord>353</yCoord>
</edgeMap>
<edgeMap>
<xCoord>340</xCoord>
<yCoord>354</yCoord>
</edgeMap>
<edgeMap>
<xCoord>341</xCoord>
<yCoord>354</yCoord>
</edgeMap>
<edgeMap>
<xCoord>342</xCoord>
<yCoord>355</yCoord>
</edgeMap>
<edgeMap>
<xCoord>342</xCoord>
<yCoord>356</yCoord>
</edgeMap>
<edgeMap>
<xCoord>342</xCoord>
<yCoord>357</yCoord>
</edgeMap>
<edgeMap>
<xCoord>341</xCoord>
<yCoord>358</yCoord>
</edgeMap>
<edgeMap>
<xCoord>340</xCoord>
<yCoord>358</yCoord>
</edgeMap>
<edgeMap>
<xCoord>340</xCoord>
<yCoord>359</yCoord>
</edgeMap>
<edgeMap>
<xCoord>341</xCoord>
<yCoord>360</yCoord>
</edgeMap>
<edgeMap>
<xCoord>342</xCoord>
<yCoord>360</yCoord>
</edgeMap>
</roi>
<roi>
<imageZposition>1472.0</imageZposition>
<imageSOP_UID>1.3.6.1.4.1.14519.5.2.1.6279.6001.392514949757915429473321754171</imageSOP_UID>
<inclusion>TRUE</inclusion>
<edgeMap>
<xCoord>346</xCoord>
<yCoord>354</yCoord>
</edgeMap>
<edgeMap>
<xCoord>347</xCoord>
<yCoord>353</yCoord>
</edgeMap>
<edgeMap>
<xCoord>348</xCoord>
<yCoord>353</yCoord>
</edgeMap>
<edgeMap>
<xCoord>349</xCoord>
<yCoord>352</yCoord>
</edgeMap>
<edgeMap>
<xCoord>350</xCoord>
<yCoord>352</yCoord>
</edgeMap>
<edgeMap>
<xCoord>351</xCoord>
<yCoord>351</yCoord>
</edgeMap>
<edgeMap>
<xCoord>351</xCoord>
<yCoord>350</yCoord>
</edgeMap>
<edgeMap>
<xCoord>352</xCoord>
<yCoord>349</yCoord>
</edgeMap>
<edgeMap>
<xCoord>352</xCoord>
<yCoord>348</yCoord>
</edgeMap>
<edgeMap>
<xCoord>352</xCoord>
<yCoord>347</yCoord>
</edgeMap>
<edgeMap>
<xCoord>352</xCoord>
<yCoord>346</yCoord>
</edgeMap>
<edgeMap>
<xCoord>351</xCoord>
<yCoord>345</yCoord>
</edgeMap>
<edgeMap>
<xCoord>350</xCoord>
<yCoord>345</yCoord>
</edgeMap>
<edgeMap>
<xCoord>349</xCoord>
<yCoord>345</yCoord>
</edgeMap>
<edgeMap>
<xCoord>348</xCoord>
<yCoord>344</yCoord>
</edgeMap>
<edgeMap>
<xCoord>347</xCoord>
<yCoord>344</yCoord>
</edgeMap>
<edgeMap>
<xCoord>347</xCoord>
<yCoord>345</yCoord>
</edgeMap>
<edgeMap>
<xCoord>346</xCoord>
<yCoord>346</yCoord>
</edgeMap>
<edgeMap>
<xCoord>345</xCoord>
<yCoord>346</yCoord>
</edgeMap>
<edgeMap>
<xCoord>344</xCoord>
<yCoord>346</yCoord>
</edgeMap>
<edgeMap>
<xCoord>343</xCoord>
<yCoord>347</yCoord>
</edgeMap>
<edgeMap>
<xCoord>342</xCoord>
<yCoord>347</yCoord>
</edgeMap>
<edgeMap>
<xCoord>341</xCoord>
<yCoord>348</yCoord>
</edgeMap>
<edgeMap>
<xCoord>340</xCoord>
<yCoord>349</yCoord>
</edgeMap>
<edgeMap>
<xCoord>339</xCoord>
<yCoord>350</yCoord>
</edgeMap>
<edgeMap>
<xCoord>338</xCoord>
<yCoord>350</yCoord>
</edgeMap>
<edgeMap>
<xCoord>337</xCoord>
<yCoord>351</yCoord>
</edgeMap>
<edgeMap>
<xCoord>337</xCoord>
<yCoord>352</yCoord>
</edgeMap>
<edgeMap>
<xCoord>338</xCoord>
<yCoord>353</yCoord>
</edgeMap>
<edgeMap>
<xCoord>339</xCoord>
<yCoord>354</yCoord>
</edgeMap>
<edgeMap>
<xCoord>340</xCoord>
<yCoord>354</yCoord>
</edgeMap>
<edgeMap>
<xCoord>341</xCoord>
<yCoord>354</yCoord>
</edgeMap>
<edgeMap>
<xCoord>342</xCoord>
<yCoord>354</yCoord>
</edgeMap>
<edgeMap>
<xCoord>343</xCoord>
<yCoord>354</yCoord>
</edgeMap>
<edgeMap>
<xCoord>344</xCoord>
<yCoord>354</yCoord>
</edgeMap>
<edgeMap>
<xCoord>345</xCoord>
<yCoord>354</yCoord>
</edgeMap>
<edgeMap>
<xCoord>346</xCoord>
<yCoord>354</yCoord>
</edgeMap>
</roi>
<roi>
<imageZposition>1469.0</imageZposition>
<imageSOP_UID>1.3.6.1.4.1.14519.5.2.1.6279.6001.826092699902539261029346677364</imageSOP_UID>
<inclusion>TRUE</inclusion>
<edgeMap>
<xCoord>350</xCoord>
<yCoord>351</yCoord>
</edgeMap>
<edgeMap>
<xCoord>351</xCoord>
<yCoord>350</yCoord>
</edgeMap>
<edgeMap>
<xCoord>351</xCoord>
<yCoord>349</yCoord>
</edgeMap>
<edgeMap>
<xCoord>351</xCoord>
<yCoord>348</yCoord>
</edgeMap>
<edgeMap>
<xCoord>351</xCoord>
<yCoord>347</yCoord>
</edgeMap>
<edgeMap>
<xCoord>350</xCoord>
<yCoord>346</yCoord>
</edgeMap>
<edgeMap>
<xCoord>349</xCoord>
<yCoord>346</yCoord>
</edgeMap>
<edgeMap>
<xCoord>348</xCoord>
<yCoord>345</yCoord>
</edgeMap>
<edgeMap>
<xCoord>347</xCoord>
<yCoord>345</yCoord>
</edgeMap>
<edgeMap>
<xCoord>346</xCoord>
<yCoord>344</yCoord>
</edgeMap>
<edgeMap>
<xCoord>345</xCoord>
<yCoord>343</yCoord>
</edgeMap>
<edgeMap>
<xCoord>344</xCoord>
<yCoord>343</yCoord>
</edgeMap>
<edgeMap>
<xCoord>343</xCoord>
<yCoord>343</yCoord>
</edgeMap>
<edgeMap>
<xCoord>343</xCoord>
<yCoord>344</yCoord>
</edgeMap>
<edgeMap>
<xCoord>342</xCoord>
<yCoord>345</yCoord>
</edgeMap>
<edgeMap>
<xCoord>342</xCoord>
<yCoord>346</yCoord>
</edgeMap>
<edgeMap>
<xCoord>341</xCoord>
<yCoord>347</yCoord>
</edgeMap>
<edgeMap>
<xCoord>342</xCoord>
<yCoord>348</yCoord>
</edgeMap>
<edgeMap>
<xCoord>343</xCoord>
<yCoord>348</yCoord>
</edgeMap>
<edgeMap>
<xCoord>344</xCoord>
<yCoord>349</yCoord>
</edgeMap>
<edgeMap>
<xCoord>345</xCoord>
<yCoord>349</yCoord>
</edgeMap>
<edgeMap>
<xCoord>346</xCoord>
<yCoord>350</yCoord>
</edgeMap>
<edgeMap>
<xCoord>347</xCoord>
<yCoord>350</yCoord>
</edgeMap>
<edgeMap>
<xCoord>348</xCoord>
<yCoord>351</yCoord>
</edgeMap>
<edgeMap>
<xCoord>349</xCoord>
<yCoord>351</yCoord>
</edgeMap>
<edgeMap>
<xCoord>350</xCoord>
<yCoord>351</yCoord>
</edgeMap>
</roi>
</unblindedReadNodule>
<nonNodule>
<nonNoduleID>1234</nonNoduleID>
<imageZposition>1514.0</imageZposition>
<imageSOP_UID>1.3.6.1.4.1.14519.5.2.1.6279.6001.593189219711566407808900993333</imageSOP_UID>
<locus>
<xCoord>311</xCoord>
<yCoord>313</yCoord>
</locus>
</nonNodule>
<nonNodule>
<nonNoduleID>1233</nonNoduleID>
<imageZposition>1496.0</imageZposition>
<imageSOP_UID>1.3.6.1.4.1.14519.5.2.1.6279.6001.324940999540713758611330341390</imageSOP_UID>
<locus>
<xCoord>339</xCoord>
<yCoord>289</yCoord>
</locus>
</nonNodule>
<nonNodule>
<nonNoduleID>1231</nonNoduleID>
<imageZposition>1481.0</imageZposition>
<imageSOP_UID>1.3.6.1.4.1.14519.5.2.1.6279.6001.221721037513768390928586881801</imageSOP_UID>
<locus>
<xCoord>359</xCoord>
<yCoord>348</yCoord>
</locus>
</nonNodule>
<nonNodule>
<nonNoduleID>1232</nonNoduleID>
<imageZposition>1427.0</imageZposition>
<imageSOP_UID>1.3.6.1.4.1.14519.5.2.1.6279.6001.625447418578729702088687956881</imageSOP_UID>
<locus>
<xCoord>209</xCoord>
<yCoord>139</yCoord>
</locus>
</nonNodule>
</readingSession>


	<readingSession>
		<annotationVersion>3.12</annotationVersion>
		<servicingRadiologistID>anon</servicingRadiologistID>
			<unblindedReadNodule>
				<noduleID>0</noduleID>
				<characteristics>
					<subtlety>3</subtlety>
					<internalStructure>1</internalStructure>
					<calcification>6</calcification>
					<sphericity>3</sphericity>
					<margin>4</margin>
					<lobulation>3</lobulation>
					<spiculation>1</spiculation>
					<texture>4</texture>
					<malignancy>2</malignancy>
				</characteristics>
				<roi>
					<imageZposition>1478.0</imageZposition>
					<imageSOP_UID>1.3.6.1.4.1.14519.5.2.1.6279.6001.279431469938038864838664712021</imageSOP_UID>
					<inclusion>TRUE</inclusion>
					<edgeMap>
					<xCoord>347</xCoord>
					<yCoord>357</yCoord>
					</edgeMap>
					<edgeMap>
					<xCoord>347</xCoord>
					<yCoord>356</yCoord>
					</edgeMap>
					<edgeMap>
					<xCoord>347</xCoord>
					<yCoord>355</yCoord>
					</edgeMap>
					<edgeMap>
					<xCoord>348</xCoord>
					<yCoord>354</yCoord>
					</edgeMap>
					<edgeMap>
					<xCoord>348</xCoord>
					<yCoord>353</yCoord>
					</edgeMap>
					<edgeMap>
					<xCoord>348</xCoord>
					<yCoord>352</yCoord>
					</edgeMap>
					<edgeMap>
					<xCoord>348</xCoord>
					<yCoord>351</yCoord>
					</edgeMap>
					<edgeMap>
					<xCoord>349</xCoord>
					<yCoord>350</yCoord>
					</edgeMap>
					<edgeMap>
					<xCoord>349</xCoord>
					<yCoord>349</yCoord>
					</edgeMap>
					<edgeMap>
					<xCoord>349</xCoord>
					<yCoord>348</yCoord>
					</edgeMap>
					<edgeMap>
					<xCoord>348</xCoord>
					<yCoord>348</yCoord>
					</edgeMap>
					<edgeMap>
					<xCoord>347</xCoord>
					<yCoord>348</yCoord>
					</edgeMap>
					<edgeMap>
					<xCoord>346</xCoord>
					<yCoord>347</yCoord>
					</edgeMap>
					<edgeMap>
					<xCoord>345</xCoord>
					<yCoord>347</yCoord>
					</edgeMap>
					<edgeMap>
					<xCoord>344</xCoord>
					<yCoord>347</yCoord>
					</edgeMap>
					<edgeMap>
					<xCoord>343</xCoord>
					<yCoord>347</yCoord>
					</edgeMap>
					<edgeMap>
					<xCoord>343</xCoord>
					<yCoord>348</yCoord>
					</edgeMap>
					<edgeMap>
					<xCoord>344</xCoord>
					<yCoord>349</yCoord>
					</edgeMap>
					<edgeMap>
					<xCoord>344</xCoord>
					<yCoord>350</yCoord>
					</edgeMap>
					<edgeMap>
					<xCoord>345</xCoord>
					<yCoord>351</yCoord>
					</edgeMap>
					<edgeMap>
					<xCoord>345</xCoord>
					<yCoord>352</yCoord>
					</edgeMap>
					<edgeMap>
					<xCoord>345</xCoord>
					<yCoord>353</yCoord>
					</edgeMap>
					<edgeMap>
					<xCoord>346</xCoord>
					<yCoord>354</yCoord>
					</edgeMap>
					<edgeMap>
					<xCoord>346</xCoord>
					<yCoord>355</yCoord>
					</edgeMap>
					<edgeMap>
					<xCoord>347</xCoord>
					<yCoord>357</yCoord>
					</edgeMap>
				</roi>
				<roi>
					<imageZposition>1475.0</imageZposition>
					<imageSOP_UID>1.3.6.1.4.1.14519.5.2.1.6279.6001.153741932163656891878366525443</imageSOP_UID>
					<inclusion>TRUE</inclusion>
					<edgeMap>
					<xCoord>348</xCoord>
					<yCoord>354</yCoord>
					</edgeMap>
					<edgeMap>
					<xCoord>349</xCoord>
					<yCoord>353</yCoord>
					</edgeMap>
					<edgeMap>
					<xCoord>349</xCoord>
					<yCoord>352</yCoord>
					</edgeMap>
					<edgeMap>
					<xCoord>350</xCoord>
					<yCoord>351</yCoord>
					</edgeMap>
					<edgeMap>
					<xCoord>351</xCoord>
					<yCoord>350</yCoord>
					</edgeMap>
					<edgeMap>
					<xCoord>352</xCoord>
					<yCoord>349</yCoord>
					</edgeMap>
					<edgeMap>
					<xCoord>352</xCoord>
					<yCoord>348</yCoord>
					</edgeMap>
					<edgeMap>
					<xCoord>353</xCoord>
					<yCoord>347</yCoord>
					</edgeMap>
					<edgeMap>
					<xCoord>352</xCoord>
					<yCoord>346</yCoord>
					</edgeMap>
					<edgeMap>
					<xCoord>352</xCoord>
					<yCoord>345</yCoord>
					</edgeMap>
					<edgeMap>
					<xCoord>351</xCoord>
					<yCoord>344</yCoord>
					</edgeMap>
					<edgeMap>
					<xCoord>350</xCoord>
					<yCoord>343</yCoord>
					</edgeMap>
					<edgeMap>
					<xCoord>349</xCoord>
					<yCoord>344</yCoord>
					</edgeMap>
					<edgeMap>
					<xCoord>348</xCoord>
					<yCoord>344</yCoord>
					</edgeMap>
					<edgeMap>
					<xCoord>347</xCoord>
					<yCoord>345</yCoord>
					</edgeMap>
					<edgeMap>
					<xCoord>346</xCoord>
					<yCoord>346</yCoord>
					</edgeMap>
					<edgeMap>
					<xCoord>345</xCoord>
					<yCoord>346</yCoord>
					</edgeMap>
					<edgeMap>
					<xCoord>344</xCoord>
					<yCoord>347</yCoord>
					</edgeMap>
					<edgeMap>
					<xCoord>343</xCoord>
					<yCoord>348</yCoord>
					</edgeMap>
					<edgeMap>
					<xCoord>342</xCoord>
					<yCoord>349</yCoord>
					</edgeMap>
					<edgeMap>
					<xCoord>341</xCoord>
					<yCoord>349</yCoord>
					</edgeMap>
					<edgeMap>
					<xCoord>340</xCoord>
					<yCoord>350</yCoord>
					</edgeMap>
					<edgeMap>
					<xCoord>339</xCoord>
					<yCoord>351</yCoord>
					</edgeMap>
					<edgeMap>
					<xCoord>338</xCoord>
					<yCoord>351</yCoord>
					</edgeMap>
					<edgeMap>
					<xCoord>337</xCoord>
					<yCoord>352</yCoord>
					</edgeMap>
					<edgeMap>
					<xCoord>338</xCoord>
					<yCoord>352</yCoord>
					</edgeMap>
					<edgeMap>
					<xCoord>339</xCoord>
					<yCoord>352</yCoord>
					</edgeMap>
					<edgeMap>
					<xCoord>340</xCoord>
					<yCoord>353</yCoord>
					</edgeMap>
					<edgeMap>
					<xCoord>341</xCoord>
					<yCoord>353</yCoord>
					</edgeMap>
					<edgeMap>
					<xCoord>342</xCoord>
					<yCoord>353</yCoord>
					</edgeMap>
					<edgeMap>
					<xCoord>343</xCoord>
					<yCoord>353</yCoord>
					</edgeMap>
					<edgeMap>
					<xCoord>344</xCoord>
					<yCoord>353</yCoord>
					</edgeMap>
					<edgeMap>
					<xCoord>345</xCoord>
					<yCoord>353</yCoord>
					</edgeMap>
					<edgeMap>
					<xCoord>346</xCoord>
					<yCoord>354</yCoord>
					</edgeMap>
					<edgeMap>
					<xCoord>347</xCoord>
					<yCoord>354</yCoord>
					</edgeMap>
					<edgeMap>
					<xCoord>348</xCoord>
					<yCoord>354</yCoord>
					</edgeMap>
				</roi>
				<roi>
					<imageZposition>1472.0</imageZposition>
					<imageSOP_UID>1.3.6.1.4.1.14519.5.2.1.6279.6001.392514949757915429473321754171</imageSOP_UID>
					<inclusion>TRUE</inclusion>
					<edgeMap>
					<xCoord>348</xCoord>
					<yCoord>352</yCoord>
					</edgeMap>
					<edgeMap>
					<xCoord>349</xCoord>
					<yCoord>351</yCoord>
					</edgeMap>
					<edgeMap>
					<xCoord>350</xCoord>
					<yCoord>350</yCoord>
					</edgeMap>
					<edgeMap>
					<xCoord>350</xCoord>
					<yCoord>349</yCoord>
					</edgeMap>
					<edgeMap>
					<xCoord>351</xCoord>
					<yCoord>348</yCoord>
					</edgeMap>
					<edgeMap>
					<xCoord>352</xCoord>
					<yCoord>347</yCoord>
					</edgeMap>
					<edgeMap>
					<xCoord>351</xCoord>
					<yCoord>346</yCoord>
					</edgeMap>
					<edgeMap>
					<xCoord>350</xCoord>
					<yCoord>345</yCoord>
					</edgeMap>
					<edgeMap>
					<xCoord>349</xCoord>
					<yCoord>344</yCoord>
					</edgeMap>
					<edgeMap>
					<xCoord>348</xCoord>
					<yCoord>343</yCoord>
					</edgeMap>
					<edgeMap>
					<xCoord>347</xCoord>
					<yCoord>344</yCoord>
					</edgeMap>
					<edgeMap>
					<xCoord>346</xCoord>
					<yCoord>345</yCoord>
					</edgeMap>
					<edgeMap>
					<xCoord>345</xCoord>
					<yCoord>346</yCoord>
					</edgeMap>
					<edgeMap>
					<xCoord>344</xCoord>
					<yCoord>347</yCoord>
					</edgeMap>
					<edgeMap>
					<xCoord>343</xCoord>
					<yCoord>347</yCoord>
					</edgeMap>
					<edgeMap>
					<xCoord>342</xCoord>
					<yCoord>348</yCoord>
					</edgeMap>
					<edgeMap>
					<xCoord>341</xCoord>
					<yCoord>349</yCoord>
					</edgeMap>
					<edgeMap>
					<xCoord>340</xCoord>
					<yCoord>350</yCoord>
					</edgeMap>
					<edgeMap>
					<xCoord>339</xCoord>
					<yCoord>351</yCoord>
					</edgeMap>
					<edgeMap>
					<xCoord>338</xCoord>
					<yCoord>352</yCoord>
					</edgeMap>
					<edgeMap>
					<xCoord>339</xCoord>
					<yCoord>352</yCoord>
					</edgeMap>
					<edgeMap>
					<xCoord>340</xCoord>
					<yCoord>352</yCoord>
					</edgeMap>
					<edgeMap>
					<xCoord>341</xCoord>
					<yCoord>352</yCoord>
					</edgeMap>
					<edgeMap>
					<xCoord>342</xCoord>
					<yCoord>352</yCoord>
					</edgeMap>
					<edgeMap>
					<xCoord>343</xCoord>
					<yCoord>352</yCoord>
					</edgeMap>
					<edgeMap>
					<xCoord>344</xCoord>
					<yCoord>352</yCoord>
					</edgeMap>
					<edgeMap>
					<xCoord>345</xCoord>
					<yCoord>352</yCoord>
					</edgeMap>
					<edgeMap>
					<xCoord>346</xCoord>
					<yCoord>352</yCoord>
					</edgeMap>
					<edgeMap>
					<xCoord>347</xCoord>
					<yCoord>352</yCoord>
					</edgeMap>
					<edgeMap>
					<xCoord>348</xCoord>
					<yCoord>352</yCoord>
					</edgeMap>
				</roi>
				<roi>
					<imageZposition>1469.0</imageZposition>
					<imageSOP_UID>1.3.6.1.4.1.14519.5.2.1.6279.6001.826092699902539261029346677364</imageSOP_UID>
					<inclusion>TRUE</inclusion>
					<edgeMap>
					<xCoord>345</xCoord>
					<yCoord>350</yCoord>
					</edgeMap>
					<edgeMap>
					<xCoord>346</xCoord>
					<yCoord>349</yCoord>
					</edgeMap>
					<edgeMap>
					<xCoord>347</xCoord>
					<yCoord>348</yCoord>
					</edgeMap>
					<edgeMap>
					<xCoord>348</xCoord>
					<yCoord>348</yCoord>
					</edgeMap>
					<edgeMap>
					<xCoord>349</xCoord>
					<yCoord>347</yCoord>
					</edgeMap>
					<edgeMap>
					<xCoord>348</xCoord>
					<yCoord>346</yCoord>
					</edgeMap>
					<edgeMap>
					<xCoord>347</xCoord>
					<yCoord>346</yCoord>
					</edgeMap>
					<edgeMap>
					<xCoord>346</xCoord>
					<yCoord>345</yCoord>
					</edgeMap>
					<edgeMap>
					<xCoord>345</xCoord>
					<yCoord>345</yCoord>
					</edgeMap>
					<edgeMap>
					<xCoord>345</xCoord>
					<yCoord>346</yCoord>
					</edgeMap>
					<edgeMap>
					<xCoord>345</xCoord>
					<yCoord>347</yCoord>
					</edgeMap>
					<edgeMap>
					<xCoord>345</xCoord>
					<yCoord>348</yCoord>
					</edgeMap>
					<edgeMap>
					<xCoord>345</xCoord>
					<yCoord>349</yCoord>
					</edgeMap>
					<edgeMap>
					<xCoord>345</xCoord>
					<yCoord>350</yCoord>
					</edgeMap>
				</roi>
			</unblindedReadNodule>
			<nonNodule>
				<nonNoduleID>1</nonNoduleID>
				<imageZposition>1514.0</imageZposition>
				<imageSOP_UID>1.3.6.1.4.1.14519.5.2.1.6279.6001.593189219711566407808900993333</imageSOP_UID>
				<locus>
					<xCoord>311</xCoord>
					<yCoord>313</yCoord>
				</locus>
			</nonNodule>
	</readingSession>



</LidcReadMessage>