<?xml version="1.0" encoding="UTF-8"?>
<LidcReadMessage uid="1.3.6.1.4.1.14519.5.2.1.6279.6001.1307390687984.0" xmlns="http://www.nih.gov" xmlns:xsi="http://www.w3.org/2001/XMLSchema-instance" xsi:schemaLocation="http://www.nih.gov  http://troll.rad.med.umich.edu/lidc/LidcReadMessage.xsd">
<ResponseHeader>
<Version>1.8.1</Version>
<MessageId>-1785946234</MessageId>
<DateRequest>2008-09-15</DateRequest>
<TimeRequest>10:22:37</TimeRequest>
<RequestingSite>removed</RequestingSite>
<ServicingSite>removed</ServicingSite>
<TaskDescription>Second unblinded read</TaskDescription>
<CtImageFile>removed</CtImageFile>
<SeriesInstanceUid>1.3.6.1.4.1.14519.5.2.1.6279.6001.316393351033132458296975008261</SeriesInstanceUid>
<DateService>2009-06-04</DateService>
<TimeService>02:42:03</TimeService>
<ResponseDescription>1 - Reading complete</ResponseDescription>
<StudyInstanceUID>1.3.6.1.4.1.14519.5.2.1.6279.6001.274533538808543280646156261676</StudyInstanceUID></ResponseHeader>
<readingSession>
    <annotationVersion>3.12</annotationVersion>
    <servicingRadiologistID>-891335835</servicingRadiologistID>
    <unblindedReadNodule>
      <noduleID>Nodule 004</noduleID>
      <characteristics>
        <subtlety>4</subtlety>
        <internalStructure>1</internalStructure>
        <calcification>6</calcification>
        <sphericity>5</sphericity>
        <margin>5</margin>
        <lobulation>1</lobulation>
        <spiculation>1</spiculation>
        <texture>5</texture>
        <malignancy>2</malignancy>
      </characteristics>
      <roi>
        <imageZposition>-201.500000 </imageZposition>
        <imageSOP_UID>1.3.6.1.4.1.14519.5.2.1.6279.6001.171216502149164207657374775159</imageSOP_UID>
        <inclusion>TRUE</inclusion>
        <edgeMap>
          <xCoord>309</xCoord>
          <yCoord>353</yCoord>
        </edgeMap>
        <edgeMap>
          <xCoord>308</xCoord>
          <yCoord>354</yCoord>
        </edgeMap>
        <edgeMap>
          <xCoord>307</xCoord>
          <yCoord>355</yCoord>
        </edgeMap>
        <edgeMap>
          <xCoord>307</xCoord>
          <yCoord>356</yCoord>
        </edgeMap>
        <edgeMap>
          <xCoord>307</xCoord>
          <yCoord>357</yCoord>
        </edgeMap>
        <edgeMap>
          <xCoord>307</xCoord>
          <yCoord>358</yCoord>
        </edgeMap>
        <edgeMap>
          <xCoord>308</xCoord>
          <yCoord>359</yCoord>
        </edgeMap>
        <edgeMap>
          <xCoord>309</xCoord>
          <yCoord>360</yCoord>
        </edgeMap>
        <edgeMap>
          <xCoord>310</xCoord>
          <yCoord>361</yCoord>
        </edgeMap>
        <edgeMap>
          <xCoord>311</xCoord>
          <yCoord>361</yCoord>
        </edgeMap>
        <edgeMap>
          <xCoord>312</xCoord>
          <yCoord>361</yCoord>
        </edgeMap>
        <edgeMap>
          <xCoord>313</xCoord>
          <yCoord>360</yCoord>
        </edgeMap>
        <edgeMap>
          <xCoord>314</xCoord>
          <yCoord>359</yCoord>
        </edgeMap>
        <edgeMap>
          <xCoord>314</xCoord>
          <yCoord>358</yCoord>
        </edgeMap>
        <edgeMap>
          <xCoord>314</xCoord>
          <yCoord>357</yCoord>
        </edgeMap>
        <edgeMap>
          <xCoord>314</xCoord>
          <yCoord>356</yCoord>
        </edgeMap>
        <edgeMap>
          <xCoord>314</xCoord>
          <yCoord>355</yCoord>
        </edgeMap>
        <edgeMap>
          <xCoord>313</xCoord>
          <yCoord>354</yCoord>
        </edgeMap>
        <edgeMap>
          <xCoord>312</xCoord>
          <yCoord>353</yCoord>
        </edgeMap>
        <edgeMap>
          <xCoord>311</xCoord>
          <yCoord>353</yCoord>
        </edgeMap>
        <edgeMap>
          <xCoord>310</xCoord>
          <yCoord>353</yCoord>
        </edgeMap>
        <edgeMap>
          <xCoord>309</xCoord>
          <yCoord>353</yCoord>
        </edgeMap>
      </roi>
      <roi>
        <imageZposition>-200.250000 </imageZposition>
        <imageSOP_UID>1.3.6.1.4.1.14519.5.2.1.6279.6001.309005341170252261797685284916</imageSOP_UID>
        <inclusion>TRUE</inclusion>
        <edgeMap>
          <xCoord>312</xCoord>
          <yCoord>352</yCoord>
        </edgeMap>
        <edgeMap>
          <xCoord>311</xCoord>
          <yCoord>353</yCoord>
        </edgeMap>
        <edgeMap>
          <xCoord>310</xCoord>
          <yCoord>353</yCoord>
        </edgeMap>
        <edgeMap>
          <xCoord>309</xCoord>
          <yCoord>354</yCoord>
        </edgeMap>
        <edgeMap>
          <xCoord>309</xCoord>
          <yCoord>355</yCoord>
        </edgeMap>
        <edgeMap>
          <xCoord>309</xCoord>
          <yCoord>356</yCoord>
        </edgeMap>
        <edgeMap>
          <xCoord>309</xCoord>
          <yCoord>357</yCoord>
        </edgeMap>
        <edgeMap>
          <xCoord>309</xCoord>
          <yCoord>358</yCoord>
        </edgeMap>
        <edgeMap>
          <xCoord>309</xCoord>
          <yCoord>359</yCoord>
        </edgeMap>
        <edgeMap>
          <xCoord>309</xCoord>
          <yCoord>360</yCoord>
        </edgeMap>
        <edgeMap>
          <xCoord>310</xCoord>
          <yCoord>361</yCoord>
        </edgeMap>
        <edgeMap>
          <xCoord>311</xCoord>
          <yCoord>361</yCoord>
        </edgeMap>
        <edgeMap>
          <xCoord>312</xCoord>
          <yCoord>361</yCoord>
        </edgeMap>
        <edgeMap>
          <xCoord>313</xCoord>
          <yCoord>361</yCoord>
        </edgeMap>
        <edgeMap>
          <xCoord>314</xCoord>
          <yCoord>361</yCoord>
        </edgeMap>
        <edgeMap>
          <xCoord>315</xCoord>
          <yCoord>360</yCoord>
        </edgeMap>
        <edgeMap>
          <xCoord>315</xCoord>
          <yCoord>359</yCoord>
        </edgeMap>
        <edgeMap>
          <xCoord>315</xCoord>
          <yCoord>358</yCoord>
        </edgeMap>
        <edgeMap>
          <xCoord>315</xCoord>
          <yCoord>357</yCoord>
        </edgeMap>
        <edgeMap>
          <xCoord>315</xCoord>
          <yCoord>356</yCoord>
        </edgeMap>
        <edgeMap>
          <xCoord>314</xCoord>
          <yCoord>355</yCoord>
        </edgeMap>
        <edgeMap>
          <xCoord>314</xCoord>
          <yCoord>354</yCoord>
        </edgeMap>
        <edgeMap>
          <xCoord>314</xCoord>
          <yCoord>353</yCoord>
        </edgeMap>
        <edgeMap>
          <xCoord>313</xCoord>
          <yCoord>352</yCoord>
        </edgeMap>
        <edgeMap>
          <xCoord>312</xCoord>
          <yCoord>352</yCoord>
        </edgeMap>
      </roi>
    </unblindedReadNodule>
    <unblindedReadNodule>
      <noduleID>Nodule 001</noduleID>
      <characteristics>
        <subtlety>4</subtlety>
        <internalStructure>1</internalStructure>
        <calcification>6</calcification>
        <sphericity>4</sphericity>
        <margin>5</margin>
        <lobulation>1</lobulation>
        <spiculation>1</spiculation>
        <texture>5</texture>
        <malignancy>2</malignancy>
      </characteristics>
      <roi>
        <imageZposition>-161.500000 </imageZposition>
        <imageSOP_UID>1.3.6.1.4.1.14519.5.2.1.6279.6001.305090253675541083500746724299</imageSOP_UID>
        <inclusion>TRUE</inclusion>
        <edgeMap>
          <xCoord>144</xCoord>
          <yCoord>174</yCoord>
        </edgeMap>
        <edgeMap>
          <xCoord>143</xCoord>
          <yCoord>175</yCoord>
        </edgeMap>
        <edgeMap>
          <xCoord>143</xCoord>
          <yCoord>176</yCoord>
        </edgeMap>
        <edgeMap>
          <xCoord>143</xCoord>
          <yCoord>177</yCoord>
        </edgeMap>
        <edgeMap>
          <xCoord>144</xCoord>
          <yCoord>178</yCoord>
        </edgeMap>
        <edgeMap>
          <xCoord>145</xCoord>
          <yCoord>179</yCoord>
        </edgeMap>
        <edgeMap>
          <xCoord>146</xCoord>
          <yCoord>179</yCoord>
        </edgeMap>
        <edgeMap>
          <xCoord>147</xCoord>
          <yCoord>179</yCoord>
        </edgeMap>
        <edgeMap>
          <xCoord>148</xCoord>
          <yCoord>178</yCoord>
        </edgeMap>
        <edgeMap>
          <xCoord>148</xCoord>
          <yCoord>177</yCoord>
        </edgeMap>
        <edgeMap>
          <xCoord>148</xCoord>
          <yCoord>176</yCoord>
        </edgeMap>
        <edgeMap>
          <xCoord>147</xCoord>
          <yCoord>175</yCoord>
        </edgeMap>
        <edgeMap>
          <xCoord>146</xCoord>
          <yCoord>174</yCoord>
        </edgeMap>
        <edgeMap>
          <xCoord>145</xCoord>
          <yCoord>174</yCoord>
        </edgeMap>
        <edgeMap>
          <xCoord>144</xCoord>
          <yCoord>174</yCoord>
        </edgeMap>
      </roi>
      <roi>
        <imageZposition>-160.250000 </imageZposition>
        <imageSOP_UID>1.3.6.1.4.1.14519.5.2.1.6279.6001.124126182846403509509998673322</imageSOP_UID>
        <inclusion>TRUE</inclusion>
        <edgeMap>
          <xCoord>146</xCoord>
          <yCoord>174</yCoord>
        </edgeMap>
        <edgeMap>
          <xCoord>145</xCoord>
          <yCoord>173</yCoord>
        </edgeMap>
        <edgeMap>
          <xCoord>144</xCoord>
          <yCoord>174</yCoord>
        </edgeMap>
        <edgeMap>
          <xCoord>143</xCoord>
          <yCoord>175</yCoord>
        </edgeMap>
        <edgeMap>
          <xCoord>143</xCoord>
          <yCoord>176</yCoord>
        </edgeMap>
        <edgeMap>
          <xCoord>143</xCoord>
          <yCoord>177</yCoord>
        </edgeMap>
        <edgeMap>
          <xCoord>144</xCoord>
          <yCoord>178</yCoord>
        </edgeMap>
        <edgeMap>
          <xCoord>145</xCoord>
          <yCoord>179</yCoord>
        </edgeMap>
        <edgeMap>
          <xCoord>146</xCoord>
          <yCoord>180</yCoord>
        </edgeMap>
        <edgeMap>
          <xCoord>147</xCoord>
          <yCoord>180</yCoord>
        </edgeMap>
        <edgeMap>
          <xCoord>148</xCoord>
          <yCoord>179</yCoord>
        </edgeMap>
        <edgeMap>
          <xCoord>148</xCoord>
          <yCoord>178</yCoord>
        </edgeMap>
        <edgeMap>
          <xCoord>148</xCoord>
          <yCoord>177</yCoord>
        </edgeMap>
        <edgeMap>
          <xCoord>147</xCoord>
          <yCoord>176</yCoord>
        </edgeMap>
        <edgeMap>
          <xCoord>146</xCoord>
          <yCoord>175</yCoord>
        </edgeMap>
        <edgeMap>
          <xCoord>146</xCoord>
          <yCoord>174</yCoord>
        </edgeMap>
      </roi>
      <roi>
        <imageZposition>-159.000000 </imageZposition>
        <imageSOP_UID>1.3.6.1.4.1.14519.5.2.1.6279.6001.237605649569333779312325694394</imageSOP_UID>
        <inclusion>TRUE</inclusion>
        <edgeMap>
          <xCoord>146</xCoord>
          <yCoord>173</yCoord>
        </edgeMap>
        <edgeMap>
          <xCoord>145</xCoord>
          <yCoord>172</yCoord>
        </edgeMap>
        <edgeMap>
          <xCoord>144</xCoord>
          <yCoord>173</yCoord>
        </edgeMap>
        <edgeMap>
          <xCoord>143</xCoord>
          <yCoord>174</yCoord>
        </edgeMap>
        <edgeMap>
          <xCoord>142</xCoord>
          <yCoord>175</yCoord>
        </edgeMap>
        <edgeMap>
          <xCoord>142</xCoord>
          <yCoord>176</yCoord>
        </edgeMap>
        <edgeMap>
          <xCoord>142</xCoord>
          <yCoord>177</yCoord>
        </edgeMap>
        <edgeMap>
          <xCoord>143</xCoord>
          <yCoord>178</yCoord>
        </edgeMap>
        <edgeMap>
          <xCoord>144</xCoord>
          <yCoord>179</yCoord>
        </edgeMap>
        <edgeMap>
          <xCoord>145</xCoord>
          <yCoord>180</yCoord>
        </edgeMap>
        <edgeMap>
          <xCoord>146</xCoord>
          <yCoord>180</yCoord>
        </edgeMap>
        <edgeMap>
          <xCoord>147</xCoord>
          <yCoord>179</yCoord>
        </edgeMap>
        <edgeMap>
          <xCoord>148</xCoord>
          <yCoord>178</yCoord>
        </edgeMap>
        <edgeMap>
          <xCoord>148</xCoord>
          <yCoord>177</yCoord>
        </edgeMap>
        <edgeMap>
          <xCoord>147</xCoord>
          <yCoord>176</yCoord>
        </edgeMap>
        <edgeMap>
          <xCoord>147</xCoord>
          <yCoord>175</yCoord>
        </edgeMap>
        <edgeMap>
          <xCoord>146</xCoord>
          <yCoord>174</yCoord>
        </edgeMap>
        <edgeMap>
          <xCoord>146</xCoord>
          <yCoord>173</yCoord>
        </edgeMap>
      </roi>
      <roi>
        <imageZposition>-157.750000 </imageZposition>
        <imageSOP_UID>1.3.6.1.4.1.14519.5.2.1.6279.6001.159179484874207568024693035639</imageSOP_UID>
        <inclusion>TRUE</inclusion>
        <edgeMap>
          <xCoord>143</xCoord>
          <yCoord>174</yCoord>
        </edgeMap>
        <edgeMap>
          <xCoord>142</xCoord>
          <yCoord>175</yCoord>
        </edgeMap>
        <edgeMap>
          <xCoord>142</xCoord>
          <yCoord>176</yCoord>
        </edgeMap>
        <edgeMap>
          <xCoord>142</xCoord>
          <yCoord>177</yCoord>
        </edgeMap>
        <edgeMap>
          <xCoord>143</xCoord>
          <yCoord>178</yCoord>
        </edgeMap>
        <edgeMap>
          <xCoord>144</xCoord>
          <yCoord>179</yCoord>
        </edgeMap>
        <edgeMap>
          <xCoord>145</xCoord>
          <yCoord>180</yCoord>
        </edgeMap>
        <edgeMap>
          <xCoord>146</xCoord>
          <yCoord>180</yCoord>
        </edgeMap>
        <edgeMap>
          <xCoord>147</xCoord>
          <yCoord>180</yCoord>
        </edgeMap>
        <edgeMap>
          <xCoord>148</xCoord>
          <yCoord>179</yCoord>
        </edgeMap>
        <edgeMap>
          <xCoord>148</xCoord>
          <yCoord>178</yCoord>
        </edgeMap>
        <edgeMap>
          <xCoord>148</xCoord>
          <yCoord>177</yCoord>
        </edgeMap>
        <edgeMap>
          <xCoord>148</xCoord>
          <yCoord>176</yCoord>
        </edgeMap>
        <edgeMap>
          <xCoord>147</xCoord>
          <yCoord>175</yCoord>
        </edgeMap>
        <edgeMap>
          <xCoord>146</xCoord>
          <yCoord>174</yCoord>
        </edgeMap>
        <edgeMap>
          <xCoord>145</xCoord>
          <yCoord>174</yCoord>
        </edgeMap>
        <edgeMap>
          <xCoord>144</xCoord>
          <yCoord>174</yCoord>
        </edgeMap>
        <edgeMap>
          <xCoord>143</xCoord>
          <yCoord>174</yCoord>
        </edgeMap>
      </roi>
    </unblindedReadNodule>
    <unblindedReadNodule>
      <noduleID>Nodule 002</noduleID>
      <characteristics>
        <subtlety>4</subtlety>
        <internalStructure>1</internalStructure>
        <calcification>6</calcification>
        <sphericity>3</sphericity>
        <margin>5</margin>
        <lobulation>1</lobulation>
        <spiculation>1</spiculation>
        <texture>5</texture>
        <malignancy>2</malignancy>
      </characteristics>
      <roi>
        <imageZposition>-109.000000 </imageZposition>
        <imageSOP_UID>1.3.6.1.4.1.14519.5.2.1.6279.6001.301708298938659564641586808472</imageSOP_UID>
        <inclusion>TRUE</inclusion>
        <edgeMap>
          <xCoord>124</xCoord>
          <yCoord>299</yCoord>
        </edgeMap>
        <edgeMap>
          <xCoord>123</xCoord>
          <yCoord>300</yCoord>
        </edgeMap>
        <edgeMap>
          <xCoord>123</xCoord>
          <yCoord>301</yCoord>
        </edgeMap>
        <edgeMap>
          <xCoord>123</xCoord>
          <yCoord>302</yCoord>
        </edgeMap>
        <edgeMap>
          <xCoord>124</xCoord>
          <yCoord>303</yCoord>
        </edgeMap>
        <edgeMap>
          <xCoord>124</xCoord>
          <yCoord>304</yCoord>
        </edgeMap>
        <edgeMap>
          <xCoord>124</xCoord>
          <yCoord>305</yCoord>
        </edgeMap>
        <edgeMap>
          <xCoord>125</xCoord>
          <yCoord>306</yCoord>
        </edgeMap>
        <edgeMap>
          <xCoord>126</xCoord>
          <yCoord>307</yCoord>
        </edgeMap>
        <edgeMap>
          <xCoord>127</xCoord>
          <yCoord>307</yCoord>
        </edgeMap>
        <edgeMap>
          <xCoord>128</xCoord>
          <yCoord>306</yCoord>
        </edgeMap>
        <edgeMap>
          <xCoord>128</xCoord>
          <yCoord>305</yCoord>
        </edgeMap>
        <edgeMap>
          <xCoord>128</xCoord>
          <yCoord>304</yCoord>
        </edgeMap>
        <edgeMap>
          <xCoord>128</xCoord>
          <yCoord>303</yCoord>
        </edgeMap>
        <edgeMap>
          <xCoord>127</xCoord>
          <yCoord>302</yCoord>
        </edgeMap>
        <edgeMap>
          <xCoord>127</xCoord>
          <yCoord>301</yCoord>
        </edgeMap>
        <edgeMap>
          <xCoord>126</xCoord>
          <yCoord>300</yCoord>
        </edgeMap>
        <edgeMap>
          <xCoord>125</xCoord>
          <yCoord>299</yCoord>
        </edgeMap>
        <edgeMap>
          <xCoord>124</xCoord>
          <yCoord>299</yCoord>
        </edgeMap>
      </roi>
      <roi>
        <imageZposition>-107.750000 </imageZposition>
        <imageSOP_UID>1.3.6.1.4.1.14519.5.2.1.6279.6001.101025161539596544930976861547</imageSOP_UID>
        <inclusion>TRUE</inclusion>
        <edgeMap>
          <xCoord>124</xCoord>
          <yCoord>298</yCoord>
        </edgeMap>
        <edgeMap>
          <xCoord>123</xCoord>
          <yCoord>299</yCoord>
        </edgeMap>
        <edgeMap>
          <xCoord>123</xCoord>
          <yCoord>300</yCoord>
        </edgeMap>
        <edgeMap>
          <xCoord>123</xCoord>
          <yCoord>301</yCoord>
        </edgeMap>
        <edgeMap>
          <xCoord>123</xCoord>
          <yCoord>302</yCoord>
        </edgeMap>
        <edgeMap>
          <xCoord>124</xCoord>
          <yCoord>303</yCoord>
        </edgeMap>
        <edgeMap>
          <xCoord>125</xCoord>
          <yCoord>304</yCoord>
        </edgeMap>
        <edgeMap>
          <xCoord>125</xCoord>
          <yCoord>305</yCoord>
        </edgeMap>
        <edgeMap>
          <xCoord>126</xCoord>
          <yCoord>306</yCoord>
        </edgeMap>
        <edgeMap>
          <xCoord>127</xCoord>
          <yCoord>307</yCoord>
        </edgeMap>
        <edgeMap>
          <xCoord>128</xCoord>
          <yCoord>306</yCoord>
        </edgeMap>
        <edgeMap>
          <xCoord>128</xCoord>
          <yCoord>305</yCoord>
        </edgeMap>
        <edgeMap>
          <xCoord>129</xCoord>
          <yCoord>304</yCoord>
        </edgeMap>
        <edgeMap>
          <xCoord>129</xCoord>
          <yCoord>303</yCoord>
        </edgeMap>
        <edgeMap>
          <xCoord>128</xCoord>
          <yCoord>302</yCoord>
        </edgeMap>
        <edgeMap>
          <xCoord>128</xCoord>
          <yCoord>301</yCoord>
        </edgeMap>
        <edgeMap>
          <xCoord>128</xCoord>
          <yCoord>300</yCoord>
        </edgeMap>
        <edgeMap>
          <xCoord>127</xCoord>
          <yCoord>299</yCoord>
        </edgeMap>
        <edgeMap>
          <xCoord>126</xCoord>
          <yCoord>298</yCoord>
        </edgeMap>
        <edgeMap>
          <xCoord>125</xCoord>
          <yCoord>298</yCoord>
        </edgeMap>
        <edgeMap>
          <xCoord>124</xCoord>
          <yCoord>298</yCoord>
        </edgeMap>
      </roi>
      <roi>
        <imageZposition>-106.500000 </imageZposition>
        <imageSOP_UID>1.3.6.1.4.1.14519.5.2.1.6279.6001.304393396495274191105725278789</imageSOP_UID>
        <inclusion>TRUE</inclusion>
        <edgeMap>
          <xCoord>127</xCoord>
          <yCoord>298</yCoord>
        </edgeMap>
        <edgeMap>
          <xCoord>126</xCoord>
          <yCoord>297</yCoord>
        </edgeMap>
        <edgeMap>
          <xCoord>125</xCoord>
          <yCoord>298</yCoord>
        </edgeMap>
        <edgeMap>
          <xCoord>124</xCoord>
          <yCoord>299</yCoord>
        </edgeMap>
        <edgeMap>
          <xCoord>124</xCoord>
          <yCoord>300</yCoord>
        </edgeMap>
        <edgeMap>
          <xCoord>123</xCoord>
          <yCoord>301</yCoord>
        </edgeMap>
        <edgeMap>
          <xCoord>123</xCoord>
          <yCoord>302</yCoord>
        </edgeMap>
        <edgeMap>
          <xCoord>123</xCoord>
          <yCoord>303</yCoord>
        </edgeMap>
        <edgeMap>
          <xCoord>124</xCoord>
          <yCoord>304</yCoord>
        </edgeMap>
        <edgeMap>
          <xCoord>125</xCoord>
          <yCoord>305</yCoord>
        </edgeMap>
        <edgeMap>
          <xCoord>126</xCoord>
          <yCoord>305</yCoord>
        </edgeMap>
        <edgeMap>
          <xCoord>127</xCoord>
          <yCoord>306</yCoord>
        </edgeMap>
        <edgeMap>
          <xCoord>128</xCoord>
          <yCoord>305</yCoord>
        </edgeMap>
        <edgeMap>
          <xCoord>128</xCoord>
          <yCoord>304</yCoord>
        </edgeMap>
        <edgeMap>
          <xCoord>128</xCoord>
          <yCoord>303</yCoord>
        </edgeMap>
        <edgeMap>
          <xCoord>128</xCoord>
          <yCoord>302</yCoord>
        </edgeMap>
        <edgeMap>
          <xCoord>128</xCoord>
          <yCoord>301</yCoord>
        </edgeMap>
        <edgeMap>
          <xCoord>128</xCoord>
          <yCoord>300</yCoord>
        </edgeMap>
        <edgeMap>
          <xCoord>127</xCoord>
          <yCoord>299</yCoord>
        </edgeMap>
        <edgeMap>
          <xCoord>127</xCoord>
          <yCoord>298</yCoord>
        </edgeMap>
      </roi>
    </unblindedReadNodule>
    <unblindedReadNodule>
      <noduleID>Nodule 003</noduleID>
      <roi>
        <imageZposition>-67.750000</imageZposition>
        <imageSOP_UID>1.3.6.1.4.1.14519.5.2.1.6279.6001.208095586750756210465093193830</imageSOP_UID>
        <inclusion>TRUE</inclusion>
        <edgeMap>
          <xCoord>379</xCoord>
          <yCoord>272</yCoord>
        </edgeMap>
      </roi>
    </unblindedReadNodule>
    <unblindedReadNodule>
      <noduleID>Nodule 005</noduleID>
      <roi>
        <imageZposition>-131.500000 </imageZposition>
        <imageSOP_UID>1.3.6.1.4.1.14519.5.2.1.6279.6001.102902538568111517435234305221</imageSOP_UID>
        <inclusion>TRUE</inclusion>
        <edgeMap>
          <xCoord>111</xCoord>
          <yCoord>289</yCoord>
        </edgeMap>
      </roi>
    </unblindedReadNodule>
    <unblindedReadNodule>
      <noduleID>Nodule 006</noduleID>
      <roi>
        <imageZposition>-231.500000 </imageZposition>
        <imageSOP_UID>1.3.6.1.4.1.14519.5.2.1.6279.6001.314433098479243592849541006147</imageSOP_UID>
        <inclusion>TRUE</inclusion>
        <edgeMap>
          <xCoord>106</xCoord>
          <yCoord>214</yCoord>
        </edgeMap>
      </roi>
    </unblindedReadNodule>
    <nonNodule>
      <nonNoduleID>_Non-nodule 001</nonNoduleID>
      <imageZposition>-155.250000 </imageZposition>
      <imageSOP_UID>1.3.6.1.4.1.14519.5.2.1.6279.6001.898210918790233426192845178235</imageSOP_UID>
      <locus>
        <xCoord>298</xCoord>
        <yCoord>145</yCoord>
      </locus>
    </nonNodule>
    <nonNodule>
      <nonNoduleID>_Non-nodule 002</nonNoduleID>
      <imageZposition>-264.000000 </imageZposition>
      <imageSOP_UID>1.3.6.1.4.1.14519.5.2.1.6279.6001.227166965951124046854185330588</imageSOP_UID>
      <locus>
        <xCoord>101</xCoord>
        <yCoord>315</yCoord>
      </locus>
    </nonNodule>
  </readingSession>
<readingSession>
    <annotationVersion>3.12</annotationVersion>
    <servicingRadiologistID>388927830</servicingRadiologistID>
    <unblindedReadNodule>
      <noduleID>IL057_197022</noduleID>
      <roi>
        <imageZposition>-201.5</imageZposition>
        <imageSOP_UID>1.3.6.1.4.1.14519.5.2.1.6279.6001.171216502149164207657374775159</imageSOP_UID>
        <inclusion>TRUE</inclusion>
        <edgeMap>
          <xCoord>311</xCoord>
          <yCoord>357</yCoord>
        </edgeMap>
      </roi>
    </unblindedReadNodule>
    <unblindedReadNodule>
      <noduleID>IL057_197024</noduleID>
      <roi>
        <imageZposition>-69.0</imageZposition>
        <imageSOP_UID>1.3.6.1.4.1.14519.5.2.1.6279.6001.226915921322756704760804468757</imageSOP_UID>
        <inclusion>TRUE</inclusion>
        <edgeMap>
          <xCoord>379</xCoord>
          <yCoord>274</yCoord>
        </edgeMap>
      </roi>
    </unblindedReadNodule>
    <unblindedReadNodule>
      <noduleID>IL057_197025</noduleID>
      <roi>
        <imageZposition>-131.5</imageZposition>
        <imageSOP_UID>1.3.6.1.4.1.14519.5.2.1.6279.6001.102902538568111517435234305221</imageSOP_UID>
        <inclusion>TRUE</inclusion>
        <edgeMap>
          <xCoord>111</xCoord>
          <yCoord>289</yCoord>
        </edgeMap>
      </roi>
    </unblindedReadNodule>
    <unblindedReadNodule>
      <noduleID>IL057_203724</noduleID>
      <characteristics>
        <subtlety>3</subtlety>
        <internalStructure>1</internalStructure>
        <calcification>6</calcification>
        <sphericity>4</sphericity>
        <margin>3</margin>
        <lobulation>1</lobulation>
        <spiculation>1</spiculation>
        <texture>5</texture>
        <malignancy>3</malignancy>
      </characteristics>
      <roi>
        <imageZposition>-161.5</imageZposition>
        <imageSOP_UID>1.3.6.1.4.1.14519.5.2.1.6279.6001.305090253675541083500746724299</imageSOP_UID>
        <inclusion>TRUE</inclusion>
        <edgeMap>
          <xCoord>146</xCoord>
          <yCoord>179</yCoord>
        </edgeMap>
        <edgeMap>
          <xCoord>147</xCoord>
          <yCoord>178</yCoord>
        </edgeMap>
        <edgeMap>
          <xCoord>147</xCoord>
          <yCoord>177</yCoord>
        </edgeMap>
        <edgeMap>
          <xCoord>146</xCoord>
          <yCoord>176</yCoord>
        </edgeMap>
        <edgeMap>
          <xCoord>145</xCoord>
          <yCoord>175</yCoord>
        </edgeMap>
        <edgeMap>
          <xCoord>144</xCoord>
          <yCoord>176</yCoord>
        </edgeMap>
        <edgeMap>
          <xCoord>143</xCoord>
          <yCoord>177</yCoord>
        </edgeMap>
        <edgeMap>
          <xCoord>144</xCoord>
          <yCoord>178</yCoord>
        </edgeMap>
        <edgeMap>
          <xCoord>145</xCoord>
          <yCoord>178</yCoord>
        </edgeMap>
        <edgeMap>
          <xCoord>146</xCoord>
          <yCoord>179</yCoord>
        </edgeMap>
      </roi>
      <roi>
        <imageZposition>-160.25</imageZposition>
        <imageSOP_UID>1.3.6.1.4.1.14519.5.2.1.6279.6001.124126182846403509509998673322</imageSOP_UID>
        <inclusion>TRUE</inclusion>
        <edgeMap>
          <xCoord>147</xCoord>
          <yCoord>180</yCoord>
        </edgeMap>
        <edgeMap>
          <xCoord>148</xCoord>
          <yCoord>179</yCoord>
        </edgeMap>
        <edgeMap>
          <xCoord>148</xCoord>
          <yCoord>178</yCoord>
        </edgeMap>
        <edgeMap>
          <xCoord>148</xCoord>
          <yCoord>177</yCoord>
        </edgeMap>
        <edgeMap>
          <xCoord>148</xCoord>
          <yCoord>176</yCoord>
        </edgeMap>
        <edgeMap>
          <xCoord>147</xCoord>
          <yCoord>175</yCoord>
        </edgeMap>
        <edgeMap>
          <xCoord>146</xCoord>
          <yCoord>175</yCoord>
        </edgeMap>
        <edgeMap>
          <xCoord>145</xCoord>
          <yCoord>174</yCoord>
        </edgeMap>
        <edgeMap>
          <xCoord>144</xCoord>
          <yCoord>174</yCoord>
        </edgeMap>
        <edgeMap>
          <xCoord>143</xCoord>
          <yCoord>175</yCoord>
        </edgeMap>
        <edgeMap>
          <xCoord>143</xCoord>
          <yCoord>176</yCoord>
        </edgeMap>
        <edgeMap>
          <xCoord>143</xCoord>
          <yCoord>177</yCoord>
        </edgeMap>
        <edgeMap>
          <xCoord>143</xCoord>
          <yCoord>178</yCoord>
        </edgeMap>
        <edgeMap>
          <xCoord>144</xCoord>
          <yCoord>179</yCoord>
        </edgeMap>
        <edgeMap>
          <xCoord>145</xCoord>
          <yCoord>180</yCoord>
        </edgeMap>
        <edgeMap>
          <xCoord>146</xCoord>
          <yCoord>180</yCoord>
        </edgeMap>
        <edgeMap>
          <xCoord>147</xCoord>
          <yCoord>180</yCoord>
        </edgeMap>
      </roi>
      <roi>
        <imageZposition>-159.0</imageZposition>
        <imageSOP_UID>1.3.6.1.4.1.14519.5.2.1.6279.6001.237605649569333779312325694394</imageSOP_UID>
        <inclusion>TRUE</inclusion>
        <edgeMap>
          <xCoord>145</xCoord>
          <yCoord>181</yCoord>
        </edgeMap>
        <edgeMap>
          <xCoord>146</xCoord>
          <yCoord>180</yCoord>
        </edgeMap>
        <edgeMap>
          <xCoord>147</xCoord>
          <yCoord>179</yCoord>
        </edgeMap>
        <edgeMap>
          <xCoord>148</xCoord>
          <yCoord>178</yCoord>
        </edgeMap>
        <edgeMap>
          <xCoord>148</xCoord>
          <yCoord>177</yCoord>
        </edgeMap>
        <edgeMap>
          <xCoord>148</xCoord>
          <yCoord>176</yCoord>
        </edgeMap>
        <edgeMap>
          <xCoord>147</xCoord>
          <yCoord>175</yCoord>
        </edgeMap>
        <edgeMap>
          <xCoord>147</xCoord>
          <yCoord>174</yCoord>
        </edgeMap>
        <edgeMap>
          <xCoord>146</xCoord>
          <yCoord>173</yCoord>
        </edgeMap>
        <edgeMap>
          <xCoord>145</xCoord>
          <yCoord>172</yCoord>
        </edgeMap>
        <edgeMap>
          <xCoord>144</xCoord>
          <yCoord>173</yCoord>
        </edgeMap>
        <edgeMap>
          <xCoord>143</xCoord>
          <yCoord>173</yCoord>
        </edgeMap>
        <edgeMap>
          <xCoord>142</xCoord>
          <yCoord>174</yCoord>
        </edgeMap>
        <edgeMap>
          <xCoord>141</xCoord>
          <yCoord>175</yCoord>
        </edgeMap>
        <edgeMap>
          <xCoord>141</xCoord>
          <yCoord>176</yCoord>
        </edgeMap>
        <edgeMap>
          <xCoord>142</xCoord>
          <yCoord>177</yCoord>
        </edgeMap>
        <edgeMap>
          <xCoord>142</xCoord>
          <yCoord>178</yCoord>
        </edgeMap>
        <edgeMap>
          <xCoord>143</xCoord>
          <yCoord>179</yCoord>
        </edgeMap>
        <edgeMap>
          <xCoord>144</xCoord>
          <yCoord>180</yCoord>
        </edgeMap>
        <edgeMap>
          <xCoord>145</xCoord>
          <yCoord>181</yCoord>
        </edgeMap>
      </roi>
      <roi>
        <imageZposition>-157.75</imageZposition>
        <imageSOP_UID>1.3.6.1.4.1.14519.5.2.1.6279.6001.159179484874207568024693035639</imageSOP_UID>
        <inclusion>TRUE</inclusion>
        <edgeMap>
          <xCoord>145</xCoord>
          <yCoord>179</yCoord>
        </edgeMap>
        <edgeMap>
          <xCoord>146</xCoord>
          <yCoord>178</yCoord>
        </edgeMap>
        <edgeMap>
          <xCoord>147</xCoord>
          <yCoord>177</yCoord>
        </edgeMap>
        <edgeMap>
          <xCoord>147</xCoord>
          <yCoord>176</yCoord>
        </edgeMap>
        <edgeMap>
          <xCoord>146</xCoord>
          <yCoord>175</yCoord>
        </edgeMap>
        <edgeMap>
          <xCoord>146</xCoord>
          <yCoord>174</yCoord>
        </edgeMap>
        <edgeMap>
          <xCoord>146</xCoord>
          <yCoord>173</yCoord>
        </edgeMap>
        <edgeMap>
          <xCoord>146</xCoord>
          <yCoord>172</yCoord>
        </edgeMap>
        <edgeMap>
          <xCoord>145</xCoord>
          <yCoord>171</yCoord>
        </edgeMap>
        <edgeMap>
          <xCoord>144</xCoord>
          <yCoord>172</yCoord>
        </edgeMap>
        <edgeMap>
          <xCoord>143</xCoord>
          <yCoord>173</yCoord>
        </edgeMap>
        <edgeMap>
          <xCoord>142</xCoord>
          <yCoord>174</yCoord>
        </edgeMap>
        <edgeMap>
          <xCoord>141</xCoord>
          <yCoord>175</yCoord>
        </edgeMap>
        <edgeMap>
          <xCoord>142</xCoord>
          <yCoord>176</yCoord>
        </edgeMap>
        <edgeMap>
          <xCoord>143</xCoord>
          <yCoord>177</yCoord>
        </edgeMap>
        <edgeMap>
          <xCoord>144</xCoord>
          <yCoord>178</yCoord>
        </edgeMap>
        <edgeMap>
          <xCoord>145</xCoord>
          <yCoord>179</yCoord>
        </edgeMap>
      </roi>
    </unblindedReadNodule>
  </readingSession>
<readingSession>
<annotationVersion>3.12</annotationVersion>
<servicingRadiologistID>1303072604</servicingRadiologistID>
<unblindedReadNodule>
<noduleID>MI014_14732</noduleID>
<roi>
<imageZposition>-69.0</imageZposition>
<imageSOP_UID>1.3.6.1.4.1.14519.5.2.1.6279.6001.226915921322756704760804468757</imageSOP_UID>
<inclusion>TRUE</inclusion>
<edgeMap>
<xCoord>379</xCoord>
<yCoord>274</yCoord>
</edgeMap>
</roi>
</unblindedReadNodule>
<unblindedReadNodule>
<noduleID>MI014_14728</noduleID>
<roi>
<imageZposition>-107.75</imageZposition>
<imageSOP_UID>1.3.6.1.4.1.14519.5.2.1.6279.6001.101025161539596544930976861547</imageSOP_UID>
<inclusion>TRUE</inclusion>
<edgeMap>
<xCoord>126</xCoord>
<yCoord>303</yCoord>
</edgeMap>
</roi>
</unblindedReadNodule>
<unblindedReadNodule>
<noduleID>MI014_14734</noduleID>
<roi>
<imageZposition>-131.5</imageZposition>
<imageSOP_UID>1.3.6.1.4.1.14519.5.2.1.6279.6001.102902538568111517435234305221</imageSOP_UID>
<inclusion>TRUE</inclusion>
<edgeMap>
<xCoord>112</xCoord>
<yCoord>290</yCoord>
</edgeMap>
</roi>
</unblindedReadNodule>
<unblindedReadNodule>
<noduleID>MI014_14725</noduleID>
<roi>
<imageZposition>-157.75</imageZposition>
<imageSOP_UID>1.3.6.1.4.1.14519.5.2.1.6279.6001.159179484874207568024693035639</imageSOP_UID>
<inclusion>TRUE</inclusion>
<edgeMap>
<xCoord>145</xCoord>
<yCoord>178</yCoord>
</edgeMap>
</roi>
</unblindedReadNodule>
<unblindedReadNodule>
<noduleID>MI014_14730</noduleID>
<roi>
<imageZposition>-201.5</imageZposition>
<imageSOP_UID>1.3.6.1.4.1.14519.5.2.1.6279.6001.171216502149164207657374775159</imageSOP_UID>
<inclusion>TRUE</inclusion>
<edgeMap>
<xCoord>311</xCoord>
<yCoord>357</yCoord>
</edgeMap>
</roi>
</unblindedReadNodule>
<unblindedReadNodule>
<noduleID>MI014_14738</noduleID>
<roi>
<imageZposition>-204.0</imageZposition>
<imageSOP_UID>1.3.6.1.4.1.14519.5.2.1.6279.6001.931186982980976646034809559693</imageSOP_UID>
<inclusion>TRUE</inclusion>
<edgeMap>
<xCoord>152</xCoord>
<yCoord>253</yCoord>
</edgeMap>
</roi>
</unblindedReadNodule>
<unblindedReadNodule>
<noduleID>MI014_14740</noduleID>
<roi>
<imageZposition>-231.5</imageZposition>
<imageSOP_UID>1.3.6.1.4.1.14519.5.2.1.6279.6001.314433098479243592849541006147</imageSOP_UID>
<inclusion>TRUE</inclusion>
<edgeMap>
<xCoord>107</xCoord>
<yCoord>214</yCoord>
</edgeMap>
</roi>
</unblindedReadNodule>
<unblindedReadNodule>
<noduleID>MI014_14745</noduleID>
<roi>
<imageZposition>-197.75</imageZposition>
<imageSOP_UID>1.3.6.1.4.1.14519.5.2.1.6279.6001.268918891812178385435184435566</imageSOP_UID>
<inclusion>TRUE</inclusion>
<edgeMap>
<xCoord>180</xCoord>
<yCoord>357</yCoord>
</edgeMap>
</roi>
</unblindedReadNodule>
<nonNodule>
<nonNoduleID>MI014_14736</nonNoduleID>
<imageZposition>-157.75</imageZposition>
<imageSOP_UID>1.3.6.1.4.1.14519.5.2.1.6279.6001.159179484874207568024693035639</imageSOP_UID>
<locus>
<xCoord>296</xCoord>
<yCoord>145</yCoord>
</locus>
</nonNodule>
<nonNodule>
<nonNoduleID>MI014_14741</nonNoduleID>
<imageZposition>-165.25</imageZposition>
<imageSOP_UID>1.3.6.1.4.1.14519.5.2.1.6279.6001.120400549055987816668159453108</imageSOP_UID>
<locus>
<xCoord>151</xCoord>
<yCoord>200</yCoord>
</locus>
</nonNodule>
<nonNodule>
<nonNoduleID>MI014_14742</nonNoduleID>
<imageZposition>-251.5</imageZposition>
<imageSOP_UID>1.3.6.1.4.1.14519.5.2.1.6279.6001.148598908182349710790392453959</imageSOP_UID>
<locus>
<xCoord>111</xCoord>
<yCoord>329</yCoord>
</locus>
</nonNodule>
<nonNodule>
<nonNoduleID>MI014_14743</nonNoduleID>
<imageZposition>-271.5</imageZposition>
<imageSOP_UID>1.3.6.1.4.1.14519.5.2.1.6279.6001.249863115946111791830574579781</imageSOP_UID>
<locus>
<xCoord>97</xCoord>
<yCoord>309</yCoord>
</locus>
</nonNodule>
<nonNodule>
<nonNoduleID>MI014_14744</nonNoduleID>
<imageZposition>-265.25</imageZposition>
<imageSOP_UID>1.3.6.1.4.1.14519.5.2.1.6279.6001.180874808529729981068830606757</imageSOP_UID>
<locus>
<xCoord>296</xCoord>
<yCoord>296</yCoord>
</locus>
</nonNodule>
<nonNodule>
<nonNoduleID>MI014_14737</nonNoduleID>
<imageZposition>-264.0</imageZposition>
<imageSOP_UID>1.3.6.1.4.1.14519.5.2.1.6279.6001.227166965951124046854185330588</imageSOP_UID>
<locus>
<xCoord>101</xCoord>
<yCoord>315</yCoord>
</locus>
</nonNodule>
</readingSession>
<readingSession>
		<annotationVersion>3.12</annotationVersion>
		<servicingRadiologistID>-1985468191</servicingRadiologistID>
			<unblindedReadNodule>
				<noduleID>0</noduleID>
				<roi>
					<imageZposition>-201.5</imageZposition>
					<imageSOP_UID>1.3.6.1.4.1.14519.5.2.1.6279.6001.171216502149164207657374775159</imageSOP_UID>
					<inclusion>TRUE</inclusion>
					<edgeMap>
					<xCoord>312</xCoord>
					<yCoord>356</yCoord>
					</edgeMap>
				</roi>
			</unblindedReadNodule>
			<unblindedReadNodule>
				<noduleID>1</noduleID>
				<roi>
					<imageZposition>-204.0</imageZposition>
					<imageSOP_UID>1.3.6.1.4.1.14519.5.2.1.6279.6001.931186982980976646034809559693</imageSOP_UID>
					<inclusion>TRUE</inclusion>
					<edgeMap>
					<xCoord>150</xCoord>
					<yCoord>251</yCoord>
					</edgeMap>
				</roi>
			</unblindedReadNodule>
			<unblindedReadNodule>
				<noduleID>2</noduleID>
				<roi>
					<imageZposition>-231.5</imageZposition>
					<imageSOP_UID>1.3.6.1.4.1.14519.5.2.1.6279.6001.314433098479243592849541006147</imageSOP_UID>
					<inclusion>TRUE</inclusion>
					<edgeMap>
					<xCoord>108</xCoord>
					<yCoord>214</yCoord>
					</edgeMap>
				</roi>
			</unblindedReadNodule>
			<unblindedReadNodule>
				<noduleID>3</noduleID>
				<roi>
					<imageZposition>-197.75</imageZposition>
					<imageSOP_UID>1.3.6.1.4.1.14519.5.2.1.6279.6001.268918891812178385435184435566</imageSOP_UID>
					<inclusion>TRUE</inclusion>
					<edgeMap>
					<xCoord>179</xCoord>
					<yCoord>357</yCoord>
					</edgeMap>
				</roi>
			</unblindedReadNodule>
			<unblindedReadNodule>
				<noduleID>4</noduleID>
				<roi>
					<imageZposition>-159.0</imageZposition>
					<imageSOP_UID>1.3.6.1.4.1.14519.5.2.1.6279.6001.237605649569333779312325694394</imageSOP_UID>
					<inclusion>TRUE</inclusion>
					<edgeMap>
					<xCoord>146</xCoord>
					<yCoord>179</yCoord>
					</edgeMap>
				</roi>
			</unblindedReadNodule>
			<unblindedReadNodule>
				<noduleID>5</noduleID>
				<characteristics>
					<subtlety>3</subtlety>
					<internalStructure>1</internalStructure>
					<calcification>6</calcification>
					<sphericity>3</sphericity>
					<margin>5</margin>
					<lobulation>1</lobulation>
					<spiculation>1</spiculation>
					<texture>5</texture>
					<malignancy>2</malignancy>
				</characteristics>
				<roi>
					<imageZposition>-109.0</imageZposition>
					<imageSOP_UID>1.3.6.1.4.1.14519.5.2.1.6279.6001.301708298938659564641586808472</imageSOP_UID>
					<inclusion>TRUE</inclusion>
					<edgeMap>
					<xCoord>125</xCoord>
					<yCoord>300</yCoord>
					</edgeMap>
					<edgeMap>
					<xCoord>125</xCoord>
					<yCoord>301</yCoord>
					</edgeMap>
					<edgeMap>
					<xCoord>124</xCoord>
					<yCoord>302</yCoord>
					</edgeMap>
					<edgeMap>
					<xCoord>125</xCoord>
					<yCoord>303</yCoord>
					</edgeMap>
					<edgeMap>
					<xCoord>125</xCoord>
					<yCoord>304</yCoord>
					</edgeMap>
					<edgeMap>
					<xCoord>126</xCoord>
					<yCoord>305</yCoord>
					</edgeMap>
					<edgeMap>
					<xCoord>126</xCoord>
					<yCoord>306</yCoord>
					</edgeMap>
					<edgeMap>
					<xCoord>126</xCoord>
					<yCoord>307</yCoord>
					</edgeMap>
					<edgeMap>
					<xCoord>127</xCoord>
					<yCoord>307</yCoord>
					</edgeMap>
					<edgeMap>
					<xCoord>128</xCoord>
					<yCoord>307</yCoord>
					</edgeMap>
					<edgeMap>
					<xCoord>128</xCoord>
					<yCoord>306</yCoord>
					</edgeMap>
					<edgeMap>
					<xCoord>128</xCoord>
					<yCoord>305</yCoord>
					</edgeMap>
					<edgeMap>
					<xCoord>128</xCoord>
					<yCoord>304</yCoord>
					</edgeMap>
					<edgeMap>
					<xCoord>128</xCoord>
					<yCoord>303</yCoord>
					</edgeMap>
					<edgeMap>
					<xCoord>128</xCoord>
					<yCoord>302</yCoord>
					</edgeMap>
					<edgeMap>
					<xCoord>127</xCoord>
					<yCoord>301</yCoord>
					</edgeMap>
					<edgeMap>
					<xCoord>126</xCoord>
					<yCoord>301</yCoord>
					</edgeMap>
					<edgeMap>
					<xCoord>125</xCoord>
					<yCoord>300</yCoord>
					</edgeMap>
				</roi>
				<roi>
					<imageZposition>-107.75</imageZposition>
					<imageSOP_UID>1.3.6.1.4.1.14519.5.2.1.6279.6001.101025161539596544930976861547</imageSOP_UID>
					<inclusion>TRUE</inclusion>
					<edgeMap>
					<xCoord>125</xCoord>
					<yCoord>300</yCoord>
					</edgeMap>
					<edgeMap>
					<xCoord>124</xCoord>
					<yCoord>301</yCoord>
					</edgeMap>
					<edgeMap>
					<xCoord>124</xCoord>
					<yCoord>302</yCoord>
					</edgeMap>
					<edgeMap>
					<xCoord>124</xCoord>
					<yCoord>303</yCoord>
					</edgeMap>
					<edgeMap>
					<xCoord>124</xCoord>
					<yCoord>304</yCoord>
					</edgeMap>
					<edgeMap>
					<xCoord>125</xCoord>
					<yCoord>305</yCoord>
					</edgeMap>
					<edgeMap>
					<xCoord>126</xCoord>
					<yCoord>306</yCoord>
					</edgeMap>
					<edgeMap>
					<xCoord>127</xCoord>
					<yCoord>307</yCoord>
					</edgeMap>
					<edgeMap>
					<xCoord>128</xCoord>
					<yCoord>306</yCoord>
					</edgeMap>
					<edgeMap>
					<xCoord>129</xCoord>
					<yCoord>305</yCoord>
					</edgeMap>
					<edgeMap>
					<xCoord>129</xCoord>
					<yCoord>304</yCoord>
					</edgeMap>
					<edgeMap>
					<xCoord>129</xCoord>
					<yCoord>303</yCoord>
					</edgeMap>
					<edgeMap>
					<xCoord>128</xCoord>
					<yCoord>302</yCoord>
					</edgeMap>
					<edgeMap>
					<xCoord>127</xCoord>
					<yCoord>301</yCoord>
					</edgeMap>
					<edgeMap>
					<xCoord>126</xCoord>
					<yCoord>300</yCoord>
					</edgeMap>
					<edgeMap>
					<xCoord>125</xCoord>
					<yCoord>300</yCoord>
					</edgeMap>
				</roi>
				<roi>
					<imageZposition>-106.5</imageZposition>
					<imageSOP_UID>1.3.6.1.4.1.14519.5.2.1.6279.6001.304393396495274191105725278789</imageSOP_UID>
					<inclusion>TRUE</inclusion>
					<edgeMap>
					<xCoord>126</xCoord>
					<yCoord>300</yCoord>
					</edgeMap>
					<edgeMap>
					<xCoord>125</xCoord>
					<yCoord>301</yCoord>
					</edgeMap>
					<edgeMap>
					<xCoord>125</xCoord>
					<yCoord>302</yCoord>
					</edgeMap>
					<edgeMap>
					<xCoord>125</xCoord>
					<yCoord>303</yCoord>
					</edgeMap>
					<edgeMap>
					<xCoord>125</xCoord>
					<yCoord>304</yCoord>
					</edgeMap>
					<edgeMap>
					<xCoord>125</xCoord>
					<yCoord>305</yCoord>
					</edgeMap>
					<edgeMap>
					<xCoord>126</xCoord>
					<yCoord>305</yCoord>
					</edgeMap>
					<edgeMap>
					<xCoord>127</xCoord>
					<yCoord>305</yCoord>
					</edgeMap>
					<edgeMap>
					<xCoord>128</xCoord>
					<yCoord>304</yCoord>
					</edgeMap>
					<edgeMap>
					<xCoord>128</xCoord>
					<yCoord>303</yCoord>
					</edgeMap>
					<edgeMap>
					<xCoord>128</xCoord>
					<yCoord>302</yCoord>
					</edgeMap>
					<edgeMap>
					<xCoord>128</xCoord>
					<yCoord>301</yCoord>
					</edgeMap>
					<edgeMap>
					<xCoord>127</xCoord>
					<yCoord>301</yCoord>
					</edgeMap>
					<edgeMap>
					<xCoord>126</xCoord>
					<yCoord>300</yCoord>
					</edgeMap>
				</roi>
			</unblindedReadNodule>
			<unblindedReadNodule>
				<noduleID>6</noduleID>
				<roi>
					<imageZposition>-69.0</imageZposition>
					<imageSOP_UID>1.3.6.1.4.1.14519.5.2.1.6279.6001.226915921322756704760804468757</imageSOP_UID>
					<inclusion>TRUE</inclusion>
					<edgeMap>
					<xCoord>379</xCoord>
					<yCoord>273</yCoord>
					</edgeMap>
				</roi>
			</unblindedReadNodule>
			<unblindedReadNodule>
				<noduleID>7</noduleID>
				<roi>
					<imageZposition>-131.5</imageZposition>
					<imageSOP_UID>1.3.6.1.4.1.14519.5.2.1.6279.6001.102902538568111517435234305221</imageSOP_UID>
					<inclusion>TRUE</inclusion>
					<edgeMap>
					<xCoord>111</xCoord>
					<yCoord>290</yCoord>
					</edgeMap>
				</roi>
			</unblindedReadNodule>
	</readingSession>
</LidcReadMessage>