<?xml version="1.0" encoding="UTF-8"?>
<IdriReadMessage uid="1.3.6.1.4.1.14519.5.2.1.6279.6001.1307985403003.0" xmlns="http://www.nih.gov/idri" xmlns:xsi="http://www.w3.org/2001/XMLSchema-instance" xsi:schemaLocation="http://www.nih.gov/idri  http://troll.rad.med.umich.edu/idri/IdriReadMessage.xsd">
  <ResponseHeader>
    <Version>1.4</Version>
    <MessageId>2980194</MessageId>
    <DateRequest>2009-11-04</DateRequest>
    <TimeRequest>11:07:02</TimeRequest>
    <RequestingSite>removed</RequestingSite>
    <ServicingSite>removed</ServicingSite>
    <TaskDescription>CXR read</TaskDescription>
    <CTImageFile>removed</CTImageFile>
    <CTSeriesInstanceUid>1.3.6.1.4.1.14519.5.2.1.6279.6001.267957701183569638795986183786</CTSeriesInstanceUid>
    <CXRImageFile>removed</CXRImageFile>
    <CXRSeriesInstanceUid>1.3.6.1.4.1.14519.5.2.1.6279.6001.298718327861275033002179186448</CXRSeriesInstanceUid>
    <Modality>CXR</Modality>
    <DateService>2010-10-10</DateService>
    <TimeService>12:00:00</TimeService>
    <ResponseDescription>1 - Reading complete</ResponseDescription>
    <ResponseComments></ResponseComments>
  <StudyInstanceUID>1.3.6.1.4.1.14519.5.2.1.6279.6001.165525336763323570160477885720</StudyInstanceUID><SeriesInstanceUID>1.3.6.1.4.1.14519.5.2.1.6279.6001.298718327861275033002179186448</SeriesInstanceUID></ResponseHeader>
  <CXRreadingSession>
    <servicingRadiologistID>anonymous</servicingRadiologistID>
    <unblindedRead>
      <noduleID>CA006_206725</noduleID>
      <characteristics>
        <confidence>1</confidence>
      </characteristics>
      <roi>
        <imageSOP_UID>1.3.6.1.4.1.14519.5.2.1.6279.6001.318885272984218768453139848367</imageSOP_UID>
        <edgeMap>
          <xCoord>932</xCoord>
          <yCoord>511</yCoord>
        </edgeMap>
      </roi>
    </unblindedRead>
    <unblindedRead>
      <noduleID>NY307.2</noduleID>
      <characteristics>
        <confidence>1</confidence>
      </characteristics>
      <roi>
        <imageSOP_UID>1.3.6.1.4.1.14519.5.2.1.6279.6001.318885272984218768453139848367</imageSOP_UID>
        <edgeMap>
          <xCoord>664</xCoord>
          <yCoord>1438</yCoord>
        </edgeMap>
      </roi>
    </unblindedRead>
    <unblindedRead>
      <noduleID>CA006_206717</noduleID>
      <characteristics>
        <confidence>2</confidence>
        <subtlety>3</subtlety>
        <obscuration>2</obscuration>
        <reason>3</reason>
      </characteristics>
      <roi>
        <imageSOP_UID>1.3.6.1.4.1.14519.5.2.1.6279.6001.318885272984218768453139848367</imageSOP_UID>
        <edgeMap>
          <xCoord>906</xCoord>
          <yCoord>1465</yCoord>
        </edgeMap>
      </roi>
    </unblindedRead>
    <unblindedRead>
      <noduleID>CA006_206722</noduleID>
      <characteristics>
        <confidence>1</confidence>
      </characteristics>
      <roi>
        <imageSOP_UID>1.3.6.1.4.1.14519.5.2.1.6279.6001.318885272984218768453139848367</imageSOP_UID>
        <edgeMap>
          <xCoord>743</xCoord>
          <yCoord>1380</yCoord>
        </edgeMap>
      </roi>
    </unblindedRead>
    <unblindedRead>
      <noduleID>CA006_206714</noduleID>
      <characteristics>
        <confidence>3</confidence>
        <subtlety>5</subtlety>
        <obscuration>2</obscuration>
        <reason>1</reason>
      </characteristics>
      <roi>
        <imageSOP_UID>1.3.6.1.4.1.14519.5.2.1.6279.6001.318885272984218768453139848367</imageSOP_UID>
        <edgeMap>
          <xCoord>748</xCoord>
          <yCoord>1681</yCoord>
        </edgeMap>
      </roi>
    </unblindedRead>
  </CXRreadingSession>
  <CXRreadingSession>
    <servicingRadiologistID>anonymous</servicingRadiologistID>
    <unblindedRead>
      <noduleID>CA006_206717</noduleID>
      <characteristics>
        <confidence>2</confidence>
        <subtlety>3</subtlety>
        <obscuration>2</obscuration>
        <reason>1</reason>
      </characteristics>
      <roi>
        <imageSOP_UID>1.3.6.1.4.1.14519.5.2.1.6279.6001.318885272984218768453139848367</imageSOP_UID>
        <edgeMap>
          <xCoord>907</xCoord>
          <yCoord>1465</yCoord>
        </edgeMap>
      </roi>
    </unblindedRead>
    <unblindedRead>
      <noduleID>CA006_206722</noduleID>
      <characteristics>
        <confidence>2</confidence>
        <subtlety>1</subtlety>
        <obscuration>2</obscuration>
        <reason>1</reason>
      </characteristics>
      <roi>
        <imageSOP_UID>1.3.6.1.4.1.14519.5.2.1.6279.6001.318885272984218768453139848367</imageSOP_UID>
        <edgeMap>
          <xCoord>639</xCoord>
          <yCoord>1443</yCoord>
        </edgeMap>
      </roi>
    </unblindedRead>
    <unblindedRead>
      <noduleID>CA006_206714</noduleID>
      <characteristics>
        <confidence>3</confidence>
        <subtlety>5</subtlety>
        <obscuration>2</obscuration>
        <reason>1</reason>
      </characteristics>
      <roi>
        <imageSOP_UID>1.3.6.1.4.1.14519.5.2.1.6279.6001.318885272984218768453139848367</imageSOP_UID>
        <edgeMap>
          <xCoord>735</xCoord>
          <yCoord>1685</yCoord>
        </edgeMap>
      </roi>
    </unblindedRead>
    <unblindedRead>
      <noduleID>CA006_206725</noduleID>
      <characteristics>
        <confidence>2</confidence>
        <subtlety>4</subtlety>
        <obscuration>2</obscuration>
        <reason>1</reason>
      </characteristics>
      <roi>
        <imageSOP_UID>1.3.6.1.4.1.14519.5.2.1.6279.6001.318885272984218768453139848367</imageSOP_UID>
        <edgeMap>
          <xCoord>967</xCoord>
          <yCoord>729</yCoord>
        </edgeMap>
      </roi>
    </unblindedRead>
    <unblindedRead>
      <noduleID>NY307.2</noduleID>
      <characteristics>
        <confidence>2</confidence>
        <subtlety>1</subtlety>
        <obscuration>3</obscuration>
        <reason>1</reason>
      </characteristics>
      <roi>
        <imageSOP_UID>1.3.6.1.4.1.14519.5.2.1.6279.6001.318885272984218768453139848367</imageSOP_UID>
        <edgeMap>
          <xCoord>603</xCoord>
          <yCoord>1425</yCoord>
        </edgeMap>
      </roi>
    </unblindedRead>
  </CXRreadingSession>
  <CXRreadingSession>
    <servicingRadiologistID>anonymous</servicingRadiologistID>
    <unblindedRead>
      <noduleID>CA006_206714</noduleID>
      <characteristics>
        <confidence>3</confidence>
        <subtlety>5</subtlety>
        <obscuration>2</obscuration>
        <reason>1</reason>
      </characteristics>
      <roi>
        <imageSOP_UID>1.3.6.1.4.1.14519.5.2.1.6279.6001.318885272984218768453139848367</imageSOP_UID>
        <edgeMap>
          <xCoord>756</xCoord>
          <yCoord>1671</yCoord>
        </edgeMap>
      </roi>
    </unblindedRead>
    <unblindedRead>
      <noduleID>CA006_206717</noduleID>
      <characteristics>
        <confidence>2</confidence>
        <subtlety>1</subtlety>
        <obscuration>1</obscuration>
      </characteristics>
      <roi>
        <imageSOP_UID>1.3.6.1.4.1.14519.5.2.1.6279.6001.318885272984218768453139848367</imageSOP_UID>
        <edgeMap>
          <xCoord>918</xCoord>
          <yCoord>1463</yCoord>
        </edgeMap>
      </roi>
    </unblindedRead>
    <unblindedRead>
      <noduleID>CA006_206725</noduleID>
      <characteristics>
        <confidence>2</confidence>
        <subtlety>1</subtlety>
        <obscuration>2</obscuration>
        <reason>1</reason>
      </characteristics>
      <roi>
        <imageSOP_UID>1.3.6.1.4.1.14519.5.2.1.6279.6001.318885272984218768453139848367</imageSOP_UID>
        <edgeMap>
          <xCoord>975</xCoord>
          <yCoord>731</yCoord>
        </edgeMap>
      </roi>
    </unblindedRead>
    <unblindedRead>
      <noduleID>CA006_206722</noduleID>
      <characteristics>
        <confidence>1</confidence>
      </characteristics>
      <roi>
        <imageSOP_UID>1.3.6.1.4.1.14519.5.2.1.6279.6001.318885272984218768453139848367</imageSOP_UID>
        <edgeMap>
          <xCoord>744</xCoord>
          <yCoord>1386</yCoord>
        </edgeMap>
      </roi>
    </unblindedRead>
    <unblindedRead>
      <noduleID>NY307.2</noduleID>
      <characteristics>
        <confidence>1</confidence>
      </characteristics>
      <roi>
        <imageSOP_UID>1.3.6.1.4.1.14519.5.2.1.6279.6001.318885272984218768453139848367</imageSOP_UID>
        <edgeMap>
          <xCoord>691</xCoord>
          <yCoord>1427</yCoord>
        </edgeMap>
      </roi>
    </unblindedRead>
  </CXRreadingSession>
  <CXRreadingSession>
    <servicingRadiologistID>anonymous</servicingRadiologistID>
    <unblindedRead>
      <noduleID>CA006_206725</noduleID>
      <characteristics>
        <confidence>2</confidence>
        <subtlety>1</subtlety>
        <obscuration>2</obscuration>
        <reason>1</reason>
      </characteristics>
      <roi>
        <imageSOP_UID>1.3.6.1.4.1.14519.5.2.1.6279.6001.318885272984218768453139848367</imageSOP_UID>
        <edgeMap>
          <xCoord>933</xCoord>
          <yCoord>574</yCoord>
        </edgeMap>
      </roi>
    </unblindedRead>
    <unblindedRead>
      <noduleID>CA006_206717</noduleID>
      <characteristics>
        <confidence>3</confidence>
        <subtlety>4</subtlety>
        <obscuration>1</obscuration>
      </characteristics>
      <roi>
        <imageSOP_UID>1.3.6.1.4.1.14519.5.2.1.6279.6001.318885272984218768453139848367</imageSOP_UID>
        <edgeMap>
          <xCoord>922</xCoord>
          <yCoord>1469</yCoord>
        </edgeMap>
      </roi>
    </unblindedRead>
    <unblindedRead>
      <noduleID>CA006_206722</noduleID>
      <characteristics>
        <confidence>2</confidence>
        <subtlety>3</subtlety>
        <obscuration>2</obscuration>
        <reason>1</reason>
      </characteristics>
      <roi>
        <imageSOP_UID>1.3.6.1.4.1.14519.5.2.1.6279.6001.318885272984218768453139848367</imageSOP_UID>
        <edgeMap>
          <xCoord>705</xCoord>
          <yCoord>1428</yCoord>
        </edgeMap>
      </roi>
    </unblindedRead>
    <unblindedRead>
      <noduleID>NY307.2</noduleID>
      <characteristics>
        <confidence>3</confidence>
        <subtlety>3</subtlety>
        <obscuration>2</obscuration>
        <reason>1</reason>
      </characteristics>
      <roi>
        <imageSOP_UID>1.3.6.1.4.1.14519.5.2.1.6279.6001.318885272984218768453139848367</imageSOP_UID>
        <edgeMap>
          <xCoord>639</xCoord>
          <yCoord>1448</yCoord>
        </edgeMap>
      </roi>
    </unblindedRead>
    <unblindedRead>
      <noduleID>CA006_206714</noduleID>
      <characteristics>
        <confidence>3</confidence>
        <subtlety>5</subtlety>
        <obscuration>1</obscuration>
      </characteristics>
      <roi>
        <imageSOP_UID>1.3.6.1.4.1.14519.5.2.1.6279.6001.318885272984218768453139848367</imageSOP_UID>
        <edgeMap>
          <xCoord>753</xCoord>
          <yCoord>1683</yCoord>
        </edgeMap>
      </roi>
    </unblindedRead>
  </CXRreadingSession>
</IdriReadMessage>