<?xml version="1.0" encoding="UTF-8"?>
<IdriReadMessage uid="1.3.6.1.4.1.14519.5.2.1.6279.6001.1307985404428.0" xmlns="http://www.nih.gov/idri" xmlns:xsi="http://www.w3.org/2001/XMLSchema-instance" xsi:schemaLocation="http://www.nih.gov/idri  http://troll.rad.med.umich.edu/idri/IdriReadMessage.xsd">
  <ResponseHeader>
    <Version>1.4</Version>
    <MessageId>1169159625</MessageId>
    <DateRequest>2009-08-13</DateRequest>
    <TimeRequest>02:28:05</TimeRequest>
    <RequestingSite>removed</RequestingSite>
    <ServicingSite>removed</ServicingSite>
    <TaskDescription>CXR read</TaskDescription>
    <CTImageFile>removed</CTImageFile>
    <CTSeriesInstanceUid>1.3.6.1.4.1.14519.5.2.1.6279.6001.249404938669582150398726875826</CTSeriesInstanceUid>
    <CXRImageFile>removed</CXRImageFile>
    <CXRSeriesInstanceUid>1.3.6.1.4.1.14519.5.2.1.6279.6001.118581656938136776132397300978</CXRSeriesInstanceUid>
    <Modality>CXR</Modality>
    <DateService>2010-10-10</DateService>
    <TimeService>12:00:00</TimeService>
    <ResponseDescription>1 - Reading complete</ResponseDescription>
    <ResponseComments></ResponseComments>
  <StudyInstanceUID>1.3.6.1.4.1.14519.5.2.1.6279.6001.140040400890403963979726672023</StudyInstanceUID><SeriesInstanceUID>1.3.6.1.4.1.14519.5.2.1.6279.6001.118581656938136776132397300978</SeriesInstanceUID></ResponseHeader>
  <CXRreadingSession>
    <servicingRadiologistID>anonymous</servicingRadiologistID>
    <unblindedRead>
      <noduleID>Nodule 001</noduleID>
      <characteristics>
        <confidence>3</confidence>
        <subtlety>4</subtlety>
        <obscuration>2</obscuration>
        <reason>1</reason>
      </characteristics>
      <roi>
        <imageSOP_UID>1.3.6.1.4.1.14519.5.2.1.6279.6001.326866717906087982449201231252</imageSOP_UID>
        <edgeMap>
          <xCoord>1505</xCoord>
          <yCoord>1011</yCoord>
        </edgeMap>
      </roi>
    </unblindedRead>
    <unblindedRead>
      <noduleID>Nodule 002</noduleID>
      <characteristics>
        <confidence>1</confidence>
      </characteristics>
      <roi>
        <imageSOP_UID>1.3.6.1.4.1.14519.5.2.1.6279.6001.326866717906087982449201231252</imageSOP_UID>
        <edgeMap>
          <xCoord>1173</xCoord>
          <yCoord>1024</yCoord>
        </edgeMap>
      </roi>
    </unblindedRead>
    <unblindedRead>
      <noduleID>Nodule 004</noduleID>
      <characteristics>
        <confidence>2</confidence>
        <subtlety>1</subtlety>
        <obscuration>2</obscuration>
        <reason>2</reason>
      </characteristics>
      <roi>
        <imageSOP_UID>1.3.6.1.4.1.14519.5.2.1.6279.6001.326866717906087982449201231252</imageSOP_UID>
        <edgeMap>
          <xCoord>1143</xCoord>
          <yCoord>1671</yCoord>
        </edgeMap>
      </roi>
    </unblindedRead>
    <unblindedRead>
      <noduleID>Nodule 005</noduleID>
      <characteristics>
        <confidence>2</confidence>
        <subtlety>1</subtlety>
        <obscuration>3</obscuration>
        <reason>4</reason>
      </characteristics>
      <roi>
        <imageSOP_UID>1.3.6.1.4.1.14519.5.2.1.6279.6001.326866717906087982449201231252</imageSOP_UID>
        <edgeMap>
          <xCoord>339</xCoord>
          <yCoord>1795</yCoord>
        </edgeMap>
      </roi>
    </unblindedRead>
    <unblindedRead>
      <noduleID>Nodule 003</noduleID>
      <characteristics>
        <confidence>2</confidence>
        <subtlety>1</subtlety>
        <obscuration>3</obscuration>
        <reason>1</reason>
      </characteristics>
      <roi>
        <imageSOP_UID>1.3.6.1.4.1.14519.5.2.1.6279.6001.326866717906087982449201231252</imageSOP_UID>
        <edgeMap>
          <xCoord>1517</xCoord>
          <yCoord>1488</yCoord>
        </edgeMap>
      </roi>
    </unblindedRead>
  </CXRreadingSession>
  <CXRreadingSession>
    <servicingRadiologistID>anonymous</servicingRadiologistID>
    <unblindedRead>
      <noduleID>Nodule 001</noduleID>
      <characteristics>
        <confidence>3</confidence>
        <subtlety>4</subtlety>
        <obscuration>1</obscuration>
      </characteristics>
      <roi>
        <imageSOP_UID>1.3.6.1.4.1.14519.5.2.1.6279.6001.326866717906087982449201231252</imageSOP_UID>
        <edgeMap>
          <xCoord>1496</xCoord>
          <yCoord>1004</yCoord>
        </edgeMap>
      </roi>
    </unblindedRead>
    <unblindedRead>
      <noduleID>Nodule 003</noduleID>
      <characteristics>
        <confidence>1</confidence>
      </characteristics>
      <roi>
        <imageSOP_UID>1.3.6.1.4.1.14519.5.2.1.6279.6001.326866717906087982449201231252</imageSOP_UID>
        <edgeMap>
          <xCoord>1529</xCoord>
          <yCoord>1480</yCoord>
        </edgeMap>
      </roi>
    </unblindedRead>
    <unblindedRead>
      <noduleID>Nodule 002</noduleID>
      <characteristics>
        <confidence>2</confidence>
        <subtlety>2</subtlety>
        <obscuration>2</obscuration>
        <reason>2</reason>
      </characteristics>
      <roi>
        <imageSOP_UID>1.3.6.1.4.1.14519.5.2.1.6279.6001.326866717906087982449201231252</imageSOP_UID>
        <edgeMap>
          <xCoord>1223</xCoord>
          <yCoord>1129</yCoord>
        </edgeMap>
      </roi>
    </unblindedRead>
    <unblindedRead>
      <noduleID>Nodule 004</noduleID>
      <characteristics>
        <confidence>3</confidence>
        <subtlety>3</subtlety>
        <obscuration>3</obscuration>
        <reason>4</reason>
      </characteristics>
      <roi>
        <imageSOP_UID>1.3.6.1.4.1.14519.5.2.1.6279.6001.326866717906087982449201231252</imageSOP_UID>
        <edgeMap>
          <xCoord>1154</xCoord>
          <yCoord>1668</yCoord>
        </edgeMap>
      </roi>
    </unblindedRead>
    <unblindedRead>
      <noduleID>Nodule 005</noduleID>
      <characteristics>
        <confidence>1</confidence>
      </characteristics>
      <roi>
        <imageSOP_UID>1.3.6.1.4.1.14519.5.2.1.6279.6001.326866717906087982449201231252</imageSOP_UID>
        <edgeMap>
          <xCoord>370</xCoord>
          <yCoord>1778</yCoord>
        </edgeMap>
      </roi>
    </unblindedRead>
  </CXRreadingSession>
  <CXRreadingSession>
    <servicingRadiologistID>anonymous</servicingRadiologistID>
    <unblindedRead>
      <noduleID>Nodule 004</noduleID>
      <characteristics>
        <confidence>3</confidence>
        <subtlety>5</subtlety>
        <obscuration>2</obscuration>
        <reason>4</reason>
      </characteristics>
      <roi>
        <imageSOP_UID>1.3.6.1.4.1.14519.5.2.1.6279.6001.326866717906087982449201231252</imageSOP_UID>
        <edgeMap>
          <xCoord>1142</xCoord>
          <yCoord>1671</yCoord>
        </edgeMap>
      </roi>
    </unblindedRead>
    <unblindedRead>
      <noduleID>Nodule 003</noduleID>
      <characteristics>
        <confidence>2</confidence>
        <subtlety>3</subtlety>
        <obscuration>2</obscuration>
        <reason>1</reason>
      </characteristics>
      <roi>
        <imageSOP_UID>1.3.6.1.4.1.14519.5.2.1.6279.6001.326866717906087982449201231252</imageSOP_UID>
        <edgeMap>
          <xCoord>1610</xCoord>
          <yCoord>1601</yCoord>
        </edgeMap>
      </roi>
    </unblindedRead>
    <unblindedRead>
      <noduleID>Nodule 002</noduleID>
      <characteristics>
        <confidence>2</confidence>
        <subtlety>1</subtlety>
        <obscuration>2</obscuration>
        <reason>1</reason>
      </characteristics>
      <roi>
        <imageSOP_UID>1.3.6.1.4.1.14519.5.2.1.6279.6001.326866717906087982449201231252</imageSOP_UID>
        <edgeMap>
          <xCoord>1274</xCoord>
          <yCoord>1181</yCoord>
        </edgeMap>
      </roi>
    </unblindedRead>
    <unblindedRead>
      <noduleID>Nodule 001</noduleID>
      <characteristics>
        <confidence>3</confidence>
        <subtlety>5</subtlety>
        <obscuration>2</obscuration>
        <reason>1</reason>
      </characteristics>
      <roi>
        <imageSOP_UID>1.3.6.1.4.1.14519.5.2.1.6279.6001.326866717906087982449201231252</imageSOP_UID>
        <edgeMap>
          <xCoord>1492</xCoord>
          <yCoord>1016</yCoord>
        </edgeMap>
      </roi>
    </unblindedRead>
    <unblindedRead>
      <noduleID>Nodule 005</noduleID>
      <characteristics>
        <confidence>1</confidence>
      </characteristics>
      <roi>
        <imageSOP_UID>1.3.6.1.4.1.14519.5.2.1.6279.6001.326866717906087982449201231252</imageSOP_UID>
        <edgeMap>
          <xCoord>391</xCoord>
          <yCoord>1656</yCoord>
        </edgeMap>
      </roi>
    </unblindedRead>
  </CXRreadingSession>
  <CXRreadingSession>
    <servicingRadiologistID>anonymous</servicingRadiologistID>
    <unblindedRead>
      <noduleID>Nodule 001</noduleID>
      <characteristics>
        <confidence>3</confidence>
        <subtlety>4</subtlety>
        <obscuration>2</obscuration>
        <reason>1</reason>
      </characteristics>
      <roi>
        <imageSOP_UID>1.3.6.1.4.1.14519.5.2.1.6279.6001.326866717906087982449201231252</imageSOP_UID>
        <edgeMap>
          <xCoord>1503</xCoord>
          <yCoord>1012</yCoord>
        </edgeMap>
      </roi>
    </unblindedRead>
    <unblindedRead>
      <noduleID>Nodule 005</noduleID>
      <characteristics>
        <confidence>3</confidence>
        <subtlety>2</subtlety>
        <obscuration>3</obscuration>
        <reason>4</reason>
      </characteristics>
      <roi>
        <imageSOP_UID>1.3.6.1.4.1.14519.5.2.1.6279.6001.326866717906087982449201231252</imageSOP_UID>
        <edgeMap>
          <xCoord>350</xCoord>
          <yCoord>1793</yCoord>
        </edgeMap>
      </roi>
    </unblindedRead>
    <unblindedRead>
      <noduleID>Nodule 003</noduleID>
      <characteristics>
        <confidence>1</confidence>
      </characteristics>
      <roi>
        <imageSOP_UID>1.3.6.1.4.1.14519.5.2.1.6279.6001.326866717906087982449201231252</imageSOP_UID>
        <edgeMap>
          <xCoord>1527</xCoord>
          <yCoord>1477</yCoord>
        </edgeMap>
      </roi>
    </unblindedRead>
    <unblindedRead>
      <noduleID>Nodule 002</noduleID>
      <characteristics>
        <confidence>2</confidence>
        <subtlety>2</subtlety>
        <obscuration>3</obscuration>
        <reason>2</reason>
      </characteristics>
      <roi>
        <imageSOP_UID>1.3.6.1.4.1.14519.5.2.1.6279.6001.326866717906087982449201231252</imageSOP_UID>
        <edgeMap>
          <xCoord>1220</xCoord>
          <yCoord>1122</yCoord>
        </edgeMap>
      </roi>
    </unblindedRead>
    <unblindedRead>
      <noduleID>Nodule 004</noduleID>
      <characteristics>
        <confidence>3</confidence>
        <subtlety>4</subtlety>
        <obscuration>3</obscuration>
        <reason>4</reason>
      </characteristics>
      <roi>
        <imageSOP_UID>1.3.6.1.4.1.14519.5.2.1.6279.6001.326866717906087982449201231252</imageSOP_UID>
        <edgeMap>
          <xCoord>1144</xCoord>
          <yCoord>1674</yCoord>
        </edgeMap>
      </roi>
    </unblindedRead>
  </CXRreadingSession>
</IdriReadMessage>