<?xml version="1.0" encoding="UTF-8"?>
<LidcReadMessage uid="1.3.6.1.4.1.14519.5.2.1.6279.6001.1307390690679.0" xmlns="http://www.nih.gov" xmlns:xsi="http://www.w3.org/2001/XMLSchema-instance" xsi:schemaLocation="http://www.nih.gov  http://troll.rad.med.umich.edu/lidc/LidcReadMessage.xsd">
<ResponseHeader>
<Version>1.8.1</Version>
<MessageId>187621742</MessageId>
<DateRequest>2008-04-25</DateRequest>
<TimeRequest>09:13:06</TimeRequest>
<RequestingSite>removed</RequestingSite>
<ServicingSite>removed</ServicingSite>
<TaskDescription>Second unblinded read</TaskDescription>
<CtImageFile>removed</CtImageFile>
<SeriesInstanceUid>1.3.6.1.4.1.14519.5.2.1.6279.6001.238042459915048190592571019348</SeriesInstanceUid>
<DateService>2008-10-28</DateService>
<TimeService>02:03:17</TimeService>
<ResponseDescription>1 - Reading complete</ResponseDescription>
<StudyInstanceUID>1.3.6.1.4.1.14519.5.2.1.6279.6001.143992300791476122502099615811</StudyInstanceUID></ResponseHeader>
<readingSession>
    <annotationVersion>3.12</annotationVersion>
    <servicingRadiologistID>-449133869</servicingRadiologistID>
    <unblindedReadNodule>
      <noduleID>Nodule 001</noduleID>
      <characteristics>
        <subtlety>4</subtlety>
        <internalStructure>1</internalStructure>
        <calcification>6</calcification>
        <sphericity>4</sphericity>
        <margin>4</margin>
        <lobulation>1</lobulation>
        <spiculation>1</spiculation>
        <texture>5</texture>
        <malignancy>3</malignancy>
      </characteristics>
      <roi>
        <imageZposition>-72.000000</imageZposition>
        <imageSOP_UID>1.3.6.1.4.1.14519.5.2.1.6279.6001.263032259531444852087591833652</imageSOP_UID>
        <inclusion>TRUE</inclusion>
        <edgeMap>
          <xCoord>163</xCoord>
          <yCoord>233</yCoord>
        </edgeMap>
        <edgeMap>
          <xCoord>162</xCoord>
          <yCoord>234</yCoord>
        </edgeMap>
        <edgeMap>
          <xCoord>161</xCoord>
          <yCoord>235</yCoord>
        </edgeMap>
        <edgeMap>
          <xCoord>161</xCoord>
          <yCoord>236</yCoord>
        </edgeMap>
        <edgeMap>
          <xCoord>161</xCoord>
          <yCoord>237</yCoord>
        </edgeMap>
        <edgeMap>
          <xCoord>161</xCoord>
          <yCoord>238</yCoord>
        </edgeMap>
        <edgeMap>
          <xCoord>161</xCoord>
          <yCoord>239</yCoord>
        </edgeMap>
        <edgeMap>
          <xCoord>162</xCoord>
          <yCoord>240</yCoord>
        </edgeMap>
        <edgeMap>
          <xCoord>162</xCoord>
          <yCoord>241</yCoord>
        </edgeMap>
        <edgeMap>
          <xCoord>163</xCoord>
          <yCoord>242</yCoord>
        </edgeMap>
        <edgeMap>
          <xCoord>164</xCoord>
          <yCoord>242</yCoord>
        </edgeMap>
        <edgeMap>
          <xCoord>165</xCoord>
          <yCoord>242</yCoord>
        </edgeMap>
        <edgeMap>
          <xCoord>166</xCoord>
          <yCoord>242</yCoord>
        </edgeMap>
        <edgeMap>
          <xCoord>167</xCoord>
          <yCoord>242</yCoord>
        </edgeMap>
        <edgeMap>
          <xCoord>168</xCoord>
          <yCoord>241</yCoord>
        </edgeMap>
        <edgeMap>
          <xCoord>169</xCoord>
          <yCoord>240</yCoord>
        </edgeMap>
        <edgeMap>
          <xCoord>169</xCoord>
          <yCoord>239</yCoord>
        </edgeMap>
        <edgeMap>
          <xCoord>169</xCoord>
          <yCoord>238</yCoord>
        </edgeMap>
        <edgeMap>
          <xCoord>168</xCoord>
          <yCoord>237</yCoord>
        </edgeMap>
        <edgeMap>
          <xCoord>168</xCoord>
          <yCoord>236</yCoord>
        </edgeMap>
        <edgeMap>
          <xCoord>167</xCoord>
          <yCoord>235</yCoord>
        </edgeMap>
        <edgeMap>
          <xCoord>166</xCoord>
          <yCoord>234</yCoord>
        </edgeMap>
        <edgeMap>
          <xCoord>165</xCoord>
          <yCoord>233</yCoord>
        </edgeMap>
        <edgeMap>
          <xCoord>164</xCoord>
          <yCoord>233</yCoord>
        </edgeMap>
        <edgeMap>
          <xCoord>163</xCoord>
          <yCoord>233</yCoord>
        </edgeMap>
      </roi>
      <roi>
        <imageZposition>-70.750000</imageZposition>
        <imageSOP_UID>1.3.6.1.4.1.14519.5.2.1.6279.6001.143570497736693318254857582228</imageSOP_UID>
        <inclusion>TRUE</inclusion>
        <edgeMap>
          <xCoord>164</xCoord>
          <yCoord>233</yCoord>
        </edgeMap>
        <edgeMap>
          <xCoord>163</xCoord>
          <yCoord>234</yCoord>
        </edgeMap>
        <edgeMap>
          <xCoord>162</xCoord>
          <yCoord>235</yCoord>
        </edgeMap>
        <edgeMap>
          <xCoord>162</xCoord>
          <yCoord>236</yCoord>
        </edgeMap>
        <edgeMap>
          <xCoord>162</xCoord>
          <yCoord>237</yCoord>
        </edgeMap>
        <edgeMap>
          <xCoord>162</xCoord>
          <yCoord>238</yCoord>
        </edgeMap>
        <edgeMap>
          <xCoord>162</xCoord>
          <yCoord>239</yCoord>
        </edgeMap>
        <edgeMap>
          <xCoord>163</xCoord>
          <yCoord>240</yCoord>
        </edgeMap>
        <edgeMap>
          <xCoord>164</xCoord>
          <yCoord>241</yCoord>
        </edgeMap>
        <edgeMap>
          <xCoord>165</xCoord>
          <yCoord>241</yCoord>
        </edgeMap>
        <edgeMap>
          <xCoord>166</xCoord>
          <yCoord>241</yCoord>
        </edgeMap>
        <edgeMap>
          <xCoord>167</xCoord>
          <yCoord>241</yCoord>
        </edgeMap>
        <edgeMap>
          <xCoord>168</xCoord>
          <yCoord>241</yCoord>
        </edgeMap>
        <edgeMap>
          <xCoord>169</xCoord>
          <yCoord>240</yCoord>
        </edgeMap>
        <edgeMap>
          <xCoord>169</xCoord>
          <yCoord>239</yCoord>
        </edgeMap>
        <edgeMap>
          <xCoord>169</xCoord>
          <yCoord>238</yCoord>
        </edgeMap>
        <edgeMap>
          <xCoord>168</xCoord>
          <yCoord>237</yCoord>
        </edgeMap>
        <edgeMap>
          <xCoord>168</xCoord>
          <yCoord>236</yCoord>
        </edgeMap>
        <edgeMap>
          <xCoord>168</xCoord>
          <yCoord>235</yCoord>
        </edgeMap>
        <edgeMap>
          <xCoord>167</xCoord>
          <yCoord>234</yCoord>
        </edgeMap>
        <edgeMap>
          <xCoord>166</xCoord>
          <yCoord>233</yCoord>
        </edgeMap>
        <edgeMap>
          <xCoord>165</xCoord>
          <yCoord>233</yCoord>
        </edgeMap>
        <edgeMap>
          <xCoord>164</xCoord>
          <yCoord>233</yCoord>
        </edgeMap>
      </roi>
      <roi>
        <imageZposition>-69.500000</imageZposition>
        <imageSOP_UID>1.3.6.1.4.1.14519.5.2.1.6279.6001.185142255435514053074876848273</imageSOP_UID>
        <inclusion>TRUE</inclusion>
        <edgeMap>
          <xCoord>163</xCoord>
          <yCoord>234</yCoord>
        </edgeMap>
        <edgeMap>
          <xCoord>162</xCoord>
          <yCoord>235</yCoord>
        </edgeMap>
        <edgeMap>
          <xCoord>161</xCoord>
          <yCoord>236</yCoord>
        </edgeMap>
        <edgeMap>
          <xCoord>161</xCoord>
          <yCoord>237</yCoord>
        </edgeMap>
        <edgeMap>
          <xCoord>161</xCoord>
          <yCoord>238</yCoord>
        </edgeMap>
        <edgeMap>
          <xCoord>161</xCoord>
          <yCoord>239</yCoord>
        </edgeMap>
        <edgeMap>
          <xCoord>161</xCoord>
          <yCoord>240</yCoord>
        </edgeMap>
        <edgeMap>
          <xCoord>162</xCoord>
          <yCoord>241</yCoord>
        </edgeMap>
        <edgeMap>
          <xCoord>163</xCoord>
          <yCoord>241</yCoord>
        </edgeMap>
        <edgeMap>
          <xCoord>164</xCoord>
          <yCoord>241</yCoord>
        </edgeMap>
        <edgeMap>
          <xCoord>165</xCoord>
          <yCoord>241</yCoord>
        </edgeMap>
        <edgeMap>
          <xCoord>166</xCoord>
          <yCoord>241</yCoord>
        </edgeMap>
        <edgeMap>
          <xCoord>167</xCoord>
          <yCoord>240</yCoord>
        </edgeMap>
        <edgeMap>
          <xCoord>168</xCoord>
          <yCoord>239</yCoord>
        </edgeMap>
        <edgeMap>
          <xCoord>168</xCoord>
          <yCoord>238</yCoord>
        </edgeMap>
        <edgeMap>
          <xCoord>167</xCoord>
          <yCoord>237</yCoord>
        </edgeMap>
        <edgeMap>
          <xCoord>167</xCoord>
          <yCoord>236</yCoord>
        </edgeMap>
        <edgeMap>
          <xCoord>166</xCoord>
          <yCoord>235</yCoord>
        </edgeMap>
        <edgeMap>
          <xCoord>165</xCoord>
          <yCoord>234</yCoord>
        </edgeMap>
        <edgeMap>
          <xCoord>164</xCoord>
          <yCoord>234</yCoord>
        </edgeMap>
        <edgeMap>
          <xCoord>163</xCoord>
          <yCoord>234</yCoord>
        </edgeMap>
      </roi>
    </unblindedReadNodule>
    <nonNodule>
      <nonNoduleID>_Non-nodule 001</nonNoduleID>
      <imageZposition>-145.750000 </imageZposition>
      <imageSOP_UID>1.3.6.1.4.1.14519.5.2.1.6279.6001.127499913318378105300312932469</imageSOP_UID>
      <locus>
        <xCoord>343</xCoord>
        <yCoord>365</yCoord>
      </locus>
    </nonNodule>
    <nonNodule>
      <nonNoduleID>_Non-nodule 002</nonNoduleID>
      <imageZposition>-145.750000 </imageZposition>
      <imageSOP_UID>1.3.6.1.4.1.14519.5.2.1.6279.6001.127499913318378105300312932469</imageSOP_UID>
      <locus>
        <xCoord>173</xCoord>
        <yCoord>358</yCoord>
      </locus>
    </nonNodule>
    <nonNodule>
      <nonNoduleID>_Non-nodule 003</nonNoduleID>
      <imageZposition>-73.250000</imageZposition>
      <imageSOP_UID>1.3.6.1.4.1.14519.5.2.1.6279.6001.206813901591513870620546658929</imageSOP_UID>
      <locus>
        <xCoord>156</xCoord>
        <yCoord>227</yCoord>
      </locus>
    </nonNodule>
  </readingSession>
<readingSession>
    <annotationVersion>3.12</annotationVersion>
    <servicingRadiologistID>1576405981</servicingRadiologistID>
    <unblindedReadNodule>
      <noduleID>IL057_167405</noduleID>
      <characteristics>
        <subtlety>5</subtlety>
        <internalStructure>1</internalStructure>
        <calcification>6</calcification>
        <sphericity>2</sphericity>
        <margin>2</margin>
        <lobulation>2</lobulation>
        <spiculation>2</spiculation>
        <texture>5</texture>
        <malignancy>3</malignancy>
      </characteristics>
      <roi>
        <imageZposition>-74.5</imageZposition>
        <imageSOP_UID>1.3.6.1.4.1.14519.5.2.1.6279.6001.226561787925890429811630229919</imageSOP_UID>
        <inclusion>TRUE</inclusion>
        <edgeMap>
          <xCoord>171</xCoord>
          <yCoord>245</yCoord>
        </edgeMap>
        <edgeMap>
          <xCoord>171</xCoord>
          <yCoord>244</yCoord>
        </edgeMap>
        <edgeMap>
          <xCoord>171</xCoord>
          <yCoord>243</yCoord>
        </edgeMap>
        <edgeMap>
          <xCoord>170</xCoord>
          <yCoord>242</yCoord>
        </edgeMap>
        <edgeMap>
          <xCoord>170</xCoord>
          <yCoord>241</yCoord>
        </edgeMap>
        <edgeMap>
          <xCoord>170</xCoord>
          <yCoord>240</yCoord>
        </edgeMap>
        <edgeMap>
          <xCoord>170</xCoord>
          <yCoord>239</yCoord>
        </edgeMap>
        <edgeMap>
          <xCoord>170</xCoord>
          <yCoord>238</yCoord>
        </edgeMap>
        <edgeMap>
          <xCoord>170</xCoord>
          <yCoord>237</yCoord>
        </edgeMap>
        <edgeMap>
          <xCoord>169</xCoord>
          <yCoord>236</yCoord>
        </edgeMap>
        <edgeMap>
          <xCoord>168</xCoord>
          <yCoord>235</yCoord>
        </edgeMap>
        <edgeMap>
          <xCoord>167</xCoord>
          <yCoord>235</yCoord>
        </edgeMap>
        <edgeMap>
          <xCoord>166</xCoord>
          <yCoord>235</yCoord>
        </edgeMap>
        <edgeMap>
          <xCoord>165</xCoord>
          <yCoord>234</yCoord>
        </edgeMap>
        <edgeMap>
          <xCoord>164</xCoord>
          <yCoord>234</yCoord>
        </edgeMap>
        <edgeMap>
          <xCoord>163</xCoord>
          <yCoord>234</yCoord>
        </edgeMap>
        <edgeMap>
          <xCoord>162</xCoord>
          <yCoord>234</yCoord>
        </edgeMap>
        <edgeMap>
          <xCoord>162</xCoord>
          <yCoord>235</yCoord>
        </edgeMap>
        <edgeMap>
          <xCoord>162</xCoord>
          <yCoord>236</yCoord>
        </edgeMap>
        <edgeMap>
          <xCoord>162</xCoord>
          <yCoord>237</yCoord>
        </edgeMap>
        <edgeMap>
          <xCoord>162</xCoord>
          <yCoord>238</yCoord>
        </edgeMap>
        <edgeMap>
          <xCoord>162</xCoord>
          <yCoord>239</yCoord>
        </edgeMap>
        <edgeMap>
          <xCoord>162</xCoord>
          <yCoord>240</yCoord>
        </edgeMap>
        <edgeMap>
          <xCoord>162</xCoord>
          <yCoord>241</yCoord>
        </edgeMap>
        <edgeMap>
          <xCoord>162</xCoord>
          <yCoord>242</yCoord>
        </edgeMap>
        <edgeMap>
          <xCoord>163</xCoord>
          <yCoord>243</yCoord>
        </edgeMap>
        <edgeMap>
          <xCoord>164</xCoord>
          <yCoord>243</yCoord>
        </edgeMap>
        <edgeMap>
          <xCoord>165</xCoord>
          <yCoord>244</yCoord>
        </edgeMap>
        <edgeMap>
          <xCoord>166</xCoord>
          <yCoord>244</yCoord>
        </edgeMap>
        <edgeMap>
          <xCoord>167</xCoord>
          <yCoord>244</yCoord>
        </edgeMap>
        <edgeMap>
          <xCoord>168</xCoord>
          <yCoord>245</yCoord>
        </edgeMap>
        <edgeMap>
          <xCoord>169</xCoord>
          <yCoord>245</yCoord>
        </edgeMap>
        <edgeMap>
          <xCoord>170</xCoord>
          <yCoord>245</yCoord>
        </edgeMap>
        <edgeMap>
          <xCoord>171</xCoord>
          <yCoord>245</yCoord>
        </edgeMap>
      </roi>
      <roi>
        <imageZposition>-73.25</imageZposition>
        <imageSOP_UID>1.3.6.1.4.1.14519.5.2.1.6279.6001.206813901591513870620546658929</imageSOP_UID>
        <inclusion>TRUE</inclusion>
        <edgeMap>
          <xCoord>167</xCoord>
          <yCoord>246</yCoord>
        </edgeMap>
        <edgeMap>
          <xCoord>167</xCoord>
          <yCoord>245</yCoord>
        </edgeMap>
        <edgeMap>
          <xCoord>168</xCoord>
          <yCoord>244</yCoord>
        </edgeMap>
        <edgeMap>
          <xCoord>169</xCoord>
          <yCoord>244</yCoord>
        </edgeMap>
        <edgeMap>
          <xCoord>170</xCoord>
          <yCoord>243</yCoord>
        </edgeMap>
        <edgeMap>
          <xCoord>170</xCoord>
          <yCoord>242</yCoord>
        </edgeMap>
        <edgeMap>
          <xCoord>171</xCoord>
          <yCoord>241</yCoord>
        </edgeMap>
        <edgeMap>
          <xCoord>171</xCoord>
          <yCoord>240</yCoord>
        </edgeMap>
        <edgeMap>
          <xCoord>170</xCoord>
          <yCoord>239</yCoord>
        </edgeMap>
        <edgeMap>
          <xCoord>170</xCoord>
          <yCoord>238</yCoord>
        </edgeMap>
        <edgeMap>
          <xCoord>170</xCoord>
          <yCoord>237</yCoord>
        </edgeMap>
        <edgeMap>
          <xCoord>170</xCoord>
          <yCoord>236</yCoord>
        </edgeMap>
        <edgeMap>
          <xCoord>170</xCoord>
          <yCoord>235</yCoord>
        </edgeMap>
        <edgeMap>
          <xCoord>169</xCoord>
          <yCoord>235</yCoord>
        </edgeMap>
        <edgeMap>
          <xCoord>168</xCoord>
          <yCoord>234</yCoord>
        </edgeMap>
        <edgeMap>
          <xCoord>167</xCoord>
          <yCoord>234</yCoord>
        </edgeMap>
        <edgeMap>
          <xCoord>166</xCoord>
          <yCoord>234</yCoord>
        </edgeMap>
        <edgeMap>
          <xCoord>165</xCoord>
          <yCoord>233</yCoord>
        </edgeMap>
        <edgeMap>
          <xCoord>164</xCoord>
          <yCoord>233</yCoord>
        </edgeMap>
        <edgeMap>
          <xCoord>163</xCoord>
          <yCoord>233</yCoord>
        </edgeMap>
        <edgeMap>
          <xCoord>162</xCoord>
          <yCoord>234</yCoord>
        </edgeMap>
        <edgeMap>
          <xCoord>162</xCoord>
          <yCoord>235</yCoord>
        </edgeMap>
        <edgeMap>
          <xCoord>161</xCoord>
          <yCoord>236</yCoord>
        </edgeMap>
        <edgeMap>
          <xCoord>161</xCoord>
          <yCoord>237</yCoord>
        </edgeMap>
        <edgeMap>
          <xCoord>161</xCoord>
          <yCoord>238</yCoord>
        </edgeMap>
        <edgeMap>
          <xCoord>161</xCoord>
          <yCoord>239</yCoord>
        </edgeMap>
        <edgeMap>
          <xCoord>161</xCoord>
          <yCoord>240</yCoord>
        </edgeMap>
        <edgeMap>
          <xCoord>162</xCoord>
          <yCoord>241</yCoord>
        </edgeMap>
        <edgeMap>
          <xCoord>162</xCoord>
          <yCoord>242</yCoord>
        </edgeMap>
        <edgeMap>
          <xCoord>163</xCoord>
          <yCoord>243</yCoord>
        </edgeMap>
        <edgeMap>
          <xCoord>163</xCoord>
          <yCoord>244</yCoord>
        </edgeMap>
        <edgeMap>
          <xCoord>164</xCoord>
          <yCoord>245</yCoord>
        </edgeMap>
        <edgeMap>
          <xCoord>164</xCoord>
          <yCoord>246</yCoord>
        </edgeMap>
        <edgeMap>
          <xCoord>165</xCoord>
          <yCoord>246</yCoord>
        </edgeMap>
        <edgeMap>
          <xCoord>166</xCoord>
          <yCoord>246</yCoord>
        </edgeMap>
        <edgeMap>
          <xCoord>167</xCoord>
          <yCoord>246</yCoord>
        </edgeMap>
      </roi>
      <roi>
        <imageZposition>-72.0</imageZposition>
        <imageSOP_UID>1.3.6.1.4.1.14519.5.2.1.6279.6001.263032259531444852087591833652</imageSOP_UID>
        <inclusion>TRUE</inclusion>
        <edgeMap>
          <xCoord>164</xCoord>
          <yCoord>249</yCoord>
        </edgeMap>
        <edgeMap>
          <xCoord>165</xCoord>
          <yCoord>248</yCoord>
        </edgeMap>
        <edgeMap>
          <xCoord>166</xCoord>
          <yCoord>248</yCoord>
        </edgeMap>
        <edgeMap>
          <xCoord>167</xCoord>
          <yCoord>247</yCoord>
        </edgeMap>
        <edgeMap>
          <xCoord>167</xCoord>
          <yCoord>246</yCoord>
        </edgeMap>
        <edgeMap>
          <xCoord>167</xCoord>
          <yCoord>245</yCoord>
        </edgeMap>
        <edgeMap>
          <xCoord>168</xCoord>
          <yCoord>244</yCoord>
        </edgeMap>
        <edgeMap>
          <xCoord>168</xCoord>
          <yCoord>243</yCoord>
        </edgeMap>
        <edgeMap>
          <xCoord>168</xCoord>
          <yCoord>242</yCoord>
        </edgeMap>
        <edgeMap>
          <xCoord>169</xCoord>
          <yCoord>241</yCoord>
        </edgeMap>
        <edgeMap>
          <xCoord>170</xCoord>
          <yCoord>240</yCoord>
        </edgeMap>
        <edgeMap>
          <xCoord>170</xCoord>
          <yCoord>239</yCoord>
        </edgeMap>
        <edgeMap>
          <xCoord>170</xCoord>
          <yCoord>238</yCoord>
        </edgeMap>
        <edgeMap>
          <xCoord>170</xCoord>
          <yCoord>237</yCoord>
        </edgeMap>
        <edgeMap>
          <xCoord>170</xCoord>
          <yCoord>236</yCoord>
        </edgeMap>
        <edgeMap>
          <xCoord>170</xCoord>
          <yCoord>235</yCoord>
        </edgeMap>
        <edgeMap>
          <xCoord>171</xCoord>
          <yCoord>234</yCoord>
        </edgeMap>
        <edgeMap>
          <xCoord>172</xCoord>
          <yCoord>233</yCoord>
        </edgeMap>
        <edgeMap>
          <xCoord>171</xCoord>
          <yCoord>233</yCoord>
        </edgeMap>
        <edgeMap>
          <xCoord>170</xCoord>
          <yCoord>233</yCoord>
        </edgeMap>
        <edgeMap>
          <xCoord>169</xCoord>
          <yCoord>233</yCoord>
        </edgeMap>
        <edgeMap>
          <xCoord>168</xCoord>
          <yCoord>233</yCoord>
        </edgeMap>
        <edgeMap>
          <xCoord>167</xCoord>
          <yCoord>233</yCoord>
        </edgeMap>
        <edgeMap>
          <xCoord>166</xCoord>
          <yCoord>234</yCoord>
        </edgeMap>
        <edgeMap>
          <xCoord>165</xCoord>
          <yCoord>234</yCoord>
        </edgeMap>
        <edgeMap>
          <xCoord>164</xCoord>
          <yCoord>235</yCoord>
        </edgeMap>
        <edgeMap>
          <xCoord>163</xCoord>
          <yCoord>235</yCoord>
        </edgeMap>
        <edgeMap>
          <xCoord>162</xCoord>
          <yCoord>236</yCoord>
        </edgeMap>
        <edgeMap>
          <xCoord>161</xCoord>
          <yCoord>237</yCoord>
        </edgeMap>
        <edgeMap>
          <xCoord>161</xCoord>
          <yCoord>238</yCoord>
        </edgeMap>
        <edgeMap>
          <xCoord>160</xCoord>
          <yCoord>239</yCoord>
        </edgeMap>
        <edgeMap>
          <xCoord>159</xCoord>
          <yCoord>240</yCoord>
        </edgeMap>
        <edgeMap>
          <xCoord>160</xCoord>
          <yCoord>241</yCoord>
        </edgeMap>
        <edgeMap>
          <xCoord>161</xCoord>
          <yCoord>241</yCoord>
        </edgeMap>
        <edgeMap>
          <xCoord>162</xCoord>
          <yCoord>242</yCoord>
        </edgeMap>
        <edgeMap>
          <xCoord>162</xCoord>
          <yCoord>243</yCoord>
        </edgeMap>
        <edgeMap>
          <xCoord>162</xCoord>
          <yCoord>244</yCoord>
        </edgeMap>
        <edgeMap>
          <xCoord>163</xCoord>
          <yCoord>245</yCoord>
        </edgeMap>
        <edgeMap>
          <xCoord>163</xCoord>
          <yCoord>246</yCoord>
        </edgeMap>
        <edgeMap>
          <xCoord>162</xCoord>
          <yCoord>247</yCoord>
        </edgeMap>
        <edgeMap>
          <xCoord>163</xCoord>
          <yCoord>248</yCoord>
        </edgeMap>
        <edgeMap>
          <xCoord>164</xCoord>
          <yCoord>249</yCoord>
        </edgeMap>
      </roi>
      <roi>
        <imageZposition>-70.75</imageZposition>
        <imageSOP_UID>1.3.6.1.4.1.14519.5.2.1.6279.6001.143570497736693318254857582228</imageSOP_UID>
        <inclusion>TRUE</inclusion>
        <edgeMap>
          <xCoord>167</xCoord>
          <yCoord>242</yCoord>
        </edgeMap>
        <edgeMap>
          <xCoord>168</xCoord>
          <yCoord>241</yCoord>
        </edgeMap>
        <edgeMap>
          <xCoord>169</xCoord>
          <yCoord>240</yCoord>
        </edgeMap>
        <edgeMap>
          <xCoord>169</xCoord>
          <yCoord>239</yCoord>
        </edgeMap>
        <edgeMap>
          <xCoord>170</xCoord>
          <yCoord>238</yCoord>
        </edgeMap>
        <edgeMap>
          <xCoord>169</xCoord>
          <yCoord>237</yCoord>
        </edgeMap>
        <edgeMap>
          <xCoord>169</xCoord>
          <yCoord>236</yCoord>
        </edgeMap>
        <edgeMap>
          <xCoord>168</xCoord>
          <yCoord>235</yCoord>
        </edgeMap>
        <edgeMap>
          <xCoord>167</xCoord>
          <yCoord>234</yCoord>
        </edgeMap>
        <edgeMap>
          <xCoord>166</xCoord>
          <yCoord>235</yCoord>
        </edgeMap>
        <edgeMap>
          <xCoord>165</xCoord>
          <yCoord>235</yCoord>
        </edgeMap>
        <edgeMap>
          <xCoord>164</xCoord>
          <yCoord>235</yCoord>
        </edgeMap>
        <edgeMap>
          <xCoord>163</xCoord>
          <yCoord>235</yCoord>
        </edgeMap>
        <edgeMap>
          <xCoord>162</xCoord>
          <yCoord>236</yCoord>
        </edgeMap>
        <edgeMap>
          <xCoord>162</xCoord>
          <yCoord>237</yCoord>
        </edgeMap>
        <edgeMap>
          <xCoord>162</xCoord>
          <yCoord>238</yCoord>
        </edgeMap>
        <edgeMap>
          <xCoord>162</xCoord>
          <yCoord>239</yCoord>
        </edgeMap>
        <edgeMap>
          <xCoord>162</xCoord>
          <yCoord>240</yCoord>
        </edgeMap>
        <edgeMap>
          <xCoord>163</xCoord>
          <yCoord>241</yCoord>
        </edgeMap>
        <edgeMap>
          <xCoord>164</xCoord>
          <yCoord>241</yCoord>
        </edgeMap>
        <edgeMap>
          <xCoord>165</xCoord>
          <yCoord>242</yCoord>
        </edgeMap>
        <edgeMap>
          <xCoord>166</xCoord>
          <yCoord>242</yCoord>
        </edgeMap>
        <edgeMap>
          <xCoord>167</xCoord>
          <yCoord>242</yCoord>
        </edgeMap>
      </roi>
    </unblindedReadNodule>
    <unblindedReadNodule>
      <noduleID>IL057_167417</noduleID>
      <roi>
        <imageZposition>-118.25</imageZposition>
        <imageSOP_UID>1.3.6.1.4.1.14519.5.2.1.6279.6001.108441319020925755051818772854</imageSOP_UID>
        <inclusion>TRUE</inclusion>
        <edgeMap>
          <xCoord>386</xCoord>
          <yCoord>339</yCoord>
        </edgeMap>
      </roi>
    </unblindedReadNodule>
    <unblindedReadNodule>
      <noduleID>IL057_167418</noduleID>
      <roi>
        <imageZposition>-107.0</imageZposition>
        <imageSOP_UID>1.3.6.1.4.1.14519.5.2.1.6279.6001.328972865850898836327598433131</imageSOP_UID>
        <inclusion>TRUE</inclusion>
        <edgeMap>
          <xCoord>399</xCoord>
          <yCoord>319</yCoord>
        </edgeMap>
      </roi>
    </unblindedReadNodule>
    <nonNodule>
      <nonNoduleID>IL057_167412</nonNoduleID>
      <imageZposition>-209.5</imageZposition>
      <imageSOP_UID>1.3.6.1.4.1.14519.5.2.1.6279.6001.203179272151301757525027842089</imageSOP_UID>
      <locus>
        <xCoord>157</xCoord>
        <yCoord>333</yCoord>
      </locus>
    </nonNodule>
    <nonNodule>
      <nonNoduleID>IL057_167413</nonNoduleID>
      <imageZposition>-188.25</imageZposition>
      <imageSOP_UID>1.3.6.1.4.1.14519.5.2.1.6279.6001.251511820907201510375585932519</imageSOP_UID>
      <locus>
        <xCoord>344</xCoord>
        <yCoord>354</yCoord>
      </locus>
    </nonNodule>
  </readingSession>
<readingSession>
<annotationVersion>3.12</annotationVersion>
<servicingRadiologistID>428266002</servicingRadiologistID>
<nonNodule>
<nonNoduleID>MI014_17709</nonNoduleID>
<imageZposition>-73.25</imageZposition>
<imageSOP_UID>1.3.6.1.4.1.14519.5.2.1.6279.6001.206813901591513870620546658929</imageSOP_UID>
<locus>
<xCoord>165</xCoord>
<yCoord>240</yCoord>
</locus>
</nonNodule>
<nonNodule>
<nonNoduleID>MI014_17716</nonNoduleID>
<imageZposition>-212.0</imageZposition>
<imageSOP_UID>1.3.6.1.4.1.14519.5.2.1.6279.6001.152230145495798053696669128472</imageSOP_UID>
<locus>
<xCoord>155</xCoord>
<yCoord>335</yCoord>
</locus>
</nonNodule>
<nonNodule>
<nonNoduleID>MI014_17717</nonNoduleID>
<imageZposition>-184.5</imageZposition>
<imageSOP_UID>1.3.6.1.4.1.14519.5.2.1.6279.6001.472584976206606789162122240847</imageSOP_UID>
<locus>
<xCoord>345</xCoord>
<yCoord>358</yCoord>
</locus>
</nonNodule>
<nonNodule>
<nonNoduleID>MI014_17718</nonNoduleID>
<imageZposition>-143.25</imageZposition>
<imageSOP_UID>1.3.6.1.4.1.14519.5.2.1.6279.6001.141709247092030441588405608708</imageSOP_UID>
<locus>
<xCoord>361</xCoord>
<yCoord>322</yCoord>
</locus>
</nonNodule>
<nonNodule>
<nonNoduleID>MI014_17711</nonNoduleID>
<imageZposition>-145.75</imageZposition>
<imageSOP_UID>1.3.6.1.4.1.14519.5.2.1.6279.6001.127499913318378105300312932469</imageSOP_UID>
<locus>
<xCoord>343</xCoord>
<yCoord>365</yCoord>
</locus>
</nonNodule>
<nonNodule>
<nonNoduleID>MI014_17712</nonNoduleID>
<imageZposition>-145.75</imageZposition>
<imageSOP_UID>1.3.6.1.4.1.14519.5.2.1.6279.6001.127499913318378105300312932469</imageSOP_UID>
<locus>
<xCoord>173</xCoord>
<yCoord>358</yCoord>
</locus>
</nonNodule>
<nonNodule>
<nonNoduleID>MI014_17713</nonNoduleID>
<imageZposition>-73.25</imageZposition>
<imageSOP_UID>1.3.6.1.4.1.14519.5.2.1.6279.6001.206813901591513870620546658929</imageSOP_UID>
<locus>
<xCoord>156</xCoord>
<yCoord>227</yCoord>
</locus>
</nonNodule>
<nonNodule>
<nonNoduleID>MI014_17714</nonNoduleID>
<imageZposition>-209.5</imageZposition>
<imageSOP_UID>1.3.6.1.4.1.14519.5.2.1.6279.6001.203179272151301757525027842089</imageSOP_UID>
<locus>
<xCoord>157</xCoord>
<yCoord>333</yCoord>
</locus>
</nonNodule>
<nonNodule>
<nonNoduleID>MI014_17715</nonNoduleID>
<imageZposition>-188.25</imageZposition>
<imageSOP_UID>1.3.6.1.4.1.14519.5.2.1.6279.6001.251511820907201510375585932519</imageSOP_UID>
<locus>
<xCoord>344</xCoord>
<yCoord>354</yCoord>
</locus>
</nonNodule>
<nonNodule>
<nonNoduleID>MI014_17721</nonNoduleID>
<imageZposition>-225.75</imageZposition>
<imageSOP_UID>1.3.6.1.4.1.14519.5.2.1.6279.6001.937410295380235211866483790916</imageSOP_UID>
<locus>
<xCoord>151</xCoord>
<yCoord>330</yCoord>
</locus>
</nonNodule>
<nonNodule>
<nonNoduleID>MI014_17722</nonNoduleID>
<imageZposition>-194.5</imageZposition>
<imageSOP_UID>1.3.6.1.4.1.14519.5.2.1.6279.6001.285982979583204362268759761721</imageSOP_UID>
<locus>
<xCoord>350</xCoord>
<yCoord>360</yCoord>
</locus>
</nonNodule>
<nonNodule>
<nonNoduleID>MI014_17723</nonNoduleID>
<imageZposition>-144.5</imageZposition>
<imageSOP_UID>1.3.6.1.4.1.14519.5.2.1.6279.6001.192707439745249170865052254982</imageSOP_UID>
<locus>
<xCoord>358</xCoord>
<yCoord>316</yCoord>
</locus>
</nonNodule>
<nonNodule>
<nonNoduleID>MI014_17724</nonNoduleID>
<imageZposition>-115.75</imageZposition>
<imageSOP_UID>1.3.6.1.4.1.14519.5.2.1.6279.6001.925498199050114681232149294217</imageSOP_UID>
<locus>
<xCoord>120</xCoord>
<yCoord>242</yCoord>
</locus>
</nonNodule>
</readingSession>
<readingSession>
		<annotationVersion>3.12</annotationVersion>
		<servicingRadiologistID>-883850341</servicingRadiologistID>
			<unblindedReadNodule>
				<noduleID>0</noduleID>
				<roi>
					<imageZposition>-70.75</imageZposition>
					<imageSOP_UID>1.3.6.1.4.1.14519.5.2.1.6279.6001.143570497736693318254857582228</imageSOP_UID>
					<inclusion>TRUE</inclusion>
					<edgeMap>
					<xCoord>165</xCoord>
					<yCoord>238</yCoord>
					</edgeMap>
				</roi>
			</unblindedReadNodule>
			<unblindedReadNodule>
				<noduleID>5</noduleID>
				<roi>
					<imageZposition>-118.25</imageZposition>
					<imageSOP_UID>1.3.6.1.4.1.14519.5.2.1.6279.6001.108441319020925755051818772854</imageSOP_UID>
					<inclusion>TRUE</inclusion>
					<edgeMap>
					<xCoord>386</xCoord>
					<yCoord>339</yCoord>
					</edgeMap>
				</roi>
			</unblindedReadNodule>
			<unblindedReadNodule>
				<noduleID>6</noduleID>
				<roi>
					<imageZposition>-107.0</imageZposition>
					<imageSOP_UID>1.3.6.1.4.1.14519.5.2.1.6279.6001.328972865850898836327598433131</imageSOP_UID>
					<inclusion>TRUE</inclusion>
					<edgeMap>
					<xCoord>398</xCoord>
					<yCoord>318</yCoord>
					</edgeMap>
				</roi>
			</unblindedReadNodule>
			<nonNodule>
				<nonNoduleID>1</nonNoduleID>
				<imageZposition>-225.75</imageZposition>
				<imageSOP_UID>1.3.6.1.4.1.14519.5.2.1.6279.6001.937410295380235211866483790916</imageSOP_UID>
				<locus>
					<xCoord>151</xCoord>
					<yCoord>330</yCoord>
				</locus>
			</nonNodule>
			<nonNodule>
				<nonNoduleID>2</nonNoduleID>
				<imageZposition>-194.5</imageZposition>
				<imageSOP_UID>1.3.6.1.4.1.14519.5.2.1.6279.6001.285982979583204362268759761721</imageSOP_UID>
				<locus>
					<xCoord>350</xCoord>
					<yCoord>360</yCoord>
				</locus>
			</nonNodule>
			<nonNodule>
				<nonNoduleID>3</nonNoduleID>
				<imageZposition>-115.75</imageZposition>
				<imageSOP_UID>1.3.6.1.4.1.14519.5.2.1.6279.6001.925498199050114681232149294217</imageSOP_UID>
				<locus>
					<xCoord>120</xCoord>
					<yCoord>242</yCoord>
				</locus>
			</nonNodule>
			<nonNodule>
				<nonNoduleID>4</nonNoduleID>
				<imageZposition>-144.5</imageZposition>
				<imageSOP_UID>1.3.6.1.4.1.14519.5.2.1.6279.6001.192707439745249170865052254982</imageSOP_UID>
				<locus>
					<xCoord>358</xCoord>
					<yCoord>316</yCoord>
				</locus>
			</nonNodule>
	</readingSession>
</LidcReadMessage>