<?xml version="1.0" encoding="UTF-8"?>
<LidcReadMessage uid="1.3.6.1.4.1.14519.5.2.1.6279.6001.1307390708282.0" xmlns="http://www.nih.gov" xmlns:xsi="http://www.w3.org/2001/XMLSchema-instance" xsi:schemaLocation="http://www.nih.gov  http://troll.rad.med.umich.edu/lidc/LidcReadMessage.xsd">
<ResponseHeader>
<Version>1.8</Version>
<MessageId>2885702</MessageId>
<DateRequest>2005-10-26</DateRequest>
<TimeRequest>00:00:00</TimeRequest>
<RequestingSite>removed</RequestingSite>
<ServicingSite>removed</ServicingSite>
<TaskDescription>Second unblinded read</TaskDescription>
<CtImageFile>removed</CtImageFile>
<SeriesInstanceUid>1.3.6.1.4.1.14519.5.2.1.6279.6001.168042389372367513325505818854</SeriesInstanceUid>
<DateService>2005-10-26</DateService>
<TimeService>00:00:00</TimeService>
<ResponseDescription>1 - Reading complete</ResponseDescription>
<StudyInstanceUID>1.3.6.1.4.1.14519.5.2.1.6279.6001.316733915710399203923795639422</StudyInstanceUID></ResponseHeader>
<readingSession>
<annotationVersion>3.12</annotationVersion>
<servicingRadiologistID>anon</servicingRadiologistID>
<unblindedReadNodule>
<noduleID>124090</noduleID>
<characteristics>
<subtlety>5</subtlety>
<internalStructure>1</internalStructure>
<calcification>6</calcification>
<sphericity>4</sphericity>
<margin>4</margin>
<lobulation>5</lobulation>
<spiculation>2</spiculation>
<texture>5</texture>
<malignancy>4</malignancy>
</characteristics>
<roi>
<imageZposition>1534.0</imageZposition>
<imageSOP_UID>1.3.6.1.4.1.14519.5.2.1.6279.6001.337745341290216260094168480028</imageSOP_UID>
<inclusion>TRUE</inclusion>
<edgeMap>
<xCoord>374</xCoord>
<yCoord>178</yCoord>
</edgeMap>
<edgeMap>
<xCoord>375</xCoord>
<yCoord>177</yCoord>
</edgeMap>
<edgeMap>
<xCoord>376</xCoord>
<yCoord>176</yCoord>
</edgeMap>
<edgeMap>
<xCoord>377</xCoord>
<yCoord>176</yCoord>
</edgeMap>
<edgeMap>
<xCoord>378</xCoord>
<yCoord>175</yCoord>
</edgeMap>
<edgeMap>
<xCoord>379</xCoord>
<yCoord>174</yCoord>
</edgeMap>
<edgeMap>
<xCoord>378</xCoord>
<yCoord>173</yCoord>
</edgeMap>
<edgeMap>
<xCoord>378</xCoord>
<yCoord>172</yCoord>
</edgeMap>
<edgeMap>
<xCoord>377</xCoord>
<yCoord>171</yCoord>
</edgeMap>
<edgeMap>
<xCoord>377</xCoord>
<yCoord>170</yCoord>
</edgeMap>
<edgeMap>
<xCoord>377</xCoord>
<yCoord>169</yCoord>
</edgeMap>
<edgeMap>
<xCoord>376</xCoord>
<yCoord>168</yCoord>
</edgeMap>
<edgeMap>
<xCoord>375</xCoord>
<yCoord>167</yCoord>
</edgeMap>
<edgeMap>
<xCoord>374</xCoord>
<yCoord>167</yCoord>
</edgeMap>
<edgeMap>
<xCoord>373</xCoord>
<yCoord>167</yCoord>
</edgeMap>
<edgeMap>
<xCoord>372</xCoord>
<yCoord>167</yCoord>
</edgeMap>
<edgeMap>
<xCoord>371</xCoord>
<yCoord>167</yCoord>
</edgeMap>
<edgeMap>
<xCoord>370</xCoord>
<yCoord>168</yCoord>
</edgeMap>
<edgeMap>
<xCoord>369</xCoord>
<yCoord>169</yCoord>
</edgeMap>
<edgeMap>
<xCoord>368</xCoord>
<yCoord>170</yCoord>
</edgeMap>
<edgeMap>
<xCoord>367</xCoord>
<yCoord>170</yCoord>
</edgeMap>
<edgeMap>
<xCoord>366</xCoord>
<yCoord>170</yCoord>
</edgeMap>
<edgeMap>
<xCoord>365</xCoord>
<yCoord>170</yCoord>
</edgeMap>
<edgeMap>
<xCoord>364</xCoord>
<yCoord>170</yCoord>
</edgeMap>
<edgeMap>
<xCoord>363</xCoord>
<yCoord>171</yCoord>
</edgeMap>
<edgeMap>
<xCoord>362</xCoord>
<yCoord>172</yCoord>
</edgeMap>
<edgeMap>
<xCoord>362</xCoord>
<yCoord>173</yCoord>
</edgeMap>
<edgeMap>
<xCoord>362</xCoord>
<yCoord>174</yCoord>
</edgeMap>
<edgeMap>
<xCoord>363</xCoord>
<yCoord>175</yCoord>
</edgeMap>
<edgeMap>
<xCoord>364</xCoord>
<yCoord>176</yCoord>
</edgeMap>
<edgeMap>
<xCoord>365</xCoord>
<yCoord>177</yCoord>
</edgeMap>
<edgeMap>
<xCoord>366</xCoord>
<yCoord>177</yCoord>
</edgeMap>
<edgeMap>
<xCoord>367</xCoord>
<yCoord>178</yCoord>
</edgeMap>
<edgeMap>
<xCoord>368</xCoord>
<yCoord>178</yCoord>
</edgeMap>
<edgeMap>
<xCoord>369</xCoord>
<yCoord>177</yCoord>
</edgeMap>
<edgeMap>
<xCoord>370</xCoord>
<yCoord>178</yCoord>
</edgeMap>
<edgeMap>
<xCoord>371</xCoord>
<yCoord>178</yCoord>
</edgeMap>
<edgeMap>
<xCoord>372</xCoord>
<yCoord>178</yCoord>
</edgeMap>
<edgeMap>
<xCoord>373</xCoord>
<yCoord>178</yCoord>
</edgeMap>
<edgeMap>
<xCoord>374</xCoord>
<yCoord>178</yCoord>
</edgeMap>
</roi>
<roi>
<imageZposition>1531.0</imageZposition>
<imageSOP_UID>1.3.6.1.4.1.14519.5.2.1.6279.6001.204150857860457530251922083898</imageSOP_UID>
<inclusion>TRUE</inclusion>
<edgeMap>
<xCoord>373</xCoord>
<yCoord>180</yCoord>
</edgeMap>
<edgeMap>
<xCoord>374</xCoord>
<yCoord>179</yCoord>
</edgeMap>
<edgeMap>
<xCoord>375</xCoord>
<yCoord>178</yCoord>
</edgeMap>
<edgeMap>
<xCoord>376</xCoord>
<yCoord>177</yCoord>
</edgeMap>
<edgeMap>
<xCoord>377</xCoord>
<yCoord>176</yCoord>
</edgeMap>
<edgeMap>
<xCoord>377</xCoord>
<yCoord>175</yCoord>
</edgeMap>
<edgeMap>
<xCoord>377</xCoord>
<yCoord>174</yCoord>
</edgeMap>
<edgeMap>
<xCoord>377</xCoord>
<yCoord>173</yCoord>
</edgeMap>
<edgeMap>
<xCoord>377</xCoord>
<yCoord>172</yCoord>
</edgeMap>
<edgeMap>
<xCoord>377</xCoord>
<yCoord>171</yCoord>
</edgeMap>
<edgeMap>
<xCoord>377</xCoord>
<yCoord>170</yCoord>
</edgeMap>
<edgeMap>
<xCoord>376</xCoord>
<yCoord>169</yCoord>
</edgeMap>
<edgeMap>
<xCoord>376</xCoord>
<yCoord>168</yCoord>
</edgeMap>
<edgeMap>
<xCoord>375</xCoord>
<yCoord>167</yCoord>
</edgeMap>
<edgeMap>
<xCoord>374</xCoord>
<yCoord>166</yCoord>
</edgeMap>
<edgeMap>
<xCoord>373</xCoord>
<yCoord>166</yCoord>
</edgeMap>
<edgeMap>
<xCoord>372</xCoord>
<yCoord>165</yCoord>
</edgeMap>
<edgeMap>
<xCoord>371</xCoord>
<yCoord>165</yCoord>
</edgeMap>
<edgeMap>
<xCoord>370</xCoord>
<yCoord>166</yCoord>
</edgeMap>
<edgeMap>
<xCoord>369</xCoord>
<yCoord>167</yCoord>
</edgeMap>
<edgeMap>
<xCoord>369</xCoord>
<yCoord>168</yCoord>
</edgeMap>
<edgeMap>
<xCoord>368</xCoord>
<yCoord>169</yCoord>
</edgeMap>
<edgeMap>
<xCoord>367</xCoord>
<yCoord>169</yCoord>
</edgeMap>
<edgeMap>
<xCoord>366</xCoord>
<yCoord>169</yCoord>
</edgeMap>
<edgeMap>
<xCoord>365</xCoord>
<yCoord>170</yCoord>
</edgeMap>
<edgeMap>
<xCoord>364</xCoord>
<yCoord>170</yCoord>
</edgeMap>
<edgeMap>
<xCoord>363</xCoord>
<yCoord>171</yCoord>
</edgeMap>
<edgeMap>
<xCoord>362</xCoord>
<yCoord>172</yCoord>
</edgeMap>
<edgeMap>
<xCoord>362</xCoord>
<yCoord>173</yCoord>
</edgeMap>
<edgeMap>
<xCoord>362</xCoord>
<yCoord>174</yCoord>
</edgeMap>
<edgeMap>
<xCoord>363</xCoord>
<yCoord>175</yCoord>
</edgeMap>
<edgeMap>
<xCoord>363</xCoord>
<yCoord>176</yCoord>
</edgeMap>
<edgeMap>
<xCoord>364</xCoord>
<yCoord>177</yCoord>
</edgeMap>
<edgeMap>
<xCoord>365</xCoord>
<yCoord>178</yCoord>
</edgeMap>
<edgeMap>
<xCoord>366</xCoord>
<yCoord>179</yCoord>
</edgeMap>
<edgeMap>
<xCoord>367</xCoord>
<yCoord>180</yCoord>
</edgeMap>
<edgeMap>
<xCoord>368</xCoord>
<yCoord>180</yCoord>
</edgeMap>
<edgeMap>
<xCoord>369</xCoord>
<yCoord>180</yCoord>
</edgeMap>
<edgeMap>
<xCoord>370</xCoord>
<yCoord>180</yCoord>
</edgeMap>
<edgeMap>
<xCoord>371</xCoord>
<yCoord>180</yCoord>
</edgeMap>
<edgeMap>
<xCoord>372</xCoord>
<yCoord>180</yCoord>
</edgeMap>
<edgeMap>
<xCoord>373</xCoord>
<yCoord>180</yCoord>
</edgeMap>
</roi>
<roi>
<imageZposition>1528.0</imageZposition>
<imageSOP_UID>1.3.6.1.4.1.14519.5.2.1.6279.6001.134274115407282415610093448560</imageSOP_UID>
<inclusion>TRUE</inclusion>
<edgeMap>
<xCoord>371</xCoord>
<yCoord>183</yCoord>
</edgeMap>
<edgeMap>
<xCoord>372</xCoord>
<yCoord>182</yCoord>
</edgeMap>
<edgeMap>
<xCoord>373</xCoord>
<yCoord>181</yCoord>
</edgeMap>
<edgeMap>
<xCoord>374</xCoord>
<yCoord>180</yCoord>
</edgeMap>
<edgeMap>
<xCoord>375</xCoord>
<yCoord>179</yCoord>
</edgeMap>
<edgeMap>
<xCoord>375</xCoord>
<yCoord>178</yCoord>
</edgeMap>
<edgeMap>
<xCoord>376</xCoord>
<yCoord>177</yCoord>
</edgeMap>
<edgeMap>
<xCoord>377</xCoord>
<yCoord>176</yCoord>
</edgeMap>
<edgeMap>
<xCoord>377</xCoord>
<yCoord>175</yCoord>
</edgeMap>
<edgeMap>
<xCoord>378</xCoord>
<yCoord>174</yCoord>
</edgeMap>
<edgeMap>
<xCoord>379</xCoord>
<yCoord>173</yCoord>
</edgeMap>
<edgeMap>
<xCoord>379</xCoord>
<yCoord>172</yCoord>
</edgeMap>
<edgeMap>
<xCoord>378</xCoord>
<yCoord>171</yCoord>
</edgeMap>
<edgeMap>
<xCoord>378</xCoord>
<yCoord>170</yCoord>
</edgeMap>
<edgeMap>
<xCoord>377</xCoord>
<yCoord>169</yCoord>
</edgeMap>
<edgeMap>
<xCoord>377</xCoord>
<yCoord>168</yCoord>
</edgeMap>
<edgeMap>
<xCoord>376</xCoord>
<yCoord>167</yCoord>
</edgeMap>
<edgeMap>
<xCoord>375</xCoord>
<yCoord>166</yCoord>
</edgeMap>
<edgeMap>
<xCoord>374</xCoord>
<yCoord>165</yCoord>
</edgeMap>
<edgeMap>
<xCoord>373</xCoord>
<yCoord>165</yCoord>
</edgeMap>
<edgeMap>
<xCoord>372</xCoord>
<yCoord>165</yCoord>
</edgeMap>
<edgeMap>
<xCoord>371</xCoord>
<yCoord>165</yCoord>
</edgeMap>
<edgeMap>
<xCoord>370</xCoord>
<yCoord>166</yCoord>
</edgeMap>
<edgeMap>
<xCoord>369</xCoord>
<yCoord>167</yCoord>
</edgeMap>
<edgeMap>
<xCoord>369</xCoord>
<yCoord>168</yCoord>
</edgeMap>
<edgeMap>
<xCoord>369</xCoord>
<yCoord>169</yCoord>
</edgeMap>
<edgeMap>
<xCoord>368</xCoord>
<yCoord>170</yCoord>
</edgeMap>
<edgeMap>
<xCoord>367</xCoord>
<yCoord>170</yCoord>
</edgeMap>
<edgeMap>
<xCoord>366</xCoord>
<yCoord>170</yCoord>
</edgeMap>
<edgeMap>
<xCoord>365</xCoord>
<yCoord>170</yCoord>
</edgeMap>
<edgeMap>
<xCoord>364</xCoord>
<yCoord>169</yCoord>
</edgeMap>
<edgeMap>
<xCoord>363</xCoord>
<yCoord>170</yCoord>
</edgeMap>
<edgeMap>
<xCoord>362</xCoord>
<yCoord>171</yCoord>
</edgeMap>
<edgeMap>
<xCoord>362</xCoord>
<yCoord>172</yCoord>
</edgeMap>
<edgeMap>
<xCoord>362</xCoord>
<yCoord>173</yCoord>
</edgeMap>
<edgeMap>
<xCoord>363</xCoord>
<yCoord>174</yCoord>
</edgeMap>
<edgeMap>
<xCoord>363</xCoord>
<yCoord>175</yCoord>
</edgeMap>
<edgeMap>
<xCoord>363</xCoord>
<yCoord>176</yCoord>
</edgeMap>
<edgeMap>
<xCoord>363</xCoord>
<yCoord>177</yCoord>
</edgeMap>
<edgeMap>
<xCoord>364</xCoord>
<yCoord>178</yCoord>
</edgeMap>
<edgeMap>
<xCoord>364</xCoord>
<yCoord>179</yCoord>
</edgeMap>
<edgeMap>
<xCoord>364</xCoord>
<yCoord>180</yCoord>
</edgeMap>
<edgeMap>
<xCoord>365</xCoord>
<yCoord>181</yCoord>
</edgeMap>
<edgeMap>
<xCoord>366</xCoord>
<yCoord>181</yCoord>
</edgeMap>
<edgeMap>
<xCoord>367</xCoord>
<yCoord>182</yCoord>
</edgeMap>
<edgeMap>
<xCoord>368</xCoord>
<yCoord>182</yCoord>
</edgeMap>
<edgeMap>
<xCoord>369</xCoord>
<yCoord>183</yCoord>
</edgeMap>
<edgeMap>
<xCoord>370</xCoord>
<yCoord>183</yCoord>
</edgeMap>
<edgeMap>
<xCoord>371</xCoord>
<yCoord>183</yCoord>
</edgeMap>
</roi>
<roi>
<imageZposition>1525.0</imageZposition>
<imageSOP_UID>1.3.6.1.4.1.14519.5.2.1.6279.6001.293793220379790328657835250502</imageSOP_UID>
<inclusion>TRUE</inclusion>
<edgeMap>
<xCoord>369</xCoord>
<yCoord>182</yCoord>
</edgeMap>
<edgeMap>
<xCoord>370</xCoord>
<yCoord>181</yCoord>
</edgeMap>
<edgeMap>
<xCoord>371</xCoord>
<yCoord>181</yCoord>
</edgeMap>
<edgeMap>
<xCoord>372</xCoord>
<yCoord>180</yCoord>
</edgeMap>
<edgeMap>
<xCoord>372</xCoord>
<yCoord>179</yCoord>
</edgeMap>
<edgeMap>
<xCoord>373</xCoord>
<yCoord>178</yCoord>
</edgeMap>
<edgeMap>
<xCoord>373</xCoord>
<yCoord>177</yCoord>
</edgeMap>
<edgeMap>
<xCoord>374</xCoord>
<yCoord>176</yCoord>
</edgeMap>
<edgeMap>
<xCoord>375</xCoord>
<yCoord>176</yCoord>
</edgeMap>
<edgeMap>
<xCoord>376</xCoord>
<yCoord>175</yCoord>
</edgeMap>
<edgeMap>
<xCoord>377</xCoord>
<yCoord>174</yCoord>
</edgeMap>
<edgeMap>
<xCoord>377</xCoord>
<yCoord>173</yCoord>
</edgeMap>
<edgeMap>
<xCoord>377</xCoord>
<yCoord>172</yCoord>
</edgeMap>
<edgeMap>
<xCoord>377</xCoord>
<yCoord>171</yCoord>
</edgeMap>
<edgeMap>
<xCoord>377</xCoord>
<yCoord>170</yCoord>
</edgeMap>
<edgeMap>
<xCoord>377</xCoord>
<yCoord>169</yCoord>
</edgeMap>
<edgeMap>
<xCoord>377</xCoord>
<yCoord>168</yCoord>
</edgeMap>
<edgeMap>
<xCoord>376</xCoord>
<yCoord>167</yCoord>
</edgeMap>
<edgeMap>
<xCoord>375</xCoord>
<yCoord>167</yCoord>
</edgeMap>
<edgeMap>
<xCoord>374</xCoord>
<yCoord>167</yCoord>
</edgeMap>
<edgeMap>
<xCoord>373</xCoord>
<yCoord>167</yCoord>
</edgeMap>
<edgeMap>
<xCoord>372</xCoord>
<yCoord>167</yCoord>
</edgeMap>
<edgeMap>
<xCoord>371</xCoord>
<yCoord>168</yCoord>
</edgeMap>
<edgeMap>
<xCoord>370</xCoord>
<yCoord>169</yCoord>
</edgeMap>
<edgeMap>
<xCoord>369</xCoord>
<yCoord>170</yCoord>
</edgeMap>
<edgeMap>
<xCoord>368</xCoord>
<yCoord>170</yCoord>
</edgeMap>
<edgeMap>
<xCoord>367</xCoord>
<yCoord>171</yCoord>
</edgeMap>
<edgeMap>
<xCoord>367</xCoord>
<yCoord>172</yCoord>
</edgeMap>
<edgeMap>
<xCoord>366</xCoord>
<yCoord>173</yCoord>
</edgeMap>
<edgeMap>
<xCoord>365</xCoord>
<yCoord>174</yCoord>
</edgeMap>
<edgeMap>
<xCoord>365</xCoord>
<yCoord>175</yCoord>
</edgeMap>
<edgeMap>
<xCoord>364</xCoord>
<yCoord>176</yCoord>
</edgeMap>
<edgeMap>
<xCoord>364</xCoord>
<yCoord>177</yCoord>
</edgeMap>
<edgeMap>
<xCoord>364</xCoord>
<yCoord>178</yCoord>
</edgeMap>
<edgeMap>
<xCoord>364</xCoord>
<yCoord>179</yCoord>
</edgeMap>
<edgeMap>
<xCoord>364</xCoord>
<yCoord>180</yCoord>
</edgeMap>
<edgeMap>
<xCoord>365</xCoord>
<yCoord>181</yCoord>
</edgeMap>
<edgeMap>
<xCoord>366</xCoord>
<yCoord>182</yCoord>
</edgeMap>
<edgeMap>
<xCoord>367</xCoord>
<yCoord>182</yCoord>
</edgeMap>
<edgeMap>
<xCoord>368</xCoord>
<yCoord>182</yCoord>
</edgeMap>
<edgeMap>
<xCoord>369</xCoord>
<yCoord>182</yCoord>
</edgeMap>
</roi>
</unblindedReadNodule>
<unblindedReadNodule>
<noduleID>124093</noduleID>
<roi>
<imageZposition>1465.0</imageZposition>
<imageSOP_UID>1.3.6.1.4.1.14519.5.2.1.6279.6001.710461742658220371685683938404</imageSOP_UID>
<inclusion>TRUE</inclusion>
<edgeMap>
<xCoord>135</xCoord>
<yCoord>129</yCoord>
</edgeMap>
</roi>
</unblindedReadNodule>
<nonNodule>
<nonNoduleID>124095</nonNoduleID>
<imageZposition>1381.0</imageZposition>
<imageSOP_UID>1.3.6.1.4.1.14519.5.2.1.6279.6001.306566278491713566376095299215</imageSOP_UID>
<locus>
<xCoord>77</xCoord>
<yCoord>392</yCoord>
</locus>
</nonNodule>
</readingSession>





  <readingSession>
    <annotationVersion>3.12</annotationVersion>
    <servicingRadiologistID>anon</servicingRadiologistID>
    <unblindedReadNodule>
      <noduleID>134855</noduleID>
      <characteristics>
        <subtlety>5</subtlety>
        <internalStructure>1</internalStructure>
        <calcification>6</calcification>
        <sphericity>3</sphericity>
        <margin>4</margin>
        <lobulation>4</lobulation>
        <spiculation>1</spiculation>
        <texture>5</texture>
        <malignancy>4</malignancy>
      </characteristics>
      <roi>
        <imageZposition>1534.0</imageZposition>
        <imageSOP_UID>1.3.6.1.4.1.14519.5.2.1.6279.6001.337745341290216260094168480028</imageSOP_UID>
        <inclusion>TRUE</inclusion>
        <edgeMap>
          <xCoord>373</xCoord>
          <yCoord>178</yCoord>
        </edgeMap>
        <edgeMap>
          <xCoord>373</xCoord>
          <yCoord>177</yCoord>
        </edgeMap>
        <edgeMap>
          <xCoord>374</xCoord>
          <yCoord>176</yCoord>
        </edgeMap>
        <edgeMap>
          <xCoord>375</xCoord>
          <yCoord>176</yCoord>
        </edgeMap>
        <edgeMap>
          <xCoord>376</xCoord>
          <yCoord>175</yCoord>
        </edgeMap>
        <edgeMap>
          <xCoord>376</xCoord>
          <yCoord>174</yCoord>
        </edgeMap>
        <edgeMap>
          <xCoord>376</xCoord>
          <yCoord>173</yCoord>
        </edgeMap>
        <edgeMap>
          <xCoord>376</xCoord>
          <yCoord>172</yCoord>
        </edgeMap>
        <edgeMap>
          <xCoord>376</xCoord>
          <yCoord>171</yCoord>
        </edgeMap>
        <edgeMap>
          <xCoord>376</xCoord>
          <yCoord>170</yCoord>
        </edgeMap>
        <edgeMap>
          <xCoord>375</xCoord>
          <yCoord>169</yCoord>
        </edgeMap>
        <edgeMap>
          <xCoord>374</xCoord>
          <yCoord>168</yCoord>
        </edgeMap>
        <edgeMap>
          <xCoord>374</xCoord>
          <yCoord>167</yCoord>
        </edgeMap>
        <edgeMap>
          <xCoord>374</xCoord>
          <yCoord>166</yCoord>
        </edgeMap>
        <edgeMap>
          <xCoord>373</xCoord>
          <yCoord>166</yCoord>
        </edgeMap>
        <edgeMap>
          <xCoord>372</xCoord>
          <yCoord>166</yCoord>
        </edgeMap>
        <edgeMap>
          <xCoord>372</xCoord>
          <yCoord>167</yCoord>
        </edgeMap>
        <edgeMap>
          <xCoord>371</xCoord>
          <yCoord>168</yCoord>
        </edgeMap>
        <edgeMap>
          <xCoord>370</xCoord>
          <yCoord>168</yCoord>
        </edgeMap>
        <edgeMap>
          <xCoord>370</xCoord>
          <yCoord>169</yCoord>
        </edgeMap>
        <edgeMap>
          <xCoord>369</xCoord>
          <yCoord>170</yCoord>
        </edgeMap>
        <edgeMap>
          <xCoord>368</xCoord>
          <yCoord>170</yCoord>
        </edgeMap>
        <edgeMap>
          <xCoord>367</xCoord>
          <yCoord>170</yCoord>
        </edgeMap>
        <edgeMap>
          <xCoord>366</xCoord>
          <yCoord>170</yCoord>
        </edgeMap>
        <edgeMap>
          <xCoord>365</xCoord>
          <yCoord>170</yCoord>
        </edgeMap>
        <edgeMap>
          <xCoord>364</xCoord>
          <yCoord>170</yCoord>
        </edgeMap>
        <edgeMap>
          <xCoord>364</xCoord>
          <yCoord>171</yCoord>
        </edgeMap>
        <edgeMap>
          <xCoord>364</xCoord>
          <yCoord>172</yCoord>
        </edgeMap>
        <edgeMap>
          <xCoord>364</xCoord>
          <yCoord>173</yCoord>
        </edgeMap>
        <edgeMap>
          <xCoord>364</xCoord>
          <yCoord>174</yCoord>
        </edgeMap>
        <edgeMap>
          <xCoord>364</xCoord>
          <yCoord>175</yCoord>
        </edgeMap>
        <edgeMap>
          <xCoord>365</xCoord>
          <yCoord>175</yCoord>
        </edgeMap>
        <edgeMap>
          <xCoord>366</xCoord>
          <yCoord>175</yCoord>
        </edgeMap>
        <edgeMap>
          <xCoord>367</xCoord>
          <yCoord>175</yCoord>
        </edgeMap>
        <edgeMap>
          <xCoord>368</xCoord>
          <yCoord>175</yCoord>
        </edgeMap>
        <edgeMap>
          <xCoord>369</xCoord>
          <yCoord>176</yCoord>
        </edgeMap>
        <edgeMap>
          <xCoord>370</xCoord>
          <yCoord>176</yCoord>
        </edgeMap>
        <edgeMap>
          <xCoord>371</xCoord>
          <yCoord>176</yCoord>
        </edgeMap>
        <edgeMap>
          <xCoord>372</xCoord>
          <yCoord>177</yCoord>
        </edgeMap>
        <edgeMap>
          <xCoord>372</xCoord>
          <yCoord>178</yCoord>
        </edgeMap>
        <edgeMap>
          <xCoord>373</xCoord>
          <yCoord>178</yCoord>
        </edgeMap>
      </roi>
      <roi>
        <imageZposition>1531.0</imageZposition>
        <imageSOP_UID>1.3.6.1.4.1.14519.5.2.1.6279.6001.204150857860457530251922083898</imageSOP_UID>
        <inclusion>TRUE</inclusion>
        <edgeMap>
          <xCoord>373</xCoord>
          <yCoord>179</yCoord>
        </edgeMap>
        <edgeMap>
          <xCoord>374</xCoord>
          <yCoord>178</yCoord>
        </edgeMap>
        <edgeMap>
          <xCoord>375</xCoord>
          <yCoord>177</yCoord>
        </edgeMap>
        <edgeMap>
          <xCoord>376</xCoord>
          <yCoord>176</yCoord>
        </edgeMap>
        <edgeMap>
          <xCoord>377</xCoord>
          <yCoord>175</yCoord>
        </edgeMap>
        <edgeMap>
          <xCoord>377</xCoord>
          <yCoord>174</yCoord>
        </edgeMap>
        <edgeMap>
          <xCoord>378</xCoord>
          <yCoord>173</yCoord>
        </edgeMap>
        <edgeMap>
          <xCoord>377</xCoord>
          <yCoord>172</yCoord>
        </edgeMap>
        <edgeMap>
          <xCoord>377</xCoord>
          <yCoord>171</yCoord>
        </edgeMap>
        <edgeMap>
          <xCoord>377</xCoord>
          <yCoord>170</yCoord>
        </edgeMap>
        <edgeMap>
          <xCoord>377</xCoord>
          <yCoord>169</yCoord>
        </edgeMap>
        <edgeMap>
          <xCoord>376</xCoord>
          <yCoord>168</yCoord>
        </edgeMap>
        <edgeMap>
          <xCoord>375</xCoord>
          <yCoord>167</yCoord>
        </edgeMap>
        <edgeMap>
          <xCoord>374</xCoord>
          <yCoord>166</yCoord>
        </edgeMap>
        <edgeMap>
          <xCoord>373</xCoord>
          <yCoord>166</yCoord>
        </edgeMap>
        <edgeMap>
          <xCoord>372</xCoord>
          <yCoord>165</yCoord>
        </edgeMap>
        <edgeMap>
          <xCoord>371</xCoord>
          <yCoord>165</yCoord>
        </edgeMap>
        <edgeMap>
          <xCoord>370</xCoord>
          <yCoord>166</yCoord>
        </edgeMap>
        <edgeMap>
          <xCoord>369</xCoord>
          <yCoord>167</yCoord>
        </edgeMap>
        <edgeMap>
          <xCoord>369</xCoord>
          <yCoord>168</yCoord>
        </edgeMap>
        <edgeMap>
          <xCoord>369</xCoord>
          <yCoord>169</yCoord>
        </edgeMap>
        <edgeMap>
          <xCoord>368</xCoord>
          <yCoord>170</yCoord>
        </edgeMap>
        <edgeMap>
          <xCoord>367</xCoord>
          <yCoord>170</yCoord>
        </edgeMap>
        <edgeMap>
          <xCoord>366</xCoord>
          <yCoord>170</yCoord>
        </edgeMap>
        <edgeMap>
          <xCoord>365</xCoord>
          <yCoord>170</yCoord>
        </edgeMap>
        <edgeMap>
          <xCoord>364</xCoord>
          <yCoord>170</yCoord>
        </edgeMap>
        <edgeMap>
          <xCoord>363</xCoord>
          <yCoord>171</yCoord>
        </edgeMap>
        <edgeMap>
          <xCoord>362</xCoord>
          <yCoord>172</yCoord>
        </edgeMap>
        <edgeMap>
          <xCoord>362</xCoord>
          <yCoord>173</yCoord>
        </edgeMap>
        <edgeMap>
          <xCoord>362</xCoord>
          <yCoord>174</yCoord>
        </edgeMap>
        <edgeMap>
          <xCoord>363</xCoord>
          <yCoord>175</yCoord>
        </edgeMap>
        <edgeMap>
          <xCoord>363</xCoord>
          <yCoord>176</yCoord>
        </edgeMap>
        <edgeMap>
          <xCoord>364</xCoord>
          <yCoord>177</yCoord>
        </edgeMap>
        <edgeMap>
          <xCoord>365</xCoord>
          <yCoord>178</yCoord>
        </edgeMap>
        <edgeMap>
          <xCoord>366</xCoord>
          <yCoord>179</yCoord>
        </edgeMap>
        <edgeMap>
          <xCoord>367</xCoord>
          <yCoord>179</yCoord>
        </edgeMap>
        <edgeMap>
          <xCoord>368</xCoord>
          <yCoord>179</yCoord>
        </edgeMap>
        <edgeMap>
          <xCoord>369</xCoord>
          <yCoord>179</yCoord>
        </edgeMap>
        <edgeMap>
          <xCoord>370</xCoord>
          <yCoord>179</yCoord>
        </edgeMap>
        <edgeMap>
          <xCoord>371</xCoord>
          <yCoord>179</yCoord>
        </edgeMap>
        <edgeMap>
          <xCoord>372</xCoord>
          <yCoord>179</yCoord>
        </edgeMap>
        <edgeMap>
          <xCoord>373</xCoord>
          <yCoord>179</yCoord>
        </edgeMap>
      </roi>
      <roi>
        <imageZposition>1528.0</imageZposition>
        <imageSOP_UID>1.3.6.1.4.1.14519.5.2.1.6279.6001.134274115407282415610093448560</imageSOP_UID>
        <inclusion>TRUE</inclusion>
        <edgeMap>
          <xCoord>371</xCoord>
          <yCoord>182</yCoord>
        </edgeMap>
        <edgeMap>
          <xCoord>372</xCoord>
          <yCoord>181</yCoord>
        </edgeMap>
        <edgeMap>
          <xCoord>373</xCoord>
          <yCoord>180</yCoord>
        </edgeMap>
        <edgeMap>
          <xCoord>374</xCoord>
          <yCoord>179</yCoord>
        </edgeMap>
        <edgeMap>
          <xCoord>374</xCoord>
          <yCoord>178</yCoord>
        </edgeMap>
        <edgeMap>
          <xCoord>375</xCoord>
          <yCoord>177</yCoord>
        </edgeMap>
        <edgeMap>
          <xCoord>376</xCoord>
          <yCoord>176</yCoord>
        </edgeMap>
        <edgeMap>
          <xCoord>376</xCoord>
          <yCoord>175</yCoord>
        </edgeMap>
        <edgeMap>
          <xCoord>377</xCoord>
          <yCoord>174</yCoord>
        </edgeMap>
        <edgeMap>
          <xCoord>378</xCoord>
          <yCoord>173</yCoord>
        </edgeMap>
        <edgeMap>
          <xCoord>378</xCoord>
          <yCoord>172</yCoord>
        </edgeMap>
        <edgeMap>
          <xCoord>377</xCoord>
          <yCoord>171</yCoord>
        </edgeMap>
        <edgeMap>
          <xCoord>377</xCoord>
          <yCoord>170</yCoord>
        </edgeMap>
        <edgeMap>
          <xCoord>376</xCoord>
          <yCoord>169</yCoord>
        </edgeMap>
        <edgeMap>
          <xCoord>376</xCoord>
          <yCoord>168</yCoord>
        </edgeMap>
        <edgeMap>
          <xCoord>375</xCoord>
          <yCoord>167</yCoord>
        </edgeMap>
        <edgeMap>
          <xCoord>374</xCoord>
          <yCoord>166</yCoord>
        </edgeMap>
        <edgeMap>
          <xCoord>373</xCoord>
          <yCoord>166</yCoord>
        </edgeMap>
        <edgeMap>
          <xCoord>372</xCoord>
          <yCoord>165</yCoord>
        </edgeMap>
        <edgeMap>
          <xCoord>371</xCoord>
          <yCoord>166</yCoord>
        </edgeMap>
        <edgeMap>
          <xCoord>370</xCoord>
          <yCoord>167</yCoord>
        </edgeMap>
        <edgeMap>
          <xCoord>369</xCoord>
          <yCoord>168</yCoord>
        </edgeMap>
        <edgeMap>
          <xCoord>369</xCoord>
          <yCoord>169</yCoord>
        </edgeMap>
        <edgeMap>
          <xCoord>368</xCoord>
          <yCoord>170</yCoord>
        </edgeMap>
        <edgeMap>
          <xCoord>367</xCoord>
          <yCoord>170</yCoord>
        </edgeMap>
        <edgeMap>
          <xCoord>366</xCoord>
          <yCoord>170</yCoord>
        </edgeMap>
        <edgeMap>
          <xCoord>365</xCoord>
          <yCoord>170</yCoord>
        </edgeMap>
        <edgeMap>
          <xCoord>364</xCoord>
          <yCoord>170</yCoord>
        </edgeMap>
        <edgeMap>
          <xCoord>363</xCoord>
          <yCoord>171</yCoord>
        </edgeMap>
        <edgeMap>
          <xCoord>363</xCoord>
          <yCoord>172</yCoord>
        </edgeMap>
        <edgeMap>
          <xCoord>363</xCoord>
          <yCoord>173</yCoord>
        </edgeMap>
        <edgeMap>
          <xCoord>364</xCoord>
          <yCoord>174</yCoord>
        </edgeMap>
        <edgeMap>
          <xCoord>364</xCoord>
          <yCoord>175</yCoord>
        </edgeMap>
        <edgeMap>
          <xCoord>364</xCoord>
          <yCoord>176</yCoord>
        </edgeMap>
        <edgeMap>
          <xCoord>364</xCoord>
          <yCoord>177</yCoord>
        </edgeMap>
        <edgeMap>
          <xCoord>364</xCoord>
          <yCoord>178</yCoord>
        </edgeMap>
        <edgeMap>
          <xCoord>365</xCoord>
          <yCoord>179</yCoord>
        </edgeMap>
        <edgeMap>
          <xCoord>366</xCoord>
          <yCoord>180</yCoord>
        </edgeMap>
        <edgeMap>
          <xCoord>367</xCoord>
          <yCoord>181</yCoord>
        </edgeMap>
        <edgeMap>
          <xCoord>368</xCoord>
          <yCoord>181</yCoord>
        </edgeMap>
        <edgeMap>
          <xCoord>369</xCoord>
          <yCoord>182</yCoord>
        </edgeMap>
        <edgeMap>
          <xCoord>370</xCoord>
          <yCoord>182</yCoord>
        </edgeMap>
        <edgeMap>
          <xCoord>371</xCoord>
          <yCoord>182</yCoord>
        </edgeMap>
      </roi>
      <roi>
        <imageZposition>1525.0</imageZposition>
        <imageSOP_UID>1.3.6.1.4.1.14519.5.2.1.6279.6001.293793220379790328657835250502</imageSOP_UID>
        <inclusion>TRUE</inclusion>
        <edgeMap>
          <xCoord>368</xCoord>
          <yCoord>181</yCoord>
        </edgeMap>
        <edgeMap>
          <xCoord>369</xCoord>
          <yCoord>180</yCoord>
        </edgeMap>
        <edgeMap>
          <xCoord>370</xCoord>
          <yCoord>179</yCoord>
        </edgeMap>
        <edgeMap>
          <xCoord>371</xCoord>
          <yCoord>178</yCoord>
        </edgeMap>
        <edgeMap>
          <xCoord>372</xCoord>
          <yCoord>177</yCoord>
        </edgeMap>
        <edgeMap>
          <xCoord>372</xCoord>
          <yCoord>176</yCoord>
        </edgeMap>
        <edgeMap>
          <xCoord>373</xCoord>
          <yCoord>175</yCoord>
        </edgeMap>
        <edgeMap>
          <xCoord>374</xCoord>
          <yCoord>175</yCoord>
        </edgeMap>
        <edgeMap>
          <xCoord>375</xCoord>
          <yCoord>174</yCoord>
        </edgeMap>
        <edgeMap>
          <xCoord>376</xCoord>
          <yCoord>173</yCoord>
        </edgeMap>
        <edgeMap>
          <xCoord>375</xCoord>
          <yCoord>172</yCoord>
        </edgeMap>
        <edgeMap>
          <xCoord>375</xCoord>
          <yCoord>171</yCoord>
        </edgeMap>
        <edgeMap>
          <xCoord>376</xCoord>
          <yCoord>170</yCoord>
        </edgeMap>
        <edgeMap>
          <xCoord>376</xCoord>
          <yCoord>169</yCoord>
        </edgeMap>
        <edgeMap>
          <xCoord>375</xCoord>
          <yCoord>168</yCoord>
        </edgeMap>
        <edgeMap>
          <xCoord>374</xCoord>
          <yCoord>168</yCoord>
        </edgeMap>
        <edgeMap>
          <xCoord>373</xCoord>
          <yCoord>168</yCoord>
        </edgeMap>
        <edgeMap>
          <xCoord>372</xCoord>
          <yCoord>169</yCoord>
        </edgeMap>
        <edgeMap>
          <xCoord>371</xCoord>
          <yCoord>170</yCoord>
        </edgeMap>
        <edgeMap>
          <xCoord>371</xCoord>
          <yCoord>171</yCoord>
        </edgeMap>
        <edgeMap>
          <xCoord>370</xCoord>
          <yCoord>172</yCoord>
        </edgeMap>
        <edgeMap>
          <xCoord>369</xCoord>
          <yCoord>172</yCoord>
        </edgeMap>
        <edgeMap>
          <xCoord>368</xCoord>
          <yCoord>173</yCoord>
        </edgeMap>
        <edgeMap>
          <xCoord>367</xCoord>
          <yCoord>174</yCoord>
        </edgeMap>
        <edgeMap>
          <xCoord>367</xCoord>
          <yCoord>175</yCoord>
        </edgeMap>
        <edgeMap>
          <xCoord>366</xCoord>
          <yCoord>176</yCoord>
        </edgeMap>
        <edgeMap>
          <xCoord>366</xCoord>
          <yCoord>177</yCoord>
        </edgeMap>
        <edgeMap>
          <xCoord>366</xCoord>
          <yCoord>178</yCoord>
        </edgeMap>
        <edgeMap>
          <xCoord>366</xCoord>
          <yCoord>179</yCoord>
        </edgeMap>
        <edgeMap>
          <xCoord>367</xCoord>
          <yCoord>180</yCoord>
        </edgeMap>
        <edgeMap>
          <xCoord>368</xCoord>
          <yCoord>181</yCoord>
        </edgeMap>
      </roi>
    </unblindedReadNodule>
  </readingSession>






<readingSession>
<annotationVersion>3.12</annotationVersion>
<servicingRadiologistID>anon</servicingRadiologistID>
<unblindedReadNodule>
<noduleID>18170</noduleID>
<roi>
<imageZposition>1465.0</imageZposition>
<imageSOP_UID>1.3.6.1.4.1.14519.5.2.1.6279.6001.710461742658220371685683938404</imageSOP_UID>
<inclusion>TRUE</inclusion>
<edgeMap>
<xCoord>135</xCoord>
<yCoord>129</yCoord>
</edgeMap>
</roi>
</unblindedReadNodule>
<unblindedReadNodule>
<noduleID>18168</noduleID>
<characteristics>
<subtlety>5</subtlety>
<internalStructure>1</internalStructure>
<calcification>6</calcification>
<sphericity>4</sphericity>
<margin>4</margin>
<lobulation>4</lobulation>
<spiculation>2</spiculation>
<texture>5</texture>
<malignancy>5</malignancy>
</characteristics>
<roi>
<imageZposition>1534.0</imageZposition>
<imageSOP_UID>1.3.6.1.4.1.14519.5.2.1.6279.6001.337745341290216260094168480028</imageSOP_UID>
<inclusion>TRUE</inclusion>
<edgeMap>
<xCoord>373</xCoord>
<yCoord>178</yCoord>
</edgeMap>
<edgeMap>
<xCoord>374</xCoord>
<yCoord>177</yCoord>
</edgeMap>
<edgeMap>
<xCoord>375</xCoord>
<yCoord>177</yCoord>
</edgeMap>
<edgeMap>
<xCoord>375</xCoord>
<yCoord>176</yCoord>
</edgeMap>
<edgeMap>
<xCoord>375</xCoord>
<yCoord>175</yCoord>
</edgeMap>
<edgeMap>
<xCoord>376</xCoord>
<yCoord>174</yCoord>
</edgeMap>
<edgeMap>
<xCoord>377</xCoord>
<yCoord>173</yCoord>
</edgeMap>
<edgeMap>
<xCoord>377</xCoord>
<yCoord>172</yCoord>
</edgeMap>
<edgeMap>
<xCoord>377</xCoord>
<yCoord>171</yCoord>
</edgeMap>
<edgeMap>
<xCoord>376</xCoord>
<yCoord>170</yCoord>
</edgeMap>
<edgeMap>
<xCoord>375</xCoord>
<yCoord>169</yCoord>
</edgeMap>
<edgeMap>
<xCoord>375</xCoord>
<yCoord>168</yCoord>
</edgeMap>
<edgeMap>
<xCoord>375</xCoord>
<yCoord>167</yCoord>
</edgeMap>
<edgeMap>
<xCoord>374</xCoord>
<yCoord>167</yCoord>
</edgeMap>
<edgeMap>
<xCoord>373</xCoord>
<yCoord>167</yCoord>
</edgeMap>
<edgeMap>
<xCoord>372</xCoord>
<yCoord>168</yCoord>
</edgeMap>
<edgeMap>
<xCoord>371</xCoord>
<yCoord>169</yCoord>
</edgeMap>
<edgeMap>
<xCoord>370</xCoord>
<yCoord>170</yCoord>
</edgeMap>
<edgeMap>
<xCoord>370</xCoord>
<yCoord>171</yCoord>
</edgeMap>
<edgeMap>
<xCoord>369</xCoord>
<yCoord>172</yCoord>
</edgeMap>
<edgeMap>
<xCoord>368</xCoord>
<yCoord>172</yCoord>
</edgeMap>
<edgeMap>
<xCoord>367</xCoord>
<yCoord>171</yCoord>
</edgeMap>
<edgeMap>
<xCoord>366</xCoord>
<yCoord>171</yCoord>
</edgeMap>
<edgeMap>
<xCoord>365</xCoord>
<yCoord>171</yCoord>
</edgeMap>
<edgeMap>
<xCoord>364</xCoord>
<yCoord>171</yCoord>
</edgeMap>
<edgeMap>
<xCoord>363</xCoord>
<yCoord>171</yCoord>
</edgeMap>
<edgeMap>
<xCoord>363</xCoord>
<yCoord>172</yCoord>
</edgeMap>
<edgeMap>
<xCoord>363</xCoord>
<yCoord>173</yCoord>
</edgeMap>
<edgeMap>
<xCoord>363</xCoord>
<yCoord>174</yCoord>
</edgeMap>
<edgeMap>
<xCoord>364</xCoord>
<yCoord>175</yCoord>
</edgeMap>
<edgeMap>
<xCoord>365</xCoord>
<yCoord>176</yCoord>
</edgeMap>
<edgeMap>
<xCoord>366</xCoord>
<yCoord>176</yCoord>
</edgeMap>
<edgeMap>
<xCoord>367</xCoord>
<yCoord>176</yCoord>
</edgeMap>
<edgeMap>
<xCoord>368</xCoord>
<yCoord>176</yCoord>
</edgeMap>
<edgeMap>
<xCoord>369</xCoord>
<yCoord>177</yCoord>
</edgeMap>
<edgeMap>
<xCoord>370</xCoord>
<yCoord>177</yCoord>
</edgeMap>
<edgeMap>
<xCoord>371</xCoord>
<yCoord>178</yCoord>
</edgeMap>
<edgeMap>
<xCoord>372</xCoord>
<yCoord>178</yCoord>
</edgeMap>
<edgeMap>
<xCoord>373</xCoord>
<yCoord>178</yCoord>
</edgeMap>
</roi>
<roi>
<imageZposition>1531.0</imageZposition>
<imageSOP_UID>1.3.6.1.4.1.14519.5.2.1.6279.6001.204150857860457530251922083898</imageSOP_UID>
<inclusion>TRUE</inclusion>
<edgeMap>
<xCoord>372</xCoord>
<yCoord>179</yCoord>
</edgeMap>
<edgeMap>
<xCoord>373</xCoord>
<yCoord>178</yCoord>
</edgeMap>
<edgeMap>
<xCoord>374</xCoord>
<yCoord>177</yCoord>
</edgeMap>
<edgeMap>
<xCoord>375</xCoord>
<yCoord>177</yCoord>
</edgeMap>
<edgeMap>
<xCoord>376</xCoord>
<yCoord>176</yCoord>
</edgeMap>
<edgeMap>
<xCoord>377</xCoord>
<yCoord>175</yCoord>
</edgeMap>
<edgeMap>
<xCoord>377</xCoord>
<yCoord>174</yCoord>
</edgeMap>
<edgeMap>
<xCoord>377</xCoord>
<yCoord>173</yCoord>
</edgeMap>
<edgeMap>
<xCoord>378</xCoord>
<yCoord>172</yCoord>
</edgeMap>
<edgeMap>
<xCoord>378</xCoord>
<yCoord>171</yCoord>
</edgeMap>
<edgeMap>
<xCoord>377</xCoord>
<yCoord>170</yCoord>
</edgeMap>
<edgeMap>
<xCoord>376</xCoord>
<yCoord>169</yCoord>
</edgeMap>
<edgeMap>
<xCoord>376</xCoord>
<yCoord>168</yCoord>
</edgeMap>
<edgeMap>
<xCoord>376</xCoord>
<yCoord>167</yCoord>
</edgeMap>
<edgeMap>
<xCoord>375</xCoord>
<yCoord>166</yCoord>
</edgeMap>
<edgeMap>
<xCoord>374</xCoord>
<yCoord>165</yCoord>
</edgeMap>
<edgeMap>
<xCoord>373</xCoord>
<yCoord>164</yCoord>
</edgeMap>
<edgeMap>
<xCoord>372</xCoord>
<yCoord>164</yCoord>
</edgeMap>
<edgeMap>
<xCoord>371</xCoord>
<yCoord>165</yCoord>
</edgeMap>
<edgeMap>
<xCoord>370</xCoord>
<yCoord>165</yCoord>
</edgeMap>
<edgeMap>
<xCoord>369</xCoord>
<yCoord>166</yCoord>
</edgeMap>
<edgeMap>
<xCoord>369</xCoord>
<yCoord>167</yCoord>
</edgeMap>
<edgeMap>
<xCoord>368</xCoord>
<yCoord>168</yCoord>
</edgeMap>
<edgeMap>
<xCoord>367</xCoord>
<yCoord>169</yCoord>
</edgeMap>
<edgeMap>
<xCoord>366</xCoord>
<yCoord>169</yCoord>
</edgeMap>
<edgeMap>
<xCoord>365</xCoord>
<yCoord>169</yCoord>
</edgeMap>
<edgeMap>
<xCoord>364</xCoord>
<yCoord>169</yCoord>
</edgeMap>
<edgeMap>
<xCoord>363</xCoord>
<yCoord>170</yCoord>
</edgeMap>
<edgeMap>
<xCoord>362</xCoord>
<yCoord>171</yCoord>
</edgeMap>
<edgeMap>
<xCoord>362</xCoord>
<yCoord>172</yCoord>
</edgeMap>
<edgeMap>
<xCoord>362</xCoord>
<yCoord>173</yCoord>
</edgeMap>
<edgeMap>
<xCoord>362</xCoord>
<yCoord>174</yCoord>
</edgeMap>
<edgeMap>
<xCoord>362</xCoord>
<yCoord>175</yCoord>
</edgeMap>
<edgeMap>
<xCoord>362</xCoord>
<yCoord>176</yCoord>
</edgeMap>
<edgeMap>
<xCoord>363</xCoord>
<yCoord>177</yCoord>
</edgeMap>
<edgeMap>
<xCoord>364</xCoord>
<yCoord>178</yCoord>
</edgeMap>
<edgeMap>
<xCoord>365</xCoord>
<yCoord>178</yCoord>
</edgeMap>
<edgeMap>
<xCoord>366</xCoord>
<yCoord>178</yCoord>
</edgeMap>
<edgeMap>
<xCoord>367</xCoord>
<yCoord>179</yCoord>
</edgeMap>
<edgeMap>
<xCoord>368</xCoord>
<yCoord>179</yCoord>
</edgeMap>
<edgeMap>
<xCoord>369</xCoord>
<yCoord>179</yCoord>
</edgeMap>
<edgeMap>
<xCoord>370</xCoord>
<yCoord>179</yCoord>
</edgeMap>
<edgeMap>
<xCoord>371</xCoord>
<yCoord>179</yCoord>
</edgeMap>
<edgeMap>
<xCoord>372</xCoord>
<yCoord>179</yCoord>
</edgeMap>
</roi>
<roi>
<imageZposition>1528.0</imageZposition>
<imageSOP_UID>1.3.6.1.4.1.14519.5.2.1.6279.6001.134274115407282415610093448560</imageSOP_UID>
<inclusion>TRUE</inclusion>
<edgeMap>
<xCoord>370</xCoord>
<yCoord>182</yCoord>
</edgeMap>
<edgeMap>
<xCoord>371</xCoord>
<yCoord>181</yCoord>
</edgeMap>
<edgeMap>
<xCoord>372</xCoord>
<yCoord>181</yCoord>
</edgeMap>
<edgeMap>
<xCoord>373</xCoord>
<yCoord>180</yCoord>
</edgeMap>
<edgeMap>
<xCoord>374</xCoord>
<yCoord>180</yCoord>
</edgeMap>
<edgeMap>
<xCoord>375</xCoord>
<yCoord>179</yCoord>
</edgeMap>
<edgeMap>
<xCoord>375</xCoord>
<yCoord>178</yCoord>
</edgeMap>
<edgeMap>
<xCoord>376</xCoord>
<yCoord>177</yCoord>
</edgeMap>
<edgeMap>
<xCoord>376</xCoord>
<yCoord>176</yCoord>
</edgeMap>
<edgeMap>
<xCoord>376</xCoord>
<yCoord>175</yCoord>
</edgeMap>
<edgeMap>
<xCoord>377</xCoord>
<yCoord>174</yCoord>
</edgeMap>
<edgeMap>
<xCoord>378</xCoord>
<yCoord>173</yCoord>
</edgeMap>
<edgeMap>
<xCoord>378</xCoord>
<yCoord>172</yCoord>
</edgeMap>
<edgeMap>
<xCoord>378</xCoord>
<yCoord>171</yCoord>
</edgeMap>
<edgeMap>
<xCoord>378</xCoord>
<yCoord>170</yCoord>
</edgeMap>
<edgeMap>
<xCoord>378</xCoord>
<yCoord>169</yCoord>
</edgeMap>
<edgeMap>
<xCoord>377</xCoord>
<yCoord>168</yCoord>
</edgeMap>
<edgeMap>
<xCoord>376</xCoord>
<yCoord>167</yCoord>
</edgeMap>
<edgeMap>
<xCoord>376</xCoord>
<yCoord>166</yCoord>
</edgeMap>
<edgeMap>
<xCoord>375</xCoord>
<yCoord>165</yCoord>
</edgeMap>
<edgeMap>
<xCoord>374</xCoord>
<yCoord>165</yCoord>
</edgeMap>
<edgeMap>
<xCoord>373</xCoord>
<yCoord>164</yCoord>
</edgeMap>
<edgeMap>
<xCoord>372</xCoord>
<yCoord>164</yCoord>
</edgeMap>
<edgeMap>
<xCoord>371</xCoord>
<yCoord>164</yCoord>
</edgeMap>
<edgeMap>
<xCoord>370</xCoord>
<yCoord>165</yCoord>
</edgeMap>
<edgeMap>
<xCoord>369</xCoord>
<yCoord>166</yCoord>
</edgeMap>
<edgeMap>
<xCoord>369</xCoord>
<yCoord>167</yCoord>
</edgeMap>
<edgeMap>
<xCoord>369</xCoord>
<yCoord>168</yCoord>
</edgeMap>
<edgeMap>
<xCoord>368</xCoord>
<yCoord>169</yCoord>
</edgeMap>
<edgeMap>
<xCoord>367</xCoord>
<yCoord>169</yCoord>
</edgeMap>
<edgeMap>
<xCoord>366</xCoord>
<yCoord>169</yCoord>
</edgeMap>
<edgeMap>
<xCoord>365</xCoord>
<yCoord>169</yCoord>
</edgeMap>
<edgeMap>
<xCoord>364</xCoord>
<yCoord>169</yCoord>
</edgeMap>
<edgeMap>
<xCoord>363</xCoord>
<yCoord>170</yCoord>
</edgeMap>
<edgeMap>
<xCoord>363</xCoord>
<yCoord>171</yCoord>
</edgeMap>
<edgeMap>
<xCoord>363</xCoord>
<yCoord>172</yCoord>
</edgeMap>
<edgeMap>
<xCoord>363</xCoord>
<yCoord>173</yCoord>
</edgeMap>
<edgeMap>
<xCoord>363</xCoord>
<yCoord>174</yCoord>
</edgeMap>
<edgeMap>
<xCoord>363</xCoord>
<yCoord>175</yCoord>
</edgeMap>
<edgeMap>
<xCoord>363</xCoord>
<yCoord>176</yCoord>
</edgeMap>
<edgeMap>
<xCoord>363</xCoord>
<yCoord>177</yCoord>
</edgeMap>
<edgeMap>
<xCoord>363</xCoord>
<yCoord>178</yCoord>
</edgeMap>
<edgeMap>
<xCoord>364</xCoord>
<yCoord>179</yCoord>
</edgeMap>
<edgeMap>
<xCoord>365</xCoord>
<yCoord>180</yCoord>
</edgeMap>
<edgeMap>
<xCoord>366</xCoord>
<yCoord>181</yCoord>
</edgeMap>
<edgeMap>
<xCoord>367</xCoord>
<yCoord>181</yCoord>
</edgeMap>
<edgeMap>
<xCoord>368</xCoord>
<yCoord>182</yCoord>
</edgeMap>
<edgeMap>
<xCoord>369</xCoord>
<yCoord>182</yCoord>
</edgeMap>
<edgeMap>
<xCoord>370</xCoord>
<yCoord>182</yCoord>
</edgeMap>
</roi>
<roi>
<imageZposition>1525.0</imageZposition>
<imageSOP_UID>1.3.6.1.4.1.14519.5.2.1.6279.6001.293793220379790328657835250502</imageSOP_UID>
<inclusion>TRUE</inclusion>
<edgeMap>
<xCoord>372</xCoord>
<yCoord>181</yCoord>
</edgeMap>
<edgeMap>
<xCoord>372</xCoord>
<yCoord>180</yCoord>
</edgeMap>
<edgeMap>
<xCoord>372</xCoord>
<yCoord>179</yCoord>
</edgeMap>
<edgeMap>
<xCoord>372</xCoord>
<yCoord>178</yCoord>
</edgeMap>
<edgeMap>
<xCoord>373</xCoord>
<yCoord>177</yCoord>
</edgeMap>
<edgeMap>
<xCoord>374</xCoord>
<yCoord>176</yCoord>
</edgeMap>
<edgeMap>
<xCoord>375</xCoord>
<yCoord>176</yCoord>
</edgeMap>
<edgeMap>
<xCoord>376</xCoord>
<yCoord>175</yCoord>
</edgeMap>
<edgeMap>
<xCoord>377</xCoord>
<yCoord>174</yCoord>
</edgeMap>
<edgeMap>
<xCoord>377</xCoord>
<yCoord>173</yCoord>
</edgeMap>
<edgeMap>
<xCoord>377</xCoord>
<yCoord>172</yCoord>
</edgeMap>
<edgeMap>
<xCoord>377</xCoord>
<yCoord>171</yCoord>
</edgeMap>
<edgeMap>
<xCoord>377</xCoord>
<yCoord>170</yCoord>
</edgeMap>
<edgeMap>
<xCoord>377</xCoord>
<yCoord>169</yCoord>
</edgeMap>
<edgeMap>
<xCoord>377</xCoord>
<yCoord>168</yCoord>
</edgeMap>
<edgeMap>
<xCoord>376</xCoord>
<yCoord>167</yCoord>
</edgeMap>
<edgeMap>
<xCoord>375</xCoord>
<yCoord>166</yCoord>
</edgeMap>
<edgeMap>
<xCoord>374</xCoord>
<yCoord>166</yCoord>
</edgeMap>
<edgeMap>
<xCoord>373</xCoord>
<yCoord>166</yCoord>
</edgeMap>
<edgeMap>
<xCoord>372</xCoord>
<yCoord>167</yCoord>
</edgeMap>
<edgeMap>
<xCoord>371</xCoord>
<yCoord>168</yCoord>
</edgeMap>
<edgeMap>
<xCoord>370</xCoord>
<yCoord>169</yCoord>
</edgeMap>
<edgeMap>
<xCoord>369</xCoord>
<yCoord>170</yCoord>
</edgeMap>
<edgeMap>
<xCoord>368</xCoord>
<yCoord>171</yCoord>
</edgeMap>
<edgeMap>
<xCoord>367</xCoord>
<yCoord>171</yCoord>
</edgeMap>
<edgeMap>
<xCoord>366</xCoord>
<yCoord>172</yCoord>
</edgeMap>
<edgeMap>
<xCoord>366</xCoord>
<yCoord>173</yCoord>
</edgeMap>
<edgeMap>
<xCoord>366</xCoord>
<yCoord>174</yCoord>
</edgeMap>
<edgeMap>
<xCoord>366</xCoord>
<yCoord>175</yCoord>
</edgeMap>
<edgeMap>
<xCoord>366</xCoord>
<yCoord>176</yCoord>
</edgeMap>
<edgeMap>
<xCoord>365</xCoord>
<yCoord>177</yCoord>
</edgeMap>
<edgeMap>
<xCoord>364</xCoord>
<yCoord>178</yCoord>
</edgeMap>
<edgeMap>
<xCoord>364</xCoord>
<yCoord>179</yCoord>
</edgeMap>
<edgeMap>
<xCoord>364</xCoord>
<yCoord>180</yCoord>
</edgeMap>
<edgeMap>
<xCoord>365</xCoord>
<yCoord>181</yCoord>
</edgeMap>
<edgeMap>
<xCoord>366</xCoord>
<yCoord>181</yCoord>
</edgeMap>
<edgeMap>
<xCoord>367</xCoord>
<yCoord>181</yCoord>
</edgeMap>
<edgeMap>
<xCoord>368</xCoord>
<yCoord>181</yCoord>
</edgeMap>
<edgeMap>
<xCoord>369</xCoord>
<yCoord>181</yCoord>
</edgeMap>
<edgeMap>
<xCoord>370</xCoord>
<yCoord>181</yCoord>
</edgeMap>
<edgeMap>
<xCoord>371</xCoord>
<yCoord>181</yCoord>
</edgeMap>
<edgeMap>
<xCoord>372</xCoord>
<yCoord>181</yCoord>
</edgeMap>
</roi>
</unblindedReadNodule>
<nonNodule>
<nonNoduleID>18171</nonNoduleID>
<imageZposition>1381.0</imageZposition>
<imageSOP_UID>1.3.6.1.4.1.14519.5.2.1.6279.6001.306566278491713566376095299215</imageSOP_UID>
<locus>
<xCoord>76</xCoord>
<yCoord>393</yCoord>
</locus>
</nonNodule>
</readingSession>





	<readingSession>
		<annotationVersion>3.12</annotationVersion>
		<servicingRadiologistID>anon</servicingRadiologistID>
			<unblindedReadNodule>
				<noduleID>0</noduleID>
				<characteristics>
					<subtlety>5</subtlety>
					<internalStructure>1</internalStructure>
					<calcification>6</calcification>
					<sphericity>5</sphericity>
					<margin>5</margin>
					<lobulation>4</lobulation>
					<spiculation>1</spiculation>
					<texture>5</texture>
					<malignancy>3</malignancy>
				</characteristics>
				<roi>
					<imageZposition>1534.0</imageZposition>
					<imageSOP_UID>1.3.6.1.4.1.14519.5.2.1.6279.6001.337745341290216260094168480028</imageSOP_UID>
					<inclusion>TRUE</inclusion>
					<edgeMap>
					<xCoord>369</xCoord>
					<yCoord>168</yCoord>
					</edgeMap>
					<edgeMap>
					<xCoord>370</xCoord>
					<yCoord>167</yCoord>
					</edgeMap>
					<edgeMap>
					<xCoord>370</xCoord>
					<yCoord>166</yCoord>
					</edgeMap>
					<edgeMap>
					<xCoord>371</xCoord>
					<yCoord>166</yCoord>
					</edgeMap>
					<edgeMap>
					<xCoord>372</xCoord>
					<yCoord>166</yCoord>
					</edgeMap>
					<edgeMap>
					<xCoord>373</xCoord>
					<yCoord>166</yCoord>
					</edgeMap>
					<edgeMap>
					<xCoord>374</xCoord>
					<yCoord>166</yCoord>
					</edgeMap>
					<edgeMap>
					<xCoord>375</xCoord>
					<yCoord>166</yCoord>
					</edgeMap>
					<edgeMap>
					<xCoord>376</xCoord>
					<yCoord>166</yCoord>
					</edgeMap>
					<edgeMap>
					<xCoord>377</xCoord>
					<yCoord>166</yCoord>
					</edgeMap>
					<edgeMap>
					<xCoord>377</xCoord>
					<yCoord>167</yCoord>
					</edgeMap>
					<edgeMap>
					<xCoord>377</xCoord>
					<yCoord>168</yCoord>
					</edgeMap>
					<edgeMap>
					<xCoord>377</xCoord>
					<yCoord>169</yCoord>
					</edgeMap>
					<edgeMap>
					<xCoord>377</xCoord>
					<yCoord>170</yCoord>
					</edgeMap>
					<edgeMap>
					<xCoord>377</xCoord>
					<yCoord>171</yCoord>
					</edgeMap>
					<edgeMap>
					<xCoord>376</xCoord>
					<yCoord>171</yCoord>
					</edgeMap>
					<edgeMap>
					<xCoord>377</xCoord>
					<yCoord>172</yCoord>
					</edgeMap>
					<edgeMap>
					<xCoord>377</xCoord>
					<yCoord>173</yCoord>
					</edgeMap>
					<edgeMap>
					<xCoord>377</xCoord>
					<yCoord>174</yCoord>
					</edgeMap>
					<edgeMap>
					<xCoord>377</xCoord>
					<yCoord>175</yCoord>
					</edgeMap>
					<edgeMap>
					<xCoord>377</xCoord>
					<yCoord>176</yCoord>
					</edgeMap>
					<edgeMap>
					<xCoord>376</xCoord>
					<yCoord>176</yCoord>
					</edgeMap>
					<edgeMap>
					<xCoord>375</xCoord>
					<yCoord>176</yCoord>
					</edgeMap>
					<edgeMap>
					<xCoord>375</xCoord>
					<yCoord>177</yCoord>
					</edgeMap>
					<edgeMap>
					<xCoord>375</xCoord>
					<yCoord>178</yCoord>
					</edgeMap>
					<edgeMap>
					<xCoord>374</xCoord>
					<yCoord>178</yCoord>
					</edgeMap>
					<edgeMap>
					<xCoord>374</xCoord>
					<yCoord>179</yCoord>
					</edgeMap>
					<edgeMap>
					<xCoord>373</xCoord>
					<yCoord>179</yCoord>
					</edgeMap>
					<edgeMap>
					<xCoord>372</xCoord>
					<yCoord>179</yCoord>
					</edgeMap>
					<edgeMap>
					<xCoord>371</xCoord>
					<yCoord>179</yCoord>
					</edgeMap>
					<edgeMap>
					<xCoord>370</xCoord>
					<yCoord>179</yCoord>
					</edgeMap>
					<edgeMap>
					<xCoord>369</xCoord>
					<yCoord>178</yCoord>
					</edgeMap>
					<edgeMap>
					<xCoord>368</xCoord>
					<yCoord>178</yCoord>
					</edgeMap>
					<edgeMap>
					<xCoord>367</xCoord>
					<yCoord>179</yCoord>
					</edgeMap>
					<edgeMap>
					<xCoord>366</xCoord>
					<yCoord>178</yCoord>
					</edgeMap>
					<edgeMap>
					<xCoord>365</xCoord>
					<yCoord>178</yCoord>
					</edgeMap>
					<edgeMap>
					<xCoord>364</xCoord>
					<yCoord>178</yCoord>
					</edgeMap>
					<edgeMap>
					<xCoord>363</xCoord>
					<yCoord>178</yCoord>
					</edgeMap>
					<edgeMap>
					<xCoord>362</xCoord>
					<yCoord>177</yCoord>
					</edgeMap>
					<edgeMap>
					<xCoord>361</xCoord>
					<yCoord>176</yCoord>
					</edgeMap>
					<edgeMap>
					<xCoord>361</xCoord>
					<yCoord>175</yCoord>
					</edgeMap>
					<edgeMap>
					<xCoord>360</xCoord>
					<yCoord>174</yCoord>
					</edgeMap>
					<edgeMap>
					<xCoord>359</xCoord>
					<yCoord>173</yCoord>
					</edgeMap>
					<edgeMap>
					<xCoord>359</xCoord>
					<yCoord>172</yCoord>
					</edgeMap>
					<edgeMap>
					<xCoord>360</xCoord>
					<yCoord>171</yCoord>
					</edgeMap>
					<edgeMap>
					<xCoord>361</xCoord>
					<yCoord>170</yCoord>
					</edgeMap>
					<edgeMap>
					<xCoord>362</xCoord>
					<yCoord>170</yCoord>
					</edgeMap>
					<edgeMap>
					<xCoord>363</xCoord>
					<yCoord>170</yCoord>
					</edgeMap>
					<edgeMap>
					<xCoord>364</xCoord>
					<yCoord>170</yCoord>
					</edgeMap>
					<edgeMap>
					<xCoord>365</xCoord>
					<yCoord>170</yCoord>
					</edgeMap>
					<edgeMap>
					<xCoord>366</xCoord>
					<yCoord>170</yCoord>
					</edgeMap>
					<edgeMap>
					<xCoord>367</xCoord>
					<yCoord>170</yCoord>
					</edgeMap>
					<edgeMap>
					<xCoord>368</xCoord>
					<yCoord>170</yCoord>
					</edgeMap>
					<edgeMap>
					<xCoord>368</xCoord>
					<yCoord>169</yCoord>
					</edgeMap>
					<edgeMap>
					<xCoord>369</xCoord>
					<yCoord>168</yCoord>
					</edgeMap>
				</roi>
				<roi>
					<imageZposition>1531.0</imageZposition>
					<imageSOP_UID>1.3.6.1.4.1.14519.5.2.1.6279.6001.204150857860457530251922083898</imageSOP_UID>
					<inclusion>TRUE</inclusion>
					<edgeMap>
					<xCoord>368</xCoord>
					<yCoord>169</yCoord>
					</edgeMap>
					<edgeMap>
					<xCoord>368</xCoord>
					<yCoord>168</yCoord>
					</edgeMap>
					<edgeMap>
					<xCoord>368</xCoord>
					<yCoord>167</yCoord>
					</edgeMap>
					<edgeMap>
					<xCoord>368</xCoord>
					<yCoord>166</yCoord>
					</edgeMap>
					<edgeMap>
					<xCoord>369</xCoord>
					<yCoord>165</yCoord>
					</edgeMap>
					<edgeMap>
					<xCoord>370</xCoord>
					<yCoord>164</yCoord>
					</edgeMap>
					<edgeMap>
					<xCoord>371</xCoord>
					<yCoord>165</yCoord>
					</edgeMap>
					<edgeMap>
					<xCoord>372</xCoord>
					<yCoord>165</yCoord>
					</edgeMap>
					<edgeMap>
					<xCoord>373</xCoord>
					<yCoord>165</yCoord>
					</edgeMap>
					<edgeMap>
					<xCoord>374</xCoord>
					<yCoord>166</yCoord>
					</edgeMap>
					<edgeMap>
					<xCoord>375</xCoord>
					<yCoord>166</yCoord>
					</edgeMap>
					<edgeMap>
					<xCoord>375</xCoord>
					<yCoord>167</yCoord>
					</edgeMap>
					<edgeMap>
					<xCoord>376</xCoord>
					<yCoord>167</yCoord>
					</edgeMap>
					<edgeMap>
					<xCoord>376</xCoord>
					<yCoord>168</yCoord>
					</edgeMap>
					<edgeMap>
					<xCoord>376</xCoord>
					<yCoord>169</yCoord>
					</edgeMap>
					<edgeMap>
					<xCoord>376</xCoord>
					<yCoord>170</yCoord>
					</edgeMap>
					<edgeMap>
					<xCoord>376</xCoord>
					<yCoord>171</yCoord>
					</edgeMap>
					<edgeMap>
					<xCoord>377</xCoord>
					<yCoord>172</yCoord>
					</edgeMap>
					<edgeMap>
					<xCoord>377</xCoord>
					<yCoord>173</yCoord>
					</edgeMap>
					<edgeMap>
					<xCoord>377</xCoord>
					<yCoord>174</yCoord>
					</edgeMap>
					<edgeMap>
					<xCoord>377</xCoord>
					<yCoord>175</yCoord>
					</edgeMap>
					<edgeMap>
					<xCoord>376</xCoord>
					<yCoord>175</yCoord>
					</edgeMap>
					<edgeMap>
					<xCoord>375</xCoord>
					<yCoord>176</yCoord>
					</edgeMap>
					<edgeMap>
					<xCoord>374</xCoord>
					<yCoord>177</yCoord>
					</edgeMap>
					<edgeMap>
					<xCoord>374</xCoord>
					<yCoord>178</yCoord>
					</edgeMap>
					<edgeMap>
					<xCoord>373</xCoord>
					<yCoord>179</yCoord>
					</edgeMap>
					<edgeMap>
					<xCoord>372</xCoord>
					<yCoord>180</yCoord>
					</edgeMap>
					<edgeMap>
					<xCoord>371</xCoord>
					<yCoord>181</yCoord>
					</edgeMap>
					<edgeMap>
					<xCoord>370</xCoord>
					<yCoord>180</yCoord>
					</edgeMap>
					<edgeMap>
					<xCoord>369</xCoord>
					<yCoord>180</yCoord>
					</edgeMap>
					<edgeMap>
					<xCoord>368</xCoord>
					<yCoord>180</yCoord>
					</edgeMap>
					<edgeMap>
					<xCoord>367</xCoord>
					<yCoord>180</yCoord>
					</edgeMap>
					<edgeMap>
					<xCoord>366</xCoord>
					<yCoord>179</yCoord>
					</edgeMap>
					<edgeMap>
					<xCoord>365</xCoord>
					<yCoord>179</yCoord>
					</edgeMap>
					<edgeMap>
					<xCoord>364</xCoord>
					<yCoord>178</yCoord>
					</edgeMap>
					<edgeMap>
					<xCoord>363</xCoord>
					<yCoord>177</yCoord>
					</edgeMap>
					<edgeMap>
					<xCoord>362</xCoord>
					<yCoord>177</yCoord>
					</edgeMap>
					<edgeMap>
					<xCoord>362</xCoord>
					<yCoord>176</yCoord>
					</edgeMap>
					<edgeMap>
					<xCoord>362</xCoord>
					<yCoord>175</yCoord>
					</edgeMap>
					<edgeMap>
					<xCoord>362</xCoord>
					<yCoord>174</yCoord>
					</edgeMap>
					<edgeMap>
					<xCoord>362</xCoord>
					<yCoord>173</yCoord>
					</edgeMap>
					<edgeMap>
					<xCoord>362</xCoord>
					<yCoord>172</yCoord>
					</edgeMap>
					<edgeMap>
					<xCoord>362</xCoord>
					<yCoord>171</yCoord>
					</edgeMap>
					<edgeMap>
					<xCoord>363</xCoord>
					<yCoord>171</yCoord>
					</edgeMap>
					<edgeMap>
					<xCoord>364</xCoord>
					<yCoord>170</yCoord>
					</edgeMap>
					<edgeMap>
					<xCoord>365</xCoord>
					<yCoord>170</yCoord>
					</edgeMap>
					<edgeMap>
					<xCoord>366</xCoord>
					<yCoord>170</yCoord>
					</edgeMap>
					<edgeMap>
					<xCoord>367</xCoord>
					<yCoord>170</yCoord>
					</edgeMap>
					<edgeMap>
					<xCoord>368</xCoord>
					<yCoord>169</yCoord>
					</edgeMap>
				</roi>
				<roi>
					<imageZposition>1528.0</imageZposition>
					<imageSOP_UID>1.3.6.1.4.1.14519.5.2.1.6279.6001.134274115407282415610093448560</imageSOP_UID>
					<inclusion>TRUE</inclusion>
					<edgeMap>
					<xCoord>368</xCoord>
					<yCoord>169</yCoord>
					</edgeMap>
					<edgeMap>
					<xCoord>368</xCoord>
					<yCoord>168</yCoord>
					</edgeMap>
					<edgeMap>
					<xCoord>368</xCoord>
					<yCoord>167</yCoord>
					</edgeMap>
					<edgeMap>
					<xCoord>368</xCoord>
					<yCoord>166</yCoord>
					</edgeMap>
					<edgeMap>
					<xCoord>369</xCoord>
					<yCoord>166</yCoord>
					</edgeMap>
					<edgeMap>
					<xCoord>369</xCoord>
					<yCoord>165</yCoord>
					</edgeMap>
					<edgeMap>
					<xCoord>370</xCoord>
					<yCoord>165</yCoord>
					</edgeMap>
					<edgeMap>
					<xCoord>371</xCoord>
					<yCoord>165</yCoord>
					</edgeMap>
					<edgeMap>
					<xCoord>372</xCoord>
					<yCoord>164</yCoord>
					</edgeMap>
					<edgeMap>
					<xCoord>373</xCoord>
					<yCoord>165</yCoord>
					</edgeMap>
					<edgeMap>
					<xCoord>374</xCoord>
					<yCoord>166</yCoord>
					</edgeMap>
					<edgeMap>
					<xCoord>375</xCoord>
					<yCoord>166</yCoord>
					</edgeMap>
					<edgeMap>
					<xCoord>376</xCoord>
					<yCoord>167</yCoord>
					</edgeMap>
					<edgeMap>
					<xCoord>376</xCoord>
					<yCoord>168</yCoord>
					</edgeMap>
					<edgeMap>
					<xCoord>377</xCoord>
					<yCoord>169</yCoord>
					</edgeMap>
					<edgeMap>
					<xCoord>377</xCoord>
					<yCoord>170</yCoord>
					</edgeMap>
					<edgeMap>
					<xCoord>377</xCoord>
					<yCoord>171</yCoord>
					</edgeMap>
					<edgeMap>
					<xCoord>377</xCoord>
					<yCoord>172</yCoord>
					</edgeMap>
					<edgeMap>
					<xCoord>377</xCoord>
					<yCoord>173</yCoord>
					</edgeMap>
					<edgeMap>
					<xCoord>377</xCoord>
					<yCoord>174</yCoord>
					</edgeMap>
					<edgeMap>
					<xCoord>377</xCoord>
					<yCoord>175</yCoord>
					</edgeMap>
					<edgeMap>
					<xCoord>376</xCoord>
					<yCoord>176</yCoord>
					</edgeMap>
					<edgeMap>
					<xCoord>375</xCoord>
					<yCoord>176</yCoord>
					</edgeMap>
					<edgeMap>
					<xCoord>375</xCoord>
					<yCoord>177</yCoord>
					</edgeMap>
					<edgeMap>
					<xCoord>375</xCoord>
					<yCoord>178</yCoord>
					</edgeMap>
					<edgeMap>
					<xCoord>375</xCoord>
					<yCoord>179</yCoord>
					</edgeMap>
					<edgeMap>
					<xCoord>375</xCoord>
					<yCoord>180</yCoord>
					</edgeMap>
					<edgeMap>
					<xCoord>375</xCoord>
					<yCoord>181</yCoord>
					</edgeMap>
					<edgeMap>
					<xCoord>374</xCoord>
					<yCoord>182</yCoord>
					</edgeMap>
					<edgeMap>
					<xCoord>373</xCoord>
					<yCoord>183</yCoord>
					</edgeMap>
					<edgeMap>
					<xCoord>372</xCoord>
					<yCoord>183</yCoord>
					</edgeMap>
					<edgeMap>
					<xCoord>371</xCoord>
					<yCoord>183</yCoord>
					</edgeMap>
					<edgeMap>
					<xCoord>370</xCoord>
					<yCoord>183</yCoord>
					</edgeMap>
					<edgeMap>
					<xCoord>369</xCoord>
					<yCoord>183</yCoord>
					</edgeMap>
					<edgeMap>
					<xCoord>368</xCoord>
					<yCoord>183</yCoord>
					</edgeMap>
					<edgeMap>
					<xCoord>367</xCoord>
					<yCoord>182</yCoord>
					</edgeMap>
					<edgeMap>
					<xCoord>366</xCoord>
					<yCoord>181</yCoord>
					</edgeMap>
					<edgeMap>
					<xCoord>365</xCoord>
					<yCoord>181</yCoord>
					</edgeMap>
					<edgeMap>
					<xCoord>365</xCoord>
					<yCoord>180</yCoord>
					</edgeMap>
					<edgeMap>
					<xCoord>364</xCoord>
					<yCoord>179</yCoord>
					</edgeMap>
					<edgeMap>
					<xCoord>363</xCoord>
					<yCoord>178</yCoord>
					</edgeMap>
					<edgeMap>
					<xCoord>363</xCoord>
					<yCoord>177</yCoord>
					</edgeMap>
					<edgeMap>
					<xCoord>363</xCoord>
					<yCoord>176</yCoord>
					</edgeMap>
					<edgeMap>
					<xCoord>363</xCoord>
					<yCoord>175</yCoord>
					</edgeMap>
					<edgeMap>
					<xCoord>362</xCoord>
					<yCoord>174</yCoord>
					</edgeMap>
					<edgeMap>
					<xCoord>362</xCoord>
					<yCoord>173</yCoord>
					</edgeMap>
					<edgeMap>
					<xCoord>362</xCoord>
					<yCoord>172</yCoord>
					</edgeMap>
					<edgeMap>
					<xCoord>362</xCoord>
					<yCoord>171</yCoord>
					</edgeMap>
					<edgeMap>
					<xCoord>362</xCoord>
					<yCoord>170</yCoord>
					</edgeMap>
					<edgeMap>
					<xCoord>362</xCoord>
					<yCoord>169</yCoord>
					</edgeMap>
					<edgeMap>
					<xCoord>363</xCoord>
					<yCoord>169</yCoord>
					</edgeMap>
					<edgeMap>
					<xCoord>364</xCoord>
					<yCoord>169</yCoord>
					</edgeMap>
					<edgeMap>
					<xCoord>365</xCoord>
					<yCoord>169</yCoord>
					</edgeMap>
					<edgeMap>
					<xCoord>366</xCoord>
					<yCoord>170</yCoord>
					</edgeMap>
					<edgeMap>
					<xCoord>367</xCoord>
					<yCoord>169</yCoord>
					</edgeMap>
					<edgeMap>
					<xCoord>368</xCoord>
					<yCoord>169</yCoord>
					</edgeMap>
				</roi>
				<roi>
					<imageZposition>1525.0</imageZposition>
					<imageSOP_UID>1.3.6.1.4.1.14519.5.2.1.6279.6001.293793220379790328657835250502</imageSOP_UID>
					<inclusion>TRUE</inclusion>
					<edgeMap>
					<xCoord>369</xCoord>
					<yCoord>170</yCoord>
					</edgeMap>
					<edgeMap>
					<xCoord>369</xCoord>
					<yCoord>169</yCoord>
					</edgeMap>
					<edgeMap>
					<xCoord>370</xCoord>
					<yCoord>168</yCoord>
					</edgeMap>
					<edgeMap>
					<xCoord>370</xCoord>
					<yCoord>167</yCoord>
					</edgeMap>
					<edgeMap>
					<xCoord>371</xCoord>
					<yCoord>166</yCoord>
					</edgeMap>
					<edgeMap>
					<xCoord>372</xCoord>
					<yCoord>166</yCoord>
					</edgeMap>
					<edgeMap>
					<xCoord>373</xCoord>
					<yCoord>166</yCoord>
					</edgeMap>
					<edgeMap>
					<xCoord>374</xCoord>
					<yCoord>166</yCoord>
					</edgeMap>
					<edgeMap>
					<xCoord>375</xCoord>
					<yCoord>167</yCoord>
					</edgeMap>
					<edgeMap>
					<xCoord>375</xCoord>
					<yCoord>168</yCoord>
					</edgeMap>
					<edgeMap>
					<xCoord>376</xCoord>
					<yCoord>169</yCoord>
					</edgeMap>
					<edgeMap>
					<xCoord>376</xCoord>
					<yCoord>170</yCoord>
					</edgeMap>
					<edgeMap>
					<xCoord>376</xCoord>
					<yCoord>171</yCoord>
					</edgeMap>
					<edgeMap>
					<xCoord>377</xCoord>
					<yCoord>171</yCoord>
					</edgeMap>
					<edgeMap>
					<xCoord>377</xCoord>
					<yCoord>172</yCoord>
					</edgeMap>
					<edgeMap>
					<xCoord>377</xCoord>
					<yCoord>173</yCoord>
					</edgeMap>
					<edgeMap>
					<xCoord>376</xCoord>
					<yCoord>174</yCoord>
					</edgeMap>
					<edgeMap>
					<xCoord>376</xCoord>
					<yCoord>175</yCoord>
					</edgeMap>
					<edgeMap>
					<xCoord>375</xCoord>
					<yCoord>176</yCoord>
					</edgeMap>
					<edgeMap>
					<xCoord>375</xCoord>
					<yCoord>177</yCoord>
					</edgeMap>
					<edgeMap>
					<xCoord>374</xCoord>
					<yCoord>177</yCoord>
					</edgeMap>
					<edgeMap>
					<xCoord>374</xCoord>
					<yCoord>178</yCoord>
					</edgeMap>
					<edgeMap>
					<xCoord>374</xCoord>
					<yCoord>179</yCoord>
					</edgeMap>
					<edgeMap>
					<xCoord>374</xCoord>
					<yCoord>180</yCoord>
					</edgeMap>
					<edgeMap>
					<xCoord>374</xCoord>
					<yCoord>181</yCoord>
					</edgeMap>
					<edgeMap>
					<xCoord>373</xCoord>
					<yCoord>181</yCoord>
					</edgeMap>
					<edgeMap>
					<xCoord>372</xCoord>
					<yCoord>182</yCoord>
					</edgeMap>
					<edgeMap>
					<xCoord>371</xCoord>
					<yCoord>182</yCoord>
					</edgeMap>
					<edgeMap>
					<xCoord>370</xCoord>
					<yCoord>182</yCoord>
					</edgeMap>
					<edgeMap>
					<xCoord>369</xCoord>
					<yCoord>182</yCoord>
					</edgeMap>
					<edgeMap>
					<xCoord>368</xCoord>
					<yCoord>182</yCoord>
					</edgeMap>
					<edgeMap>
					<xCoord>367</xCoord>
					<yCoord>182</yCoord>
					</edgeMap>
					<edgeMap>
					<xCoord>366</xCoord>
					<yCoord>182</yCoord>
					</edgeMap>
					<edgeMap>
					<xCoord>365</xCoord>
					<yCoord>181</yCoord>
					</edgeMap>
					<edgeMap>
					<xCoord>364</xCoord>
					<yCoord>180</yCoord>
					</edgeMap>
					<edgeMap>
					<xCoord>364</xCoord>
					<yCoord>179</yCoord>
					</edgeMap>
					<edgeMap>
					<xCoord>364</xCoord>
					<yCoord>178</yCoord>
					</edgeMap>
					<edgeMap>
					<xCoord>364</xCoord>
					<yCoord>177</yCoord>
					</edgeMap>
					<edgeMap>
					<xCoord>364</xCoord>
					<yCoord>176</yCoord>
					</edgeMap>
					<edgeMap>
					<xCoord>364</xCoord>
					<yCoord>175</yCoord>
					</edgeMap>
					<edgeMap>
					<xCoord>364</xCoord>
					<yCoord>174</yCoord>
					</edgeMap>
					<edgeMap>
					<xCoord>364</xCoord>
					<yCoord>173</yCoord>
					</edgeMap>
					<edgeMap>
					<xCoord>364</xCoord>
					<yCoord>172</yCoord>
					</edgeMap>
					<edgeMap>
					<xCoord>364</xCoord>
					<yCoord>171</yCoord>
					</edgeMap>
					<edgeMap>
					<xCoord>364</xCoord>
					<yCoord>170</yCoord>
					</edgeMap>
					<edgeMap>
					<xCoord>365</xCoord>
					<yCoord>169</yCoord>
					</edgeMap>
					<edgeMap>
					<xCoord>366</xCoord>
					<yCoord>170</yCoord>
					</edgeMap>
					<edgeMap>
					<xCoord>367</xCoord>
					<yCoord>170</yCoord>
					</edgeMap>
					<edgeMap>
					<xCoord>368</xCoord>
					<yCoord>170</yCoord>
					</edgeMap>
					<edgeMap>
					<xCoord>369</xCoord>
					<yCoord>170</yCoord>
					</edgeMap>
				</roi>
			</unblindedReadNodule>
			<unblindedReadNodule>
				<noduleID>1</noduleID>
				<roi>
					<imageZposition>1465.0</imageZposition>
					<imageSOP_UID>1.3.6.1.4.1.14519.5.2.1.6279.6001.710461742658220371685683938404</imageSOP_UID>
					<inclusion>TRUE</inclusion>
					<edgeMap>
					<xCoord>136</xCoord>
					<yCoord>130</yCoord>
					</edgeMap>
				</roi>
			</unblindedReadNodule>
	</readingSession>
</LidcReadMessage>