<?xml version="1.0" encoding="UTF-8"?>
<LidcReadMessage uid="1.3.6.1.4.1.14519.5.2.1.6279.6001.1307390645773.0" xmlns="http://www.nih.gov" xmlns:xsi="http://www.w3.org/2001/XMLSchema-instance" xsi:schemaLocation="http://www.nih.gov       http://troll.rad.med.umich.edu/lidc/LidcReadMessage.xsd">
  <ResponseHeader>
    <Version>1.8</Version>
    <MessageId>UM1.3.6.1.4.1.9328.50.12.357923</MessageId>
    <DateRequest>2008-12-10</DateRequest>
    <TimeRequest>00:00:00</TimeRequest>
    <RequestingSite>removed</RequestingSite>
    <ServicingSite>removed</ServicingSite>
    <TaskDescription>Second unblinded read</TaskDescription>
    <CtImageFile>removed</CtImageFile>
    <SeriesInstanceUid>1.3.6.1.4.1.14519.5.2.1.6279.6001.295298571102631191572192562523</SeriesInstanceUid>
    <DateService>2008-12-10</DateService>
    <TimeService>00:00:00</TimeService>
    <ResponseDescription>1 - Reading complete</ResponseDescription>
  <StudyInstanceUID>1.3.6.1.4.1.14519.5.2.1.6279.6001.155422883755338970256390193392</StudyInstanceUID></ResponseHeader>
	<readingSession>
		<annotationVersion>3.12</annotationVersion>
		<servicingRadiologistID>anon</servicingRadiologistID>
			<unblindedReadNodule>
				<noduleID>0</noduleID>
				<characteristics>
					<subtlety>5</subtlety>
					<internalStructure>1</internalStructure>
					<calcification>3</calcification>
					<sphericity>5</sphericity>
					<margin>5</margin>
					<lobulation>1</lobulation>
					<spiculation>1</spiculation>
					<texture>5</texture>
					<malignancy>1</malignancy>
				</characteristics>
				<roi>
					<imageZposition>-224.25</imageZposition>
					<imageSOP_UID>1.3.6.1.4.1.14519.5.2.1.6279.6001.148836018267035136762954195733</imageSOP_UID>
					<inclusion>TRUE</inclusion>
					<edgeMap>
					<xCoord>116</xCoord>
					<yCoord>229</yCoord>
					</edgeMap>
					<edgeMap>
					<xCoord>116</xCoord>
					<yCoord>228</yCoord>
					</edgeMap>
					<edgeMap>
					<xCoord>117</xCoord>
					<yCoord>227</yCoord>
					</edgeMap>
					<edgeMap>
					<xCoord>118</xCoord>
					<yCoord>227</yCoord>
					</edgeMap>
					<edgeMap>
					<xCoord>119</xCoord>
					<yCoord>227</yCoord>
					</edgeMap>
					<edgeMap>
					<xCoord>120</xCoord>
					<yCoord>228</yCoord>
					</edgeMap>
					<edgeMap>
					<xCoord>121</xCoord>
					<yCoord>229</yCoord>
					</edgeMap>
					<edgeMap>
					<xCoord>121</xCoord>
					<yCoord>230</yCoord>
					</edgeMap>
					<edgeMap>
					<xCoord>121</xCoord>
					<yCoord>231</yCoord>
					</edgeMap>
					<edgeMap>
					<xCoord>120</xCoord>
					<yCoord>231</yCoord>
					</edgeMap>
					<edgeMap>
					<xCoord>119</xCoord>
					<yCoord>232</yCoord>
					</edgeMap>
					<edgeMap>
					<xCoord>118</xCoord>
					<yCoord>232</yCoord>
					</edgeMap>
					<edgeMap>
					<xCoord>117</xCoord>
					<yCoord>232</yCoord>
					</edgeMap>
					<edgeMap>
					<xCoord>117</xCoord>
					<yCoord>231</yCoord>
					</edgeMap>
					<edgeMap>
					<xCoord>116</xCoord>
					<yCoord>231</yCoord>
					</edgeMap>
					<edgeMap>
					<xCoord>116</xCoord>
					<yCoord>230</yCoord>
					</edgeMap>
					<edgeMap>
					<xCoord>116</xCoord>
					<yCoord>229</yCoord>
					</edgeMap>
				</roi>
				<roi>
					<imageZposition>-223.0</imageZposition>
					<imageSOP_UID>1.3.6.1.4.1.14519.5.2.1.6279.6001.891792706096716460811435733266</imageSOP_UID>
					<inclusion>TRUE</inclusion>
					<edgeMap>
					<xCoord>115</xCoord>
					<yCoord>230</yCoord>
					</edgeMap>
					<edgeMap>
					<xCoord>115</xCoord>
					<yCoord>229</yCoord>
					</edgeMap>
					<edgeMap>
					<xCoord>115</xCoord>
					<yCoord>228</yCoord>
					</edgeMap>
					<edgeMap>
					<xCoord>115</xCoord>
					<yCoord>227</yCoord>
					</edgeMap>
					<edgeMap>
					<xCoord>116</xCoord>
					<yCoord>226</yCoord>
					</edgeMap>
					<edgeMap>
					<xCoord>117</xCoord>
					<yCoord>226</yCoord>
					</edgeMap>
					<edgeMap>
					<xCoord>118</xCoord>
					<yCoord>226</yCoord>
					</edgeMap>
					<edgeMap>
					<xCoord>119</xCoord>
					<yCoord>226</yCoord>
					</edgeMap>
					<edgeMap>
					<xCoord>120</xCoord>
					<yCoord>226</yCoord>
					</edgeMap>
					<edgeMap>
					<xCoord>121</xCoord>
					<yCoord>227</yCoord>
					</edgeMap>
					<edgeMap>
					<xCoord>121</xCoord>
					<yCoord>228</yCoord>
					</edgeMap>
					<edgeMap>
					<xCoord>122</xCoord>
					<yCoord>229</yCoord>
					</edgeMap>
					<edgeMap>
					<xCoord>122</xCoord>
					<yCoord>230</yCoord>
					</edgeMap>
					<edgeMap>
					<xCoord>122</xCoord>
					<yCoord>231</yCoord>
					</edgeMap>
					<edgeMap>
					<xCoord>122</xCoord>
					<yCoord>232</yCoord>
					</edgeMap>
					<edgeMap>
					<xCoord>121</xCoord>
					<yCoord>233</yCoord>
					</edgeMap>
					<edgeMap>
					<xCoord>120</xCoord>
					<yCoord>233</yCoord>
					</edgeMap>
					<edgeMap>
					<xCoord>119</xCoord>
					<yCoord>233</yCoord>
					</edgeMap>
					<edgeMap>
					<xCoord>118</xCoord>
					<yCoord>233</yCoord>
					</edgeMap>
					<edgeMap>
					<xCoord>117</xCoord>
					<yCoord>232</yCoord>
					</edgeMap>
					<edgeMap>
					<xCoord>116</xCoord>
					<yCoord>232</yCoord>
					</edgeMap>
					<edgeMap>
					<xCoord>116</xCoord>
					<yCoord>231</yCoord>
					</edgeMap>
					<edgeMap>
					<xCoord>115</xCoord>
					<yCoord>230</yCoord>
					</edgeMap>
				</roi>
				<roi>
					<imageZposition>-221.75</imageZposition>
					<imageSOP_UID>1.3.6.1.4.1.14519.5.2.1.6279.6001.209730560601239951039946800074</imageSOP_UID>
					<inclusion>TRUE</inclusion>
					<edgeMap>
					<xCoord>115</xCoord>
					<yCoord>231</yCoord>
					</edgeMap>
					<edgeMap>
					<xCoord>115</xCoord>
					<yCoord>230</yCoord>
					</edgeMap>
					<edgeMap>
					<xCoord>115</xCoord>
					<yCoord>229</yCoord>
					</edgeMap>
					<edgeMap>
					<xCoord>115</xCoord>
					<yCoord>228</yCoord>
					</edgeMap>
					<edgeMap>
					<xCoord>114</xCoord>
					<yCoord>227</yCoord>
					</edgeMap>
					<edgeMap>
					<xCoord>115</xCoord>
					<yCoord>226</yCoord>
					</edgeMap>
					<edgeMap>
					<xCoord>116</xCoord>
					<yCoord>225</yCoord>
					</edgeMap>
					<edgeMap>
					<xCoord>117</xCoord>
					<yCoord>225</yCoord>
					</edgeMap>
					<edgeMap>
					<xCoord>118</xCoord>
					<yCoord>225</yCoord>
					</edgeMap>
					<edgeMap>
					<xCoord>119</xCoord>
					<yCoord>225</yCoord>
					</edgeMap>
					<edgeMap>
					<xCoord>120</xCoord>
					<yCoord>225</yCoord>
					</edgeMap>
					<edgeMap>
					<xCoord>120</xCoord>
					<yCoord>226</yCoord>
					</edgeMap>
					<edgeMap>
					<xCoord>121</xCoord>
					<yCoord>226</yCoord>
					</edgeMap>
					<edgeMap>
					<xCoord>121</xCoord>
					<yCoord>227</yCoord>
					</edgeMap>
					<edgeMap>
					<xCoord>122</xCoord>
					<yCoord>227</yCoord>
					</edgeMap>
					<edgeMap>
					<xCoord>123</xCoord>
					<yCoord>228</yCoord>
					</edgeMap>
					<edgeMap>
					<xCoord>123</xCoord>
					<yCoord>229</yCoord>
					</edgeMap>
					<edgeMap>
					<xCoord>123</xCoord>
					<yCoord>230</yCoord>
					</edgeMap>
					<edgeMap>
					<xCoord>123</xCoord>
					<yCoord>231</yCoord>
					</edgeMap>
					<edgeMap>
					<xCoord>123</xCoord>
					<yCoord>232</yCoord>
					</edgeMap>
					<edgeMap>
					<xCoord>122</xCoord>
					<yCoord>233</yCoord>
					</edgeMap>
					<edgeMap>
					<xCoord>121</xCoord>
					<yCoord>233</yCoord>
					</edgeMap>
					<edgeMap>
					<xCoord>121</xCoord>
					<yCoord>234</yCoord>
					</edgeMap>
					<edgeMap>
					<xCoord>120</xCoord>
					<yCoord>234</yCoord>
					</edgeMap>
					<edgeMap>
					<xCoord>119</xCoord>
					<yCoord>234</yCoord>
					</edgeMap>
					<edgeMap>
					<xCoord>118</xCoord>
					<yCoord>234</yCoord>
					</edgeMap>
					<edgeMap>
					<xCoord>117</xCoord>
					<yCoord>233</yCoord>
					</edgeMap>
					<edgeMap>
					<xCoord>117</xCoord>
					<yCoord>232</yCoord>
					</edgeMap>
					<edgeMap>
					<xCoord>116</xCoord>
					<yCoord>232</yCoord>
					</edgeMap>
					<edgeMap>
					<xCoord>115</xCoord>
					<yCoord>231</yCoord>
					</edgeMap>
				</roi>
				<roi>
					<imageZposition>-220.5</imageZposition>
					<imageSOP_UID>1.3.6.1.4.1.14519.5.2.1.6279.6001.250243163764440028324004042236</imageSOP_UID>
					<inclusion>TRUE</inclusion>
					<edgeMap>
					<xCoord>114</xCoord>
					<yCoord>228</yCoord>
					</edgeMap>
					<edgeMap>
					<xCoord>114</xCoord>
					<yCoord>227</yCoord>
					</edgeMap>
					<edgeMap>
					<xCoord>114</xCoord>
					<yCoord>226</yCoord>
					</edgeMap>
					<edgeMap>
					<xCoord>115</xCoord>
					<yCoord>226</yCoord>
					</edgeMap>
					<edgeMap>
					<xCoord>115</xCoord>
					<yCoord>225</yCoord>
					</edgeMap>
					<edgeMap>
					<xCoord>116</xCoord>
					<yCoord>225</yCoord>
					</edgeMap>
					<edgeMap>
					<xCoord>117</xCoord>
					<yCoord>225</yCoord>
					</edgeMap>
					<edgeMap>
					<xCoord>118</xCoord>
					<yCoord>225</yCoord>
					</edgeMap>
					<edgeMap>
					<xCoord>119</xCoord>
					<yCoord>225</yCoord>
					</edgeMap>
					<edgeMap>
					<xCoord>120</xCoord>
					<yCoord>225</yCoord>
					</edgeMap>
					<edgeMap>
					<xCoord>120</xCoord>
					<yCoord>226</yCoord>
					</edgeMap>
					<edgeMap>
					<xCoord>121</xCoord>
					<yCoord>227</yCoord>
					</edgeMap>
					<edgeMap>
					<xCoord>122</xCoord>
					<yCoord>228</yCoord>
					</edgeMap>
					<edgeMap>
					<xCoord>122</xCoord>
					<yCoord>229</yCoord>
					</edgeMap>
					<edgeMap>
					<xCoord>122</xCoord>
					<yCoord>230</yCoord>
					</edgeMap>
					<edgeMap>
					<xCoord>122</xCoord>
					<yCoord>231</yCoord>
					</edgeMap>
					<edgeMap>
					<xCoord>123</xCoord>
					<yCoord>231</yCoord>
					</edgeMap>
					<edgeMap>
					<xCoord>122</xCoord>
					<yCoord>232</yCoord>
					</edgeMap>
					<edgeMap>
					<xCoord>121</xCoord>
					<yCoord>233</yCoord>
					</edgeMap>
					<edgeMap>
					<xCoord>120</xCoord>
					<yCoord>234</yCoord>
					</edgeMap>
					<edgeMap>
					<xCoord>119</xCoord>
					<yCoord>234</yCoord>
					</edgeMap>
					<edgeMap>
					<xCoord>118</xCoord>
					<yCoord>234</yCoord>
					</edgeMap>
					<edgeMap>
					<xCoord>117</xCoord>
					<yCoord>233</yCoord>
					</edgeMap>
					<edgeMap>
					<xCoord>116</xCoord>
					<yCoord>233</yCoord>
					</edgeMap>
					<edgeMap>
					<xCoord>116</xCoord>
					<yCoord>232</yCoord>
					</edgeMap>
					<edgeMap>
					<xCoord>115</xCoord>
					<yCoord>232</yCoord>
					</edgeMap>
					<edgeMap>
					<xCoord>115</xCoord>
					<yCoord>231</yCoord>
					</edgeMap>
					<edgeMap>
					<xCoord>115</xCoord>
					<yCoord>230</yCoord>
					</edgeMap>
					<edgeMap>
					<xCoord>115</xCoord>
					<yCoord>229</yCoord>
					</edgeMap>
					<edgeMap>
					<xCoord>114</xCoord>
					<yCoord>228</yCoord>
					</edgeMap>
				</roi>
				<roi>
					<imageZposition>-219.25</imageZposition>
					<imageSOP_UID>1.3.6.1.4.1.14519.5.2.1.6279.6001.251756274811844760086005804796</imageSOP_UID>
					<inclusion>TRUE</inclusion>
					<edgeMap>
					<xCoord>116</xCoord>
					<yCoord>228</yCoord>
					</edgeMap>
					<edgeMap>
					<xCoord>116</xCoord>
					<yCoord>227</yCoord>
					</edgeMap>
					<edgeMap>
					<xCoord>116</xCoord>
					<yCoord>226</yCoord>
					</edgeMap>
					<edgeMap>
					<xCoord>117</xCoord>
					<yCoord>226</yCoord>
					</edgeMap>
					<edgeMap>
					<xCoord>118</xCoord>
					<yCoord>226</yCoord>
					</edgeMap>
					<edgeMap>
					<xCoord>119</xCoord>
					<yCoord>226</yCoord>
					</edgeMap>
					<edgeMap>
					<xCoord>120</xCoord>
					<yCoord>227</yCoord>
					</edgeMap>
					<edgeMap>
					<xCoord>120</xCoord>
					<yCoord>228</yCoord>
					</edgeMap>
					<edgeMap>
					<xCoord>121</xCoord>
					<yCoord>229</yCoord>
					</edgeMap>
					<edgeMap>
					<xCoord>121</xCoord>
					<yCoord>230</yCoord>
					</edgeMap>
					<edgeMap>
					<xCoord>121</xCoord>
					<yCoord>231</yCoord>
					</edgeMap>
					<edgeMap>
					<xCoord>121</xCoord>
					<yCoord>232</yCoord>
					</edgeMap>
					<edgeMap>
					<xCoord>121</xCoord>
					<yCoord>233</yCoord>
					</edgeMap>
					<edgeMap>
					<xCoord>120</xCoord>
					<yCoord>233</yCoord>
					</edgeMap>
					<edgeMap>
					<xCoord>119</xCoord>
					<yCoord>234</yCoord>
					</edgeMap>
					<edgeMap>
					<xCoord>118</xCoord>
					<yCoord>233</yCoord>
					</edgeMap>
					<edgeMap>
					<xCoord>117</xCoord>
					<yCoord>233</yCoord>
					</edgeMap>
					<edgeMap>
					<xCoord>117</xCoord>
					<yCoord>232</yCoord>
					</edgeMap>
					<edgeMap>
					<xCoord>116</xCoord>
					<yCoord>231</yCoord>
					</edgeMap>
					<edgeMap>
					<xCoord>116</xCoord>
					<yCoord>230</yCoord>
					</edgeMap>
					<edgeMap>
					<xCoord>116</xCoord>
					<yCoord>229</yCoord>
					</edgeMap>
					<edgeMap>
					<xCoord>116</xCoord>
					<yCoord>228</yCoord>
					</edgeMap>
				</roi>
			</unblindedReadNodule>
			<unblindedReadNodule>
				<noduleID>1</noduleID>
				<roi>
					<imageZposition>-206.75</imageZposition>
					<imageSOP_UID>1.3.6.1.4.1.14519.5.2.1.6279.6001.187147764778928371350854063433</imageSOP_UID>
					<inclusion>TRUE</inclusion>
					<edgeMap>
					<xCoord>126</xCoord>
					<yCoord>210</yCoord>
					</edgeMap>
				</roi>
			</unblindedReadNodule>
			<unblindedReadNodule>
				<noduleID>2</noduleID>
				<roi>
					<imageZposition>-165.5</imageZposition>
					<imageSOP_UID>1.3.6.1.4.1.14519.5.2.1.6279.6001.119276836965907245120864539490</imageSOP_UID>
					<inclusion>TRUE</inclusion>
					<edgeMap>
					<xCoord>392</xCoord>
					<yCoord>241</yCoord>
					</edgeMap>
				</roi>
			</unblindedReadNodule>
			<unblindedReadNodule>
				<noduleID>3</noduleID>
				<roi>
					<imageZposition>-141.75</imageZposition>
					<imageSOP_UID>1.3.6.1.4.1.14519.5.2.1.6279.6001.163268636367470801664353053632</imageSOP_UID>
					<inclusion>TRUE</inclusion>
					<edgeMap>
					<xCoord>410</xCoord>
					<yCoord>285</yCoord>
					</edgeMap>
				</roi>
			</unblindedReadNodule>
			<nonNodule>
				<nonNoduleID>4</nonNoduleID>
				<imageZposition>-281.75</imageZposition>
				<imageSOP_UID>1.3.6.1.4.1.14519.5.2.1.6279.6001.275240749005212156655856598746</imageSOP_UID>
				<locus>
					<xCoord>111</xCoord>
					<yCoord>335</yCoord>
				</locus>
			</nonNodule>
			<nonNodule>
				<nonNoduleID>5</nonNoduleID>
				<imageZposition>-239.25</imageZposition>
				<imageSOP_UID>1.3.6.1.4.1.14519.5.2.1.6279.6001.297974206343528165960075893381</imageSOP_UID>
				<locus>
					<xCoord>395</xCoord>
					<yCoord>356</yCoord>
				</locus>
			</nonNodule>
			<nonNodule>
				<nonNoduleID>6</nonNoduleID>
				<imageZposition>-103.0</imageZposition>
				<imageSOP_UID>1.3.6.1.4.1.14519.5.2.1.6279.6001.931384994333086381256944975747</imageSOP_UID>
				<locus>
					<xCoord>318</xCoord>
					<yCoord>241</yCoord>
				</locus>
			</nonNodule>
			<nonNodule>
				<nonNoduleID>7</nonNoduleID>
				<imageZposition>-83.0</imageZposition>
				<imageSOP_UID>1.3.6.1.4.1.14519.5.2.1.6279.6001.149045148435211144678085681862</imageSOP_UID>
				<locus>
					<xCoord>330</xCoord>
					<yCoord>262</yCoord>
				</locus>
			</nonNodule>
			<nonNodule>
				<nonNoduleID>8</nonNoduleID>
				<imageZposition>-54.25</imageZposition>
				<imageSOP_UID>1.3.6.1.4.1.14519.5.2.1.6279.6001.109674659396405601582073134024</imageSOP_UID>
				<locus>
					<xCoord>233</xCoord>
					<yCoord>265</yCoord>
				</locus>
			</nonNodule>
	</readingSession>
  <readingSession>
    <annotationVersion>3.12</annotationVersion>
    <servicingRadiologistID>anon</servicingRadiologistID>
    <unblindedReadNodule>
      <noduleID>160474</noduleID>
      <characteristics>
        <subtlety>3</subtlety>
        <internalStructure>1</internalStructure>
        <calcification>3</calcification>
        <sphericity>3</sphericity>
        <margin>5</margin>
        <lobulation>1</lobulation>
        <spiculation>1</spiculation>
        <texture>5</texture>
        <malignancy>1</malignancy>
      </characteristics>
      <roi>
        <imageZposition>-223.0</imageZposition>
        <imageSOP_UID>1.3.6.1.4.1.14519.5.2.1.6279.6001.891792706096716460811435733266</imageSOP_UID>
        <inclusion>TRUE</inclusion>
        <edgeMap>
          <xCoord>120</xCoord>
          <yCoord>233</yCoord>
        </edgeMap>
        <edgeMap>
          <xCoord>121</xCoord>
          <yCoord>232</yCoord>
        </edgeMap>
        <edgeMap>
          <xCoord>122</xCoord>
          <yCoord>231</yCoord>
        </edgeMap>
        <edgeMap>
          <xCoord>123</xCoord>
          <yCoord>230</yCoord>
        </edgeMap>
        <edgeMap>
          <xCoord>122</xCoord>
          <yCoord>229</yCoord>
        </edgeMap>
        <edgeMap>
          <xCoord>121</xCoord>
          <yCoord>228</yCoord>
        </edgeMap>
        <edgeMap>
          <xCoord>121</xCoord>
          <yCoord>227</yCoord>
        </edgeMap>
        <edgeMap>
          <xCoord>120</xCoord>
          <yCoord>226</yCoord>
        </edgeMap>
        <edgeMap>
          <xCoord>119</xCoord>
          <yCoord>225</yCoord>
        </edgeMap>
        <edgeMap>
          <xCoord>118</xCoord>
          <yCoord>225</yCoord>
        </edgeMap>
        <edgeMap>
          <xCoord>117</xCoord>
          <yCoord>226</yCoord>
        </edgeMap>
        <edgeMap>
          <xCoord>116</xCoord>
          <yCoord>227</yCoord>
        </edgeMap>
        <edgeMap>
          <xCoord>115</xCoord>
          <yCoord>228</yCoord>
        </edgeMap>
        <edgeMap>
          <xCoord>115</xCoord>
          <yCoord>229</yCoord>
        </edgeMap>
        <edgeMap>
          <xCoord>115</xCoord>
          <yCoord>230</yCoord>
        </edgeMap>
        <edgeMap>
          <xCoord>116</xCoord>
          <yCoord>231</yCoord>
        </edgeMap>
        <edgeMap>
          <xCoord>117</xCoord>
          <yCoord>232</yCoord>
        </edgeMap>
        <edgeMap>
          <xCoord>118</xCoord>
          <yCoord>233</yCoord>
        </edgeMap>
        <edgeMap>
          <xCoord>119</xCoord>
          <yCoord>233</yCoord>
        </edgeMap>
        <edgeMap>
          <xCoord>120</xCoord>
          <yCoord>233</yCoord>
        </edgeMap>
      </roi>
      <roi>
        <imageZposition>-221.75</imageZposition>
        <imageSOP_UID>1.3.6.1.4.1.14519.5.2.1.6279.6001.209730560601239951039946800074</imageSOP_UID>
        <inclusion>TRUE</inclusion>
        <edgeMap>
          <xCoord>121</xCoord>
          <yCoord>234</yCoord>
        </edgeMap>
        <edgeMap>
          <xCoord>122</xCoord>
          <yCoord>233</yCoord>
        </edgeMap>
        <edgeMap>
          <xCoord>123</xCoord>
          <yCoord>232</yCoord>
        </edgeMap>
        <edgeMap>
          <xCoord>123</xCoord>
          <yCoord>231</yCoord>
        </edgeMap>
        <edgeMap>
          <xCoord>123</xCoord>
          <yCoord>230</yCoord>
        </edgeMap>
        <edgeMap>
          <xCoord>123</xCoord>
          <yCoord>229</yCoord>
        </edgeMap>
        <edgeMap>
          <xCoord>122</xCoord>
          <yCoord>228</yCoord>
        </edgeMap>
        <edgeMap>
          <xCoord>122</xCoord>
          <yCoord>227</yCoord>
        </edgeMap>
        <edgeMap>
          <xCoord>121</xCoord>
          <yCoord>226</yCoord>
        </edgeMap>
        <edgeMap>
          <xCoord>120</xCoord>
          <yCoord>225</yCoord>
        </edgeMap>
        <edgeMap>
          <xCoord>119</xCoord>
          <yCoord>225</yCoord>
        </edgeMap>
        <edgeMap>
          <xCoord>118</xCoord>
          <yCoord>224</yCoord>
        </edgeMap>
        <edgeMap>
          <xCoord>117</xCoord>
          <yCoord>224</yCoord>
        </edgeMap>
        <edgeMap>
          <xCoord>116</xCoord>
          <yCoord>225</yCoord>
        </edgeMap>
        <edgeMap>
          <xCoord>115</xCoord>
          <yCoord>226</yCoord>
        </edgeMap>
        <edgeMap>
          <xCoord>114</xCoord>
          <yCoord>227</yCoord>
        </edgeMap>
        <edgeMap>
          <xCoord>114</xCoord>
          <yCoord>228</yCoord>
        </edgeMap>
        <edgeMap>
          <xCoord>114</xCoord>
          <yCoord>229</yCoord>
        </edgeMap>
        <edgeMap>
          <xCoord>115</xCoord>
          <yCoord>230</yCoord>
        </edgeMap>
        <edgeMap>
          <xCoord>115</xCoord>
          <yCoord>231</yCoord>
        </edgeMap>
        <edgeMap>
          <xCoord>116</xCoord>
          <yCoord>232</yCoord>
        </edgeMap>
        <edgeMap>
          <xCoord>117</xCoord>
          <yCoord>233</yCoord>
        </edgeMap>
        <edgeMap>
          <xCoord>118</xCoord>
          <yCoord>234</yCoord>
        </edgeMap>
        <edgeMap>
          <xCoord>119</xCoord>
          <yCoord>234</yCoord>
        </edgeMap>
        <edgeMap>
          <xCoord>120</xCoord>
          <yCoord>234</yCoord>
        </edgeMap>
        <edgeMap>
          <xCoord>121</xCoord>
          <yCoord>234</yCoord>
        </edgeMap>
      </roi>
      <roi>
        <imageZposition>-220.5</imageZposition>
        <imageSOP_UID>1.3.6.1.4.1.14519.5.2.1.6279.6001.250243163764440028324004042236</imageSOP_UID>
        <inclusion>TRUE</inclusion>
        <edgeMap>
          <xCoord>120</xCoord>
          <yCoord>234</yCoord>
        </edgeMap>
        <edgeMap>
          <xCoord>121</xCoord>
          <yCoord>233</yCoord>
        </edgeMap>
        <edgeMap>
          <xCoord>122</xCoord>
          <yCoord>232</yCoord>
        </edgeMap>
        <edgeMap>
          <xCoord>123</xCoord>
          <yCoord>231</yCoord>
        </edgeMap>
        <edgeMap>
          <xCoord>123</xCoord>
          <yCoord>230</yCoord>
        </edgeMap>
        <edgeMap>
          <xCoord>122</xCoord>
          <yCoord>229</yCoord>
        </edgeMap>
        <edgeMap>
          <xCoord>122</xCoord>
          <yCoord>228</yCoord>
        </edgeMap>
        <edgeMap>
          <xCoord>121</xCoord>
          <yCoord>227</yCoord>
        </edgeMap>
        <edgeMap>
          <xCoord>120</xCoord>
          <yCoord>226</yCoord>
        </edgeMap>
        <edgeMap>
          <xCoord>119</xCoord>
          <yCoord>225</yCoord>
        </edgeMap>
        <edgeMap>
          <xCoord>118</xCoord>
          <yCoord>225</yCoord>
        </edgeMap>
        <edgeMap>
          <xCoord>117</xCoord>
          <yCoord>225</yCoord>
        </edgeMap>
        <edgeMap>
          <xCoord>116</xCoord>
          <yCoord>225</yCoord>
        </edgeMap>
        <edgeMap>
          <xCoord>115</xCoord>
          <yCoord>226</yCoord>
        </edgeMap>
        <edgeMap>
          <xCoord>114</xCoord>
          <yCoord>227</yCoord>
        </edgeMap>
        <edgeMap>
          <xCoord>114</xCoord>
          <yCoord>228</yCoord>
        </edgeMap>
        <edgeMap>
          <xCoord>114</xCoord>
          <yCoord>229</yCoord>
        </edgeMap>
        <edgeMap>
          <xCoord>114</xCoord>
          <yCoord>230</yCoord>
        </edgeMap>
        <edgeMap>
          <xCoord>115</xCoord>
          <yCoord>231</yCoord>
        </edgeMap>
        <edgeMap>
          <xCoord>116</xCoord>
          <yCoord>232</yCoord>
        </edgeMap>
        <edgeMap>
          <xCoord>117</xCoord>
          <yCoord>233</yCoord>
        </edgeMap>
        <edgeMap>
          <xCoord>118</xCoord>
          <yCoord>234</yCoord>
        </edgeMap>
        <edgeMap>
          <xCoord>119</xCoord>
          <yCoord>234</yCoord>
        </edgeMap>
        <edgeMap>
          <xCoord>120</xCoord>
          <yCoord>234</yCoord>
        </edgeMap>
      </roi>
      <roi>
        <imageZposition>-219.25</imageZposition>
        <imageSOP_UID>1.3.6.1.4.1.14519.5.2.1.6279.6001.251756274811844760086005804796</imageSOP_UID>
        <inclusion>TRUE</inclusion>
        <edgeMap>
          <xCoord>119</xCoord>
          <yCoord>233</yCoord>
        </edgeMap>
        <edgeMap>
          <xCoord>120</xCoord>
          <yCoord>232</yCoord>
        </edgeMap>
        <edgeMap>
          <xCoord>121</xCoord>
          <yCoord>231</yCoord>
        </edgeMap>
        <edgeMap>
          <xCoord>122</xCoord>
          <yCoord>230</yCoord>
        </edgeMap>
        <edgeMap>
          <xCoord>121</xCoord>
          <yCoord>229</yCoord>
        </edgeMap>
        <edgeMap>
          <xCoord>120</xCoord>
          <yCoord>228</yCoord>
        </edgeMap>
        <edgeMap>
          <xCoord>119</xCoord>
          <yCoord>227</yCoord>
        </edgeMap>
        <edgeMap>
          <xCoord>118</xCoord>
          <yCoord>227</yCoord>
        </edgeMap>
        <edgeMap>
          <xCoord>117</xCoord>
          <yCoord>228</yCoord>
        </edgeMap>
        <edgeMap>
          <xCoord>116</xCoord>
          <yCoord>229</yCoord>
        </edgeMap>
        <edgeMap>
          <xCoord>116</xCoord>
          <yCoord>230</yCoord>
        </edgeMap>
        <edgeMap>
          <xCoord>116</xCoord>
          <yCoord>231</yCoord>
        </edgeMap>
        <edgeMap>
          <xCoord>117</xCoord>
          <yCoord>232</yCoord>
        </edgeMap>
        <edgeMap>
          <xCoord>118</xCoord>
          <yCoord>233</yCoord>
        </edgeMap>
        <edgeMap>
          <xCoord>119</xCoord>
          <yCoord>233</yCoord>
        </edgeMap>
      </roi>
    </unblindedReadNodule>
    <unblindedReadNodule>
      <noduleID>161759</noduleID>
      <characteristics>
        <subtlety>2</subtlety>
        <internalStructure>1</internalStructure>
        <calcification>6</calcification>
        <sphericity>3</sphericity>
        <margin>5</margin>
        <lobulation>3</lobulation>
        <spiculation>1</spiculation>
        <texture>4</texture>
        <malignancy>3</malignancy>
      </characteristics>
      <roi>
        <imageZposition>-170.5</imageZposition>
        <imageSOP_UID>1.3.6.1.4.1.14519.5.2.1.6279.6001.883944087148093870495268173711</imageSOP_UID>
        <inclusion>TRUE</inclusion>
        <edgeMap>
          <xCoord>391</xCoord>
          <yCoord>244</yCoord>
        </edgeMap>
        <edgeMap>
          <xCoord>392</xCoord>
          <yCoord>243</yCoord>
        </edgeMap>
        <edgeMap>
          <xCoord>393</xCoord>
          <yCoord>243</yCoord>
        </edgeMap>
        <edgeMap>
          <xCoord>394</xCoord>
          <yCoord>242</yCoord>
        </edgeMap>
        <edgeMap>
          <xCoord>394</xCoord>
          <yCoord>241</yCoord>
        </edgeMap>
        <edgeMap>
          <xCoord>395</xCoord>
          <yCoord>240</yCoord>
        </edgeMap>
        <edgeMap>
          <xCoord>394</xCoord>
          <yCoord>239</yCoord>
        </edgeMap>
        <edgeMap>
          <xCoord>393</xCoord>
          <yCoord>239</yCoord>
        </edgeMap>
        <edgeMap>
          <xCoord>392</xCoord>
          <yCoord>240</yCoord>
        </edgeMap>
        <edgeMap>
          <xCoord>391</xCoord>
          <yCoord>241</yCoord>
        </edgeMap>
        <edgeMap>
          <xCoord>390</xCoord>
          <yCoord>242</yCoord>
        </edgeMap>
        <edgeMap>
          <xCoord>390</xCoord>
          <yCoord>243</yCoord>
        </edgeMap>
        <edgeMap>
          <xCoord>391</xCoord>
          <yCoord>244</yCoord>
        </edgeMap>
      </roi>
      <roi>
        <imageZposition>-169.25</imageZposition>
        <imageSOP_UID>1.3.6.1.4.1.14519.5.2.1.6279.6001.283818483643632323597425883545</imageSOP_UID>
        <inclusion>TRUE</inclusion>
        <edgeMap>
          <xCoord>392</xCoord>
          <yCoord>245</yCoord>
        </edgeMap>
        <edgeMap>
          <xCoord>393</xCoord>
          <yCoord>244</yCoord>
        </edgeMap>
        <edgeMap>
          <xCoord>394</xCoord>
          <yCoord>243</yCoord>
        </edgeMap>
        <edgeMap>
          <xCoord>394</xCoord>
          <yCoord>242</yCoord>
        </edgeMap>
        <edgeMap>
          <xCoord>395</xCoord>
          <yCoord>241</yCoord>
        </edgeMap>
        <edgeMap>
          <xCoord>395</xCoord>
          <yCoord>240</yCoord>
        </edgeMap>
        <edgeMap>
          <xCoord>394</xCoord>
          <yCoord>239</yCoord>
        </edgeMap>
        <edgeMap>
          <xCoord>393</xCoord>
          <yCoord>240</yCoord>
        </edgeMap>
        <edgeMap>
          <xCoord>392</xCoord>
          <yCoord>240</yCoord>
        </edgeMap>
        <edgeMap>
          <xCoord>391</xCoord>
          <yCoord>240</yCoord>
        </edgeMap>
        <edgeMap>
          <xCoord>390</xCoord>
          <yCoord>241</yCoord>
        </edgeMap>
        <edgeMap>
          <xCoord>389</xCoord>
          <yCoord>242</yCoord>
        </edgeMap>
        <edgeMap>
          <xCoord>390</xCoord>
          <yCoord>243</yCoord>
        </edgeMap>
        <edgeMap>
          <xCoord>391</xCoord>
          <yCoord>244</yCoord>
        </edgeMap>
        <edgeMap>
          <xCoord>392</xCoord>
          <yCoord>245</yCoord>
        </edgeMap>
      </roi>
      <roi>
        <imageZposition>-168.0</imageZposition>
        <imageSOP_UID>1.3.6.1.4.1.14519.5.2.1.6279.6001.924883431932624610652105402520</imageSOP_UID>
        <inclusion>TRUE</inclusion>
        <edgeMap>
          <xCoord>394</xCoord>
          <yCoord>246</yCoord>
        </edgeMap>
        <edgeMap>
          <xCoord>395</xCoord>
          <yCoord>245</yCoord>
        </edgeMap>
        <edgeMap>
          <xCoord>395</xCoord>
          <yCoord>244</yCoord>
        </edgeMap>
        <edgeMap>
          <xCoord>395</xCoord>
          <yCoord>243</yCoord>
        </edgeMap>
        <edgeMap>
          <xCoord>395</xCoord>
          <yCoord>242</yCoord>
        </edgeMap>
        <edgeMap>
          <xCoord>395</xCoord>
          <yCoord>241</yCoord>
        </edgeMap>
        <edgeMap>
          <xCoord>396</xCoord>
          <yCoord>240</yCoord>
        </edgeMap>
        <edgeMap>
          <xCoord>395</xCoord>
          <yCoord>239</yCoord>
        </edgeMap>
        <edgeMap>
          <xCoord>394</xCoord>
          <yCoord>240</yCoord>
        </edgeMap>
        <edgeMap>
          <xCoord>393</xCoord>
          <yCoord>240</yCoord>
        </edgeMap>
        <edgeMap>
          <xCoord>392</xCoord>
          <yCoord>239</yCoord>
        </edgeMap>
        <edgeMap>
          <xCoord>391</xCoord>
          <yCoord>239</yCoord>
        </edgeMap>
        <edgeMap>
          <xCoord>390</xCoord>
          <yCoord>239</yCoord>
        </edgeMap>
        <edgeMap>
          <xCoord>389</xCoord>
          <yCoord>239</yCoord>
        </edgeMap>
        <edgeMap>
          <xCoord>388</xCoord>
          <yCoord>240</yCoord>
        </edgeMap>
        <edgeMap>
          <xCoord>388</xCoord>
          <yCoord>241</yCoord>
        </edgeMap>
        <edgeMap>
          <xCoord>388</xCoord>
          <yCoord>242</yCoord>
        </edgeMap>
        <edgeMap>
          <xCoord>388</xCoord>
          <yCoord>243</yCoord>
        </edgeMap>
        <edgeMap>
          <xCoord>389</xCoord>
          <yCoord>244</yCoord>
        </edgeMap>
        <edgeMap>
          <xCoord>390</xCoord>
          <yCoord>245</yCoord>
        </edgeMap>
        <edgeMap>
          <xCoord>391</xCoord>
          <yCoord>246</yCoord>
        </edgeMap>
        <edgeMap>
          <xCoord>392</xCoord>
          <yCoord>246</yCoord>
        </edgeMap>
        <edgeMap>
          <xCoord>393</xCoord>
          <yCoord>246</yCoord>
        </edgeMap>
        <edgeMap>
          <xCoord>394</xCoord>
          <yCoord>246</yCoord>
        </edgeMap>
      </roi>
      <roi>
        <imageZposition>-166.75</imageZposition>
        <imageSOP_UID>1.3.6.1.4.1.14519.5.2.1.6279.6001.204052564396698184023063634133</imageSOP_UID>
        <inclusion>TRUE</inclusion>
        <edgeMap>
          <xCoord>391</xCoord>
          <yCoord>248</yCoord>
        </edgeMap>
        <edgeMap>
          <xCoord>392</xCoord>
          <yCoord>247</yCoord>
        </edgeMap>
        <edgeMap>
          <xCoord>393</xCoord>
          <yCoord>247</yCoord>
        </edgeMap>
        <edgeMap>
          <xCoord>394</xCoord>
          <yCoord>246</yCoord>
        </edgeMap>
        <edgeMap>
          <xCoord>395</xCoord>
          <yCoord>245</yCoord>
        </edgeMap>
        <edgeMap>
          <xCoord>395</xCoord>
          <yCoord>244</yCoord>
        </edgeMap>
        <edgeMap>
          <xCoord>396</xCoord>
          <yCoord>243</yCoord>
        </edgeMap>
        <edgeMap>
          <xCoord>396</xCoord>
          <yCoord>242</yCoord>
        </edgeMap>
        <edgeMap>
          <xCoord>396</xCoord>
          <yCoord>241</yCoord>
        </edgeMap>
        <edgeMap>
          <xCoord>395</xCoord>
          <yCoord>240</yCoord>
        </edgeMap>
        <edgeMap>
          <xCoord>394</xCoord>
          <yCoord>240</yCoord>
        </edgeMap>
        <edgeMap>
          <xCoord>393</xCoord>
          <yCoord>240</yCoord>
        </edgeMap>
        <edgeMap>
          <xCoord>392</xCoord>
          <yCoord>239</yCoord>
        </edgeMap>
        <edgeMap>
          <xCoord>391</xCoord>
          <yCoord>239</yCoord>
        </edgeMap>
        <edgeMap>
          <xCoord>390</xCoord>
          <yCoord>238</yCoord>
        </edgeMap>
        <edgeMap>
          <xCoord>389</xCoord>
          <yCoord>238</yCoord>
        </edgeMap>
        <edgeMap>
          <xCoord>388</xCoord>
          <yCoord>238</yCoord>
        </edgeMap>
        <edgeMap>
          <xCoord>387</xCoord>
          <yCoord>239</yCoord>
        </edgeMap>
        <edgeMap>
          <xCoord>387</xCoord>
          <yCoord>240</yCoord>
        </edgeMap>
        <edgeMap>
          <xCoord>387</xCoord>
          <yCoord>241</yCoord>
        </edgeMap>
        <edgeMap>
          <xCoord>387</xCoord>
          <yCoord>242</yCoord>
        </edgeMap>
        <edgeMap>
          <xCoord>387</xCoord>
          <yCoord>243</yCoord>
        </edgeMap>
        <edgeMap>
          <xCoord>388</xCoord>
          <yCoord>244</yCoord>
        </edgeMap>
        <edgeMap>
          <xCoord>389</xCoord>
          <yCoord>245</yCoord>
        </edgeMap>
        <edgeMap>
          <xCoord>389</xCoord>
          <yCoord>246</yCoord>
        </edgeMap>
        <edgeMap>
          <xCoord>389</xCoord>
          <yCoord>247</yCoord>
        </edgeMap>
        <edgeMap>
          <xCoord>390</xCoord>
          <yCoord>248</yCoord>
        </edgeMap>
        <edgeMap>
          <xCoord>391</xCoord>
          <yCoord>248</yCoord>
        </edgeMap>
      </roi>
      <roi>
        <imageZposition>-165.5</imageZposition>
        <imageSOP_UID>1.3.6.1.4.1.14519.5.2.1.6279.6001.119276836965907245120864539490</imageSOP_UID>
        <inclusion>TRUE</inclusion>
        <edgeMap>
          <xCoord>393</xCoord>
          <yCoord>248</yCoord>
        </edgeMap>
        <edgeMap>
          <xCoord>394</xCoord>
          <yCoord>247</yCoord>
        </edgeMap>
        <edgeMap>
          <xCoord>395</xCoord>
          <yCoord>246</yCoord>
        </edgeMap>
        <edgeMap>
          <xCoord>395</xCoord>
          <yCoord>245</yCoord>
        </edgeMap>
        <edgeMap>
          <xCoord>396</xCoord>
          <yCoord>244</yCoord>
        </edgeMap>
        <edgeMap>
          <xCoord>396</xCoord>
          <yCoord>243</yCoord>
        </edgeMap>
        <edgeMap>
          <xCoord>396</xCoord>
          <yCoord>242</yCoord>
        </edgeMap>
        <edgeMap>
          <xCoord>395</xCoord>
          <yCoord>241</yCoord>
        </edgeMap>
        <edgeMap>
          <xCoord>394</xCoord>
          <yCoord>240</yCoord>
        </edgeMap>
        <edgeMap>
          <xCoord>393</xCoord>
          <yCoord>240</yCoord>
        </edgeMap>
        <edgeMap>
          <xCoord>392</xCoord>
          <yCoord>239</yCoord>
        </edgeMap>
        <edgeMap>
          <xCoord>391</xCoord>
          <yCoord>238</yCoord>
        </edgeMap>
        <edgeMap>
          <xCoord>390</xCoord>
          <yCoord>238</yCoord>
        </edgeMap>
        <edgeMap>
          <xCoord>389</xCoord>
          <yCoord>238</yCoord>
        </edgeMap>
        <edgeMap>
          <xCoord>388</xCoord>
          <yCoord>239</yCoord>
        </edgeMap>
        <edgeMap>
          <xCoord>387</xCoord>
          <yCoord>240</yCoord>
        </edgeMap>
        <edgeMap>
          <xCoord>387</xCoord>
          <yCoord>241</yCoord>
        </edgeMap>
        <edgeMap>
          <xCoord>387</xCoord>
          <yCoord>242</yCoord>
        </edgeMap>
        <edgeMap>
          <xCoord>387</xCoord>
          <yCoord>243</yCoord>
        </edgeMap>
        <edgeMap>
          <xCoord>388</xCoord>
          <yCoord>244</yCoord>
        </edgeMap>
        <edgeMap>
          <xCoord>389</xCoord>
          <yCoord>245</yCoord>
        </edgeMap>
        <edgeMap>
          <xCoord>389</xCoord>
          <yCoord>246</yCoord>
        </edgeMap>
        <edgeMap>
          <xCoord>389</xCoord>
          <yCoord>247</yCoord>
        </edgeMap>
        <edgeMap>
          <xCoord>390</xCoord>
          <yCoord>248</yCoord>
        </edgeMap>
        <edgeMap>
          <xCoord>391</xCoord>
          <yCoord>248</yCoord>
        </edgeMap>
        <edgeMap>
          <xCoord>392</xCoord>
          <yCoord>248</yCoord>
        </edgeMap>
        <edgeMap>
          <xCoord>393</xCoord>
          <yCoord>248</yCoord>
        </edgeMap>
      </roi>
      <roi>
        <imageZposition>-164.25</imageZposition>
        <imageSOP_UID>1.3.6.1.4.1.14519.5.2.1.6279.6001.163397286733541634384621796913</imageSOP_UID>
        <inclusion>TRUE</inclusion>
        <edgeMap>
          <xCoord>393</xCoord>
          <yCoord>248</yCoord>
        </edgeMap>
        <edgeMap>
          <xCoord>394</xCoord>
          <yCoord>247</yCoord>
        </edgeMap>
        <edgeMap>
          <xCoord>395</xCoord>
          <yCoord>246</yCoord>
        </edgeMap>
        <edgeMap>
          <xCoord>395</xCoord>
          <yCoord>245</yCoord>
        </edgeMap>
        <edgeMap>
          <xCoord>396</xCoord>
          <yCoord>244</yCoord>
        </edgeMap>
        <edgeMap>
          <xCoord>395</xCoord>
          <yCoord>243</yCoord>
        </edgeMap>
        <edgeMap>
          <xCoord>395</xCoord>
          <yCoord>242</yCoord>
        </edgeMap>
        <edgeMap>
          <xCoord>394</xCoord>
          <yCoord>241</yCoord>
        </edgeMap>
        <edgeMap>
          <xCoord>393</xCoord>
          <yCoord>240</yCoord>
        </edgeMap>
        <edgeMap>
          <xCoord>392</xCoord>
          <yCoord>240</yCoord>
        </edgeMap>
        <edgeMap>
          <xCoord>391</xCoord>
          <yCoord>239</yCoord>
        </edgeMap>
        <edgeMap>
          <xCoord>390</xCoord>
          <yCoord>239</yCoord>
        </edgeMap>
        <edgeMap>
          <xCoord>389</xCoord>
          <yCoord>240</yCoord>
        </edgeMap>
        <edgeMap>
          <xCoord>388</xCoord>
          <yCoord>241</yCoord>
        </edgeMap>
        <edgeMap>
          <xCoord>388</xCoord>
          <yCoord>242</yCoord>
        </edgeMap>
        <edgeMap>
          <xCoord>388</xCoord>
          <yCoord>243</yCoord>
        </edgeMap>
        <edgeMap>
          <xCoord>388</xCoord>
          <yCoord>244</yCoord>
        </edgeMap>
        <edgeMap>
          <xCoord>389</xCoord>
          <yCoord>245</yCoord>
        </edgeMap>
        <edgeMap>
          <xCoord>389</xCoord>
          <yCoord>246</yCoord>
        </edgeMap>
        <edgeMap>
          <xCoord>390</xCoord>
          <yCoord>247</yCoord>
        </edgeMap>
        <edgeMap>
          <xCoord>391</xCoord>
          <yCoord>247</yCoord>
        </edgeMap>
        <edgeMap>
          <xCoord>392</xCoord>
          <yCoord>248</yCoord>
        </edgeMap>
        <edgeMap>
          <xCoord>393</xCoord>
          <yCoord>248</yCoord>
        </edgeMap>
      </roi>
    </unblindedReadNodule>
    <nonNodule>
      <nonNoduleID>160490</nonNoduleID>
      <imageZposition>-221.75</imageZposition>
      <imageSOP_UID>1.3.6.1.4.1.14519.5.2.1.6279.6001.209730560601239951039946800074</imageSOP_UID>
      <locus>
        <xCoord>380</xCoord>
        <yCoord>354</yCoord>
      </locus>
    </nonNodule>
    <nonNodule>
      <nonNoduleID>160480</nonNoduleID>
      <imageZposition>-280.5</imageZposition>
      <imageSOP_UID>1.3.6.1.4.1.14519.5.2.1.6279.6001.793872031844056373759496778186</imageSOP_UID>
      <locus>
        <xCoord>112</xCoord>
        <yCoord>337</yCoord>
      </locus>
    </nonNodule>
  </readingSession>
<readingSession>
<annotationVersion>3.12</annotationVersion>
<servicingRadiologistID>anon</servicingRadiologistID>
<unblindedReadNodule>
<noduleID>162936</noduleID>
<characteristics>
<subtlety>5</subtlety>
<internalStructure>1</internalStructure>
<calcification>3</calcification>
<sphericity>3</sphericity>
<margin>5</margin>
<lobulation>1</lobulation>
<spiculation>1</spiculation>
<texture>5</texture>
<malignancy>1</malignancy>
</characteristics>
<roi>
<imageZposition>-223.0</imageZposition>
<imageSOP_UID>1.3.6.1.4.1.14519.5.2.1.6279.6001.891792706096716460811435733266</imageSOP_UID>
<inclusion>TRUE</inclusion>
<edgeMap>
<xCoord>121</xCoord>
<yCoord>234</yCoord>
</edgeMap>
<edgeMap>
<xCoord>122</xCoord>
<yCoord>233</yCoord>
</edgeMap>
<edgeMap>
<xCoord>123</xCoord>
<yCoord>232</yCoord>
</edgeMap>
<edgeMap>
<xCoord>123</xCoord>
<yCoord>231</yCoord>
</edgeMap>
<edgeMap>
<xCoord>123</xCoord>
<yCoord>230</yCoord>
</edgeMap>
<edgeMap>
<xCoord>123</xCoord>
<yCoord>229</yCoord>
</edgeMap>
<edgeMap>
<xCoord>122</xCoord>
<yCoord>228</yCoord>
</edgeMap>
<edgeMap>
<xCoord>121</xCoord>
<yCoord>227</yCoord>
</edgeMap>
<edgeMap>
<xCoord>121</xCoord>
<yCoord>226</yCoord>
</edgeMap>
<edgeMap>
<xCoord>120</xCoord>
<yCoord>226</yCoord>
</edgeMap>
<edgeMap>
<xCoord>119</xCoord>
<yCoord>225</yCoord>
</edgeMap>
<edgeMap>
<xCoord>118</xCoord>
<yCoord>225</yCoord>
</edgeMap>
<edgeMap>
<xCoord>117</xCoord>
<yCoord>225</yCoord>
</edgeMap>
<edgeMap>
<xCoord>116</xCoord>
<yCoord>225</yCoord>
</edgeMap>
<edgeMap>
<xCoord>115</xCoord>
<yCoord>226</yCoord>
</edgeMap>
<edgeMap>
<xCoord>114</xCoord>
<yCoord>227</yCoord>
</edgeMap>
<edgeMap>
<xCoord>114</xCoord>
<yCoord>228</yCoord>
</edgeMap>
<edgeMap>
<xCoord>114</xCoord>
<yCoord>229</yCoord>
</edgeMap>
<edgeMap>
<xCoord>114</xCoord>
<yCoord>230</yCoord>
</edgeMap>
<edgeMap>
<xCoord>115</xCoord>
<yCoord>231</yCoord>
</edgeMap>
<edgeMap>
<xCoord>116</xCoord>
<yCoord>232</yCoord>
</edgeMap>
<edgeMap>
<xCoord>117</xCoord>
<yCoord>233</yCoord>
</edgeMap>
<edgeMap>
<xCoord>118</xCoord>
<yCoord>234</yCoord>
</edgeMap>
<edgeMap>
<xCoord>119</xCoord>
<yCoord>234</yCoord>
</edgeMap>
<edgeMap>
<xCoord>120</xCoord>
<yCoord>234</yCoord>
</edgeMap>
<edgeMap>
<xCoord>121</xCoord>
<yCoord>234</yCoord>
</edgeMap>
</roi>
<roi>
<imageZposition>-221.75</imageZposition>
<imageSOP_UID>1.3.6.1.4.1.14519.5.2.1.6279.6001.209730560601239951039946800074</imageSOP_UID>
<inclusion>TRUE</inclusion>
<edgeMap>
<xCoord>122</xCoord>
<yCoord>234</yCoord>
</edgeMap>
<edgeMap>
<xCoord>123</xCoord>
<yCoord>233</yCoord>
</edgeMap>
<edgeMap>
<xCoord>123</xCoord>
<yCoord>232</yCoord>
</edgeMap>
<edgeMap>
<xCoord>123</xCoord>
<yCoord>231</yCoord>
</edgeMap>
<edgeMap>
<xCoord>123</xCoord>
<yCoord>230</yCoord>
</edgeMap>
<edgeMap>
<xCoord>123</xCoord>
<yCoord>229</yCoord>
</edgeMap>
<edgeMap>
<xCoord>123</xCoord>
<yCoord>228</yCoord>
</edgeMap>
<edgeMap>
<xCoord>122</xCoord>
<yCoord>227</yCoord>
</edgeMap>
<edgeMap>
<xCoord>121</xCoord>
<yCoord>226</yCoord>
</edgeMap>
<edgeMap>
<xCoord>120</xCoord>
<yCoord>225</yCoord>
</edgeMap>
<edgeMap>
<xCoord>119</xCoord>
<yCoord>224</yCoord>
</edgeMap>
<edgeMap>
<xCoord>118</xCoord>
<yCoord>224</yCoord>
</edgeMap>
<edgeMap>
<xCoord>117</xCoord>
<yCoord>224</yCoord>
</edgeMap>
<edgeMap>
<xCoord>116</xCoord>
<yCoord>224</yCoord>
</edgeMap>
<edgeMap>
<xCoord>115</xCoord>
<yCoord>225</yCoord>
</edgeMap>
<edgeMap>
<xCoord>114</xCoord>
<yCoord>226</yCoord>
</edgeMap>
<edgeMap>
<xCoord>114</xCoord>
<yCoord>227</yCoord>
</edgeMap>
<edgeMap>
<xCoord>114</xCoord>
<yCoord>228</yCoord>
</edgeMap>
<edgeMap>
<xCoord>114</xCoord>
<yCoord>229</yCoord>
</edgeMap>
<edgeMap>
<xCoord>114</xCoord>
<yCoord>230</yCoord>
</edgeMap>
<edgeMap>
<xCoord>114</xCoord>
<yCoord>231</yCoord>
</edgeMap>
<edgeMap>
<xCoord>115</xCoord>
<yCoord>231</yCoord>
</edgeMap>
<edgeMap>
<xCoord>116</xCoord>
<yCoord>232</yCoord>
</edgeMap>
<edgeMap>
<xCoord>117</xCoord>
<yCoord>233</yCoord>
</edgeMap>
<edgeMap>
<xCoord>118</xCoord>
<yCoord>234</yCoord>
</edgeMap>
<edgeMap>
<xCoord>119</xCoord>
<yCoord>234</yCoord>
</edgeMap>
<edgeMap>
<xCoord>120</xCoord>
<yCoord>234</yCoord>
</edgeMap>
<edgeMap>
<xCoord>121</xCoord>
<yCoord>234</yCoord>
</edgeMap>
<edgeMap>
<xCoord>122</xCoord>
<yCoord>234</yCoord>
</edgeMap>
</roi>
<roi>
<imageZposition>-220.5</imageZposition>
<imageSOP_UID>1.3.6.1.4.1.14519.5.2.1.6279.6001.250243163764440028324004042236</imageSOP_UID>
<inclusion>TRUE</inclusion>
<edgeMap>
<xCoord>121</xCoord>
<yCoord>234</yCoord>
</edgeMap>
<edgeMap>
<xCoord>122</xCoord>
<yCoord>233</yCoord>
</edgeMap>
<edgeMap>
<xCoord>123</xCoord>
<yCoord>232</yCoord>
</edgeMap>
<edgeMap>
<xCoord>123</xCoord>
<yCoord>231</yCoord>
</edgeMap>
<edgeMap>
<xCoord>123</xCoord>
<yCoord>230</yCoord>
</edgeMap>
<edgeMap>
<xCoord>123</xCoord>
<yCoord>229</yCoord>
</edgeMap>
<edgeMap>
<xCoord>122</xCoord>
<yCoord>228</yCoord>
</edgeMap>
<edgeMap>
<xCoord>121</xCoord>
<yCoord>227</yCoord>
</edgeMap>
<edgeMap>
<xCoord>120</xCoord>
<yCoord>226</yCoord>
</edgeMap>
<edgeMap>
<xCoord>119</xCoord>
<yCoord>225</yCoord>
</edgeMap>
<edgeMap>
<xCoord>118</xCoord>
<yCoord>225</yCoord>
</edgeMap>
<edgeMap>
<xCoord>117</xCoord>
<yCoord>225</yCoord>
</edgeMap>
<edgeMap>
<xCoord>116</xCoord>
<yCoord>225</yCoord>
</edgeMap>
<edgeMap>
<xCoord>115</xCoord>
<yCoord>226</yCoord>
</edgeMap>
<edgeMap>
<xCoord>114</xCoord>
<yCoord>227</yCoord>
</edgeMap>
<edgeMap>
<xCoord>114</xCoord>
<yCoord>228</yCoord>
</edgeMap>
<edgeMap>
<xCoord>114</xCoord>
<yCoord>229</yCoord>
</edgeMap>
<edgeMap>
<xCoord>114</xCoord>
<yCoord>230</yCoord>
</edgeMap>
<edgeMap>
<xCoord>115</xCoord>
<yCoord>231</yCoord>
</edgeMap>
<edgeMap>
<xCoord>116</xCoord>
<yCoord>232</yCoord>
</edgeMap>
<edgeMap>
<xCoord>117</xCoord>
<yCoord>233</yCoord>
</edgeMap>
<edgeMap>
<xCoord>118</xCoord>
<yCoord>234</yCoord>
</edgeMap>
<edgeMap>
<xCoord>119</xCoord>
<yCoord>234</yCoord>
</edgeMap>
<edgeMap>
<xCoord>120</xCoord>
<yCoord>234</yCoord>
</edgeMap>
<edgeMap>
<xCoord>121</xCoord>
<yCoord>234</yCoord>
</edgeMap>
</roi>
<roi>
<imageZposition>-219.25</imageZposition>
<imageSOP_UID>1.3.6.1.4.1.14519.5.2.1.6279.6001.251756274811844760086005804796</imageSOP_UID>
<inclusion>TRUE</inclusion>
<edgeMap>
<xCoord>120</xCoord>
<yCoord>234</yCoord>
</edgeMap>
<edgeMap>
<xCoord>121</xCoord>
<yCoord>233</yCoord>
</edgeMap>
<edgeMap>
<xCoord>122</xCoord>
<yCoord>232</yCoord>
</edgeMap>
<edgeMap>
<xCoord>122</xCoord>
<yCoord>231</yCoord>
</edgeMap>
<edgeMap>
<xCoord>122</xCoord>
<yCoord>230</yCoord>
</edgeMap>
<edgeMap>
<xCoord>122</xCoord>
<yCoord>229</yCoord>
</edgeMap>
<edgeMap>
<xCoord>121</xCoord>
<yCoord>228</yCoord>
</edgeMap>
<edgeMap>
<xCoord>120</xCoord>
<yCoord>227</yCoord>
</edgeMap>
<edgeMap>
<xCoord>119</xCoord>
<yCoord>226</yCoord>
</edgeMap>
<edgeMap>
<xCoord>118</xCoord>
<yCoord>226</yCoord>
</edgeMap>
<edgeMap>
<xCoord>117</xCoord>
<yCoord>227</yCoord>
</edgeMap>
<edgeMap>
<xCoord>116</xCoord>
<yCoord>228</yCoord>
</edgeMap>
<edgeMap>
<xCoord>116</xCoord>
<yCoord>229</yCoord>
</edgeMap>
<edgeMap>
<xCoord>116</xCoord>
<yCoord>230</yCoord>
</edgeMap>
<edgeMap>
<xCoord>116</xCoord>
<yCoord>231</yCoord>
</edgeMap>
<edgeMap>
<xCoord>116</xCoord>
<yCoord>232</yCoord>
</edgeMap>
<edgeMap>
<xCoord>117</xCoord>
<yCoord>233</yCoord>
</edgeMap>
<edgeMap>
<xCoord>118</xCoord>
<yCoord>234</yCoord>
</edgeMap>
<edgeMap>
<xCoord>119</xCoord>
<yCoord>234</yCoord>
</edgeMap>
<edgeMap>
<xCoord>120</xCoord>
<yCoord>234</yCoord>
</edgeMap>
</roi>
</unblindedReadNodule>
<unblindedReadNodule>
<noduleID>162932</noduleID>
<characteristics>
<subtlety>4</subtlety>
<internalStructure>1</internalStructure>
<calcification>6</calcification>
<sphericity>3</sphericity>
<margin>5</margin>
<lobulation>3</lobulation>
<spiculation>1</spiculation>
<texture>5</texture>
<malignancy>3</malignancy>
</characteristics>
<roi>
<imageZposition>-169.25</imageZposition>
<imageSOP_UID>1.3.6.1.4.1.14519.5.2.1.6279.6001.283818483643632323597425883545</imageSOP_UID>
<inclusion>TRUE</inclusion>
<edgeMap>
<xCoord>393</xCoord>
<yCoord>245</yCoord>
</edgeMap>
<edgeMap>
<xCoord>394</xCoord>
<yCoord>244</yCoord>
</edgeMap>
<edgeMap>
<xCoord>394</xCoord>
<yCoord>243</yCoord>
</edgeMap>
<edgeMap>
<xCoord>394</xCoord>
<yCoord>242</yCoord>
</edgeMap>
<edgeMap>
<xCoord>393</xCoord>
<yCoord>241</yCoord>
</edgeMap>
<edgeMap>
<xCoord>392</xCoord>
<yCoord>240</yCoord>
</edgeMap>
<edgeMap>
<xCoord>391</xCoord>
<yCoord>240</yCoord>
</edgeMap>
<edgeMap>
<xCoord>390</xCoord>
<yCoord>240</yCoord>
</edgeMap>
<edgeMap>
<xCoord>389</xCoord>
<yCoord>241</yCoord>
</edgeMap>
<edgeMap>
<xCoord>389</xCoord>
<yCoord>242</yCoord>
</edgeMap>
<edgeMap>
<xCoord>389</xCoord>
<yCoord>243</yCoord>
</edgeMap>
<edgeMap>
<xCoord>390</xCoord>
<yCoord>244</yCoord>
</edgeMap>
<edgeMap>
<xCoord>391</xCoord>
<yCoord>245</yCoord>
</edgeMap>
<edgeMap>
<xCoord>392</xCoord>
<yCoord>245</yCoord>
</edgeMap>
<edgeMap>
<xCoord>393</xCoord>
<yCoord>245</yCoord>
</edgeMap>
</roi>
<roi>
<imageZposition>-168.0</imageZposition>
<imageSOP_UID>1.3.6.1.4.1.14519.5.2.1.6279.6001.924883431932624610652105402520</imageSOP_UID>
<inclusion>TRUE</inclusion>
<edgeMap>
<xCoord>394</xCoord>
<yCoord>247</yCoord>
</edgeMap>
<edgeMap>
<xCoord>395</xCoord>
<yCoord>246</yCoord>
</edgeMap>
<edgeMap>
<xCoord>396</xCoord>
<yCoord>245</yCoord>
</edgeMap>
<edgeMap>
<xCoord>396</xCoord>
<yCoord>244</yCoord>
</edgeMap>
<edgeMap>
<xCoord>396</xCoord>
<yCoord>243</yCoord>
</edgeMap>
<edgeMap>
<xCoord>396</xCoord>
<yCoord>242</yCoord>
</edgeMap>
<edgeMap>
<xCoord>395</xCoord>
<yCoord>241</yCoord>
</edgeMap>
<edgeMap>
<xCoord>394</xCoord>
<yCoord>240</yCoord>
</edgeMap>
<edgeMap>
<xCoord>393</xCoord>
<yCoord>239</yCoord>
</edgeMap>
<edgeMap>
<xCoord>392</xCoord>
<yCoord>238</yCoord>
</edgeMap>
<edgeMap>
<xCoord>391</xCoord>
<yCoord>238</yCoord>
</edgeMap>
<edgeMap>
<xCoord>390</xCoord>
<yCoord>238</yCoord>
</edgeMap>
<edgeMap>
<xCoord>389</xCoord>
<yCoord>238</yCoord>
</edgeMap>
<edgeMap>
<xCoord>388</xCoord>
<yCoord>239</yCoord>
</edgeMap>
<edgeMap>
<xCoord>387</xCoord>
<yCoord>240</yCoord>
</edgeMap>
<edgeMap>
<xCoord>387</xCoord>
<yCoord>241</yCoord>
</edgeMap>
<edgeMap>
<xCoord>387</xCoord>
<yCoord>242</yCoord>
</edgeMap>
<edgeMap>
<xCoord>387</xCoord>
<yCoord>243</yCoord>
</edgeMap>
<edgeMap>
<xCoord>388</xCoord>
<yCoord>244</yCoord>
</edgeMap>
<edgeMap>
<xCoord>389</xCoord>
<yCoord>245</yCoord>
</edgeMap>
<edgeMap>
<xCoord>390</xCoord>
<yCoord>246</yCoord>
</edgeMap>
<edgeMap>
<xCoord>391</xCoord>
<yCoord>247</yCoord>
</edgeMap>
<edgeMap>
<xCoord>392</xCoord>
<yCoord>247</yCoord>
</edgeMap>
<edgeMap>
<xCoord>393</xCoord>
<yCoord>247</yCoord>
</edgeMap>
<edgeMap>
<xCoord>394</xCoord>
<yCoord>247</yCoord>
</edgeMap>
</roi>
<roi>
<imageZposition>-166.75</imageZposition>
<imageSOP_UID>1.3.6.1.4.1.14519.5.2.1.6279.6001.204052564396698184023063634133</imageSOP_UID>
<inclusion>TRUE</inclusion>
<edgeMap>
<xCoord>391</xCoord>
<yCoord>249</yCoord>
</edgeMap>
<edgeMap>
<xCoord>392</xCoord>
<yCoord>248</yCoord>
</edgeMap>
<edgeMap>
<xCoord>393</xCoord>
<yCoord>248</yCoord>
</edgeMap>
<edgeMap>
<xCoord>394</xCoord>
<yCoord>247</yCoord>
</edgeMap>
<edgeMap>
<xCoord>395</xCoord>
<yCoord>246</yCoord>
</edgeMap>
<edgeMap>
<xCoord>396</xCoord>
<yCoord>245</yCoord>
</edgeMap>
<edgeMap>
<xCoord>396</xCoord>
<yCoord>244</yCoord>
</edgeMap>
<edgeMap>
<xCoord>396</xCoord>
<yCoord>243</yCoord>
</edgeMap>
<edgeMap>
<xCoord>396</xCoord>
<yCoord>242</yCoord>
</edgeMap>
<edgeMap>
<xCoord>395</xCoord>
<yCoord>241</yCoord>
</edgeMap>
<edgeMap>
<xCoord>394</xCoord>
<yCoord>240</yCoord>
</edgeMap>
<edgeMap>
<xCoord>393</xCoord>
<yCoord>240</yCoord>
</edgeMap>
<edgeMap>
<xCoord>392</xCoord>
<yCoord>239</yCoord>
</edgeMap>
<edgeMap>
<xCoord>391</xCoord>
<yCoord>238</yCoord>
</edgeMap>
<edgeMap>
<xCoord>390</xCoord>
<yCoord>237</yCoord>
</edgeMap>
<edgeMap>
<xCoord>389</xCoord>
<yCoord>237</yCoord>
</edgeMap>
<edgeMap>
<xCoord>388</xCoord>
<yCoord>237</yCoord>
</edgeMap>
<edgeMap>
<xCoord>387</xCoord>
<yCoord>238</yCoord>
</edgeMap>
<edgeMap>
<xCoord>386</xCoord>
<yCoord>239</yCoord>
</edgeMap>
<edgeMap>
<xCoord>386</xCoord>
<yCoord>240</yCoord>
</edgeMap>
<edgeMap>
<xCoord>386</xCoord>
<yCoord>241</yCoord>
</edgeMap>
<edgeMap>
<xCoord>386</xCoord>
<yCoord>242</yCoord>
</edgeMap>
<edgeMap>
<xCoord>386</xCoord>
<yCoord>243</yCoord>
</edgeMap>
<edgeMap>
<xCoord>387</xCoord>
<yCoord>244</yCoord>
</edgeMap>
<edgeMap>
<xCoord>388</xCoord>
<yCoord>245</yCoord>
</edgeMap>
<edgeMap>
<xCoord>388</xCoord>
<yCoord>246</yCoord>
</edgeMap>
<edgeMap>
<xCoord>388</xCoord>
<yCoord>247</yCoord>
</edgeMap>
<edgeMap>
<xCoord>389</xCoord>
<yCoord>248</yCoord>
</edgeMap>
<edgeMap>
<xCoord>390</xCoord>
<yCoord>249</yCoord>
</edgeMap>
<edgeMap>
<xCoord>391</xCoord>
<yCoord>249</yCoord>
</edgeMap>
</roi>
<roi>
<imageZposition>-165.5</imageZposition>
<imageSOP_UID>1.3.6.1.4.1.14519.5.2.1.6279.6001.119276836965907245120864539490</imageSOP_UID>
<inclusion>TRUE</inclusion>
<edgeMap>
<xCoord>393</xCoord>
<yCoord>249</yCoord>
</edgeMap>
<edgeMap>
<xCoord>394</xCoord>
<yCoord>248</yCoord>
</edgeMap>
<edgeMap>
<xCoord>395</xCoord>
<yCoord>247</yCoord>
</edgeMap>
<edgeMap>
<xCoord>396</xCoord>
<yCoord>246</yCoord>
</edgeMap>
<edgeMap>
<xCoord>396</xCoord>
<yCoord>245</yCoord>
</edgeMap>
<edgeMap>
<xCoord>397</xCoord>
<yCoord>244</yCoord>
</edgeMap>
<edgeMap>
<xCoord>397</xCoord>
<yCoord>243</yCoord>
</edgeMap>
<edgeMap>
<xCoord>397</xCoord>
<yCoord>242</yCoord>
</edgeMap>
<edgeMap>
<xCoord>396</xCoord>
<yCoord>241</yCoord>
</edgeMap>
<edgeMap>
<xCoord>395</xCoord>
<yCoord>240</yCoord>
</edgeMap>
<edgeMap>
<xCoord>394</xCoord>
<yCoord>239</yCoord>
</edgeMap>
<edgeMap>
<xCoord>393</xCoord>
<yCoord>239</yCoord>
</edgeMap>
<edgeMap>
<xCoord>392</xCoord>
<yCoord>238</yCoord>
</edgeMap>
<edgeMap>
<xCoord>391</xCoord>
<yCoord>237</yCoord>
</edgeMap>
<edgeMap>
<xCoord>390</xCoord>
<yCoord>237</yCoord>
</edgeMap>
<edgeMap>
<xCoord>389</xCoord>
<yCoord>237</yCoord>
</edgeMap>
<edgeMap>
<xCoord>388</xCoord>
<yCoord>238</yCoord>
</edgeMap>
<edgeMap>
<xCoord>387</xCoord>
<yCoord>239</yCoord>
</edgeMap>
<edgeMap>
<xCoord>386</xCoord>
<yCoord>240</yCoord>
</edgeMap>
<edgeMap>
<xCoord>386</xCoord>
<yCoord>241</yCoord>
</edgeMap>
<edgeMap>
<xCoord>386</xCoord>
<yCoord>242</yCoord>
</edgeMap>
<edgeMap>
<xCoord>386</xCoord>
<yCoord>243</yCoord>
</edgeMap>
<edgeMap>
<xCoord>387</xCoord>
<yCoord>244</yCoord>
</edgeMap>
<edgeMap>
<xCoord>388</xCoord>
<yCoord>245</yCoord>
</edgeMap>
<edgeMap>
<xCoord>388</xCoord>
<yCoord>246</yCoord>
</edgeMap>
<edgeMap>
<xCoord>388</xCoord>
<yCoord>247</yCoord>
</edgeMap>
<edgeMap>
<xCoord>389</xCoord>
<yCoord>248</yCoord>
</edgeMap>
<edgeMap>
<xCoord>390</xCoord>
<yCoord>249</yCoord>
</edgeMap>
<edgeMap>
<xCoord>391</xCoord>
<yCoord>249</yCoord>
</edgeMap>
<edgeMap>
<xCoord>392</xCoord>
<yCoord>249</yCoord>
</edgeMap>
<edgeMap>
<xCoord>393</xCoord>
<yCoord>249</yCoord>
</edgeMap>
</roi>
<roi>
<imageZposition>-164.25</imageZposition>
<imageSOP_UID>1.3.6.1.4.1.14519.5.2.1.6279.6001.163397286733541634384621796913</imageSOP_UID>
<inclusion>TRUE</inclusion>
<edgeMap>
<xCoord>393</xCoord>
<yCoord>249</yCoord>
</edgeMap>
<edgeMap>
<xCoord>394</xCoord>
<yCoord>248</yCoord>
</edgeMap>
<edgeMap>
<xCoord>395</xCoord>
<yCoord>247</yCoord>
</edgeMap>
<edgeMap>
<xCoord>396</xCoord>
<yCoord>246</yCoord>
</edgeMap>
<edgeMap>
<xCoord>396</xCoord>
<yCoord>245</yCoord>
</edgeMap>
<edgeMap>
<xCoord>396</xCoord>
<yCoord>244</yCoord>
</edgeMap>
<edgeMap>
<xCoord>396</xCoord>
<yCoord>243</yCoord>
</edgeMap>
<edgeMap>
<xCoord>396</xCoord>
<yCoord>242</yCoord>
</edgeMap>
<edgeMap>
<xCoord>395</xCoord>
<yCoord>241</yCoord>
</edgeMap>
<edgeMap>
<xCoord>394</xCoord>
<yCoord>240</yCoord>
</edgeMap>
<edgeMap>
<xCoord>393</xCoord>
<yCoord>239</yCoord>
</edgeMap>
<edgeMap>
<xCoord>392</xCoord>
<yCoord>239</yCoord>
</edgeMap>
<edgeMap>
<xCoord>391</xCoord>
<yCoord>238</yCoord>
</edgeMap>
<edgeMap>
<xCoord>390</xCoord>
<yCoord>238</yCoord>
</edgeMap>
<edgeMap>
<xCoord>389</xCoord>
<yCoord>239</yCoord>
</edgeMap>
<edgeMap>
<xCoord>388</xCoord>
<yCoord>240</yCoord>
</edgeMap>
<edgeMap>
<xCoord>387</xCoord>
<yCoord>241</yCoord>
</edgeMap>
<edgeMap>
<xCoord>387</xCoord>
<yCoord>242</yCoord>
</edgeMap>
<edgeMap>
<xCoord>387</xCoord>
<yCoord>243</yCoord>
</edgeMap>
<edgeMap>
<xCoord>387</xCoord>
<yCoord>244</yCoord>
</edgeMap>
<edgeMap>
<xCoord>388</xCoord>
<yCoord>245</yCoord>
</edgeMap>
<edgeMap>
<xCoord>388</xCoord>
<yCoord>246</yCoord>
</edgeMap>
<edgeMap>
<xCoord>389</xCoord>
<yCoord>247</yCoord>
</edgeMap>
<edgeMap>
<xCoord>390</xCoord>
<yCoord>248</yCoord>
</edgeMap>
<edgeMap>
<xCoord>391</xCoord>
<yCoord>248</yCoord>
</edgeMap>
<edgeMap>
<xCoord>392</xCoord>
<yCoord>249</yCoord>
</edgeMap>
<edgeMap>
<xCoord>393</xCoord>
<yCoord>249</yCoord>
</edgeMap>
</roi>
</unblindedReadNodule>
<unblindedReadNodule>
<noduleID>162939</noduleID>
<roi>
<imageZposition>-141.75</imageZposition>
<imageSOP_UID>1.3.6.1.4.1.14519.5.2.1.6279.6001.163268636367470801664353053632</imageSOP_UID>
<inclusion>TRUE</inclusion>
<edgeMap>
<xCoord>410</xCoord>
<yCoord>285</yCoord>
</edgeMap>
</roi>
</unblindedReadNodule>
<nonNodule>
<nonNoduleID>162947</nonNoduleID>
<imageZposition>-54.25</imageZposition>
<imageSOP_UID>1.3.6.1.4.1.14519.5.2.1.6279.6001.109674659396405601582073134024</imageSOP_UID>
<locus>
<xCoord>231</xCoord>
<yCoord>265</yCoord>
</locus>
</nonNodule>
<nonNodule>
<nonNoduleID>162945</nonNoduleID>
<imageZposition>-81.75</imageZposition>
<imageSOP_UID>1.3.6.1.4.1.14519.5.2.1.6279.6001.204180783101451104185209699378</imageSOP_UID>
<locus>
<xCoord>329</xCoord>
<yCoord>263</yCoord>
</locus>
</nonNodule>
<nonNodule>
<nonNoduleID>162948</nonNoduleID>
<imageZposition>-109.25</imageZposition>
<imageSOP_UID>1.3.6.1.4.1.14519.5.2.1.6279.6001.156692617638598193826345651377</imageSOP_UID>
<locus>
<xCoord>314</xCoord>
<yCoord>243</yCoord>
</locus>
</nonNodule>
<nonNodule>
<nonNoduleID>162949</nonNoduleID>
<imageZposition>-50.5</imageZposition>
<imageSOP_UID>1.3.6.1.4.1.14519.5.2.1.6279.6001.332882735084286015863623434826</imageSOP_UID>
<locus>
<xCoord>354</xCoord>
<yCoord>315</yCoord>
</locus>
</nonNodule>
<nonNodule>
<nonNoduleID>162950</nonNoduleID>
<imageZposition>-218.0</imageZposition>
<imageSOP_UID>1.3.6.1.4.1.14519.5.2.1.6279.6001.198256828147806248294110329073</imageSOP_UID>
<locus>
<xCoord>382</xCoord>
<yCoord>355</yCoord>
</locus>
</nonNodule>
<nonNodule>
<nonNoduleID>162941</nonNoduleID>
<imageZposition>-280.5</imageZposition>
<imageSOP_UID>1.3.6.1.4.1.14519.5.2.1.6279.6001.793872031844056373759496778186</imageSOP_UID>
<locus>
<xCoord>112</xCoord>
<yCoord>337</yCoord>
</locus>
</nonNodule>
<nonNodule>
<nonNoduleID>162942</nonNoduleID>
<imageZposition>-239.25</imageZposition>
<imageSOP_UID>1.3.6.1.4.1.14519.5.2.1.6279.6001.297974206343528165960075893381</imageSOP_UID>
<locus>
<xCoord>395</xCoord>
<yCoord>356</yCoord>
</locus>
</nonNodule>
<nonNodule>
<nonNoduleID>162943</nonNoduleID>
<imageZposition>-103.0</imageZposition>
<imageSOP_UID>1.3.6.1.4.1.14519.5.2.1.6279.6001.931384994333086381256944975747</imageSOP_UID>
<locus>
<xCoord>318</xCoord>
<yCoord>241</yCoord>
</locus>
</nonNodule>
<nonNodule>
<nonNoduleID>162951</nonNoduleID>
<imageZposition>-221.75</imageZposition>
<imageSOP_UID>1.3.6.1.4.1.14519.5.2.1.6279.6001.209730560601239951039946800074</imageSOP_UID>
<locus>
<xCoord>380</xCoord>
<yCoord>354</yCoord>
</locus>
</nonNodule>
<nonNodule>
<nonNoduleID>162952</nonNoduleID>
<imageZposition>-89.25</imageZposition>
<imageSOP_UID>1.3.6.1.4.1.14519.5.2.1.6279.6001.790181958479167751118196820898</imageSOP_UID>
<locus>
<xCoord>324</xCoord>
<yCoord>273</yCoord>
</locus>
</nonNodule>
<nonNodule>
<nonNoduleID>162954</nonNoduleID>
<imageZposition>-205.5</imageZposition>
<imageSOP_UID>1.3.6.1.4.1.14519.5.2.1.6279.6001.191681781492392797455266334511</imageSOP_UID>
<locus>
<xCoord>385</xCoord>
<yCoord>357</yCoord>
</locus>
</nonNodule>
</readingSession>
  <readingSession>
    <annotationVersion>3.12</annotationVersion>
    <servicingRadiologistID>anon</servicingRadiologistID>
    <unblindedReadNodule>
      <noduleID>Nodule 002</noduleID>
      <characteristics>
        <subtlety>4</subtlety>
        <internalStructure>1</internalStructure>
        <calcification>6</calcification>
        <sphericity>3</sphericity>
        <margin>5</margin>
        <lobulation>1</lobulation>
        <spiculation>1</spiculation>
        <texture>5</texture>
        <malignancy>2</malignancy>
      </characteristics>
      <roi>
        <imageZposition>-223.000000 </imageZposition>
        <imageSOP_UID>1.3.6.1.4.1.14519.5.2.1.6279.6001.891792706096716460811435733266</imageSOP_UID>
        <inclusion>TRUE</inclusion>
        <edgeMap>
          <xCoord>117</xCoord>
          <yCoord>225</yCoord>
        </edgeMap>
        <edgeMap>
          <xCoord>116</xCoord>
          <yCoord>226</yCoord>
        </edgeMap>
        <edgeMap>
          <xCoord>115</xCoord>
          <yCoord>227</yCoord>
        </edgeMap>
        <edgeMap>
          <xCoord>115</xCoord>
          <yCoord>228</yCoord>
        </edgeMap>
        <edgeMap>
          <xCoord>115</xCoord>
          <yCoord>229</yCoord>
        </edgeMap>
        <edgeMap>
          <xCoord>115</xCoord>
          <yCoord>230</yCoord>
        </edgeMap>
        <edgeMap>
          <xCoord>116</xCoord>
          <yCoord>231</yCoord>
        </edgeMap>
        <edgeMap>
          <xCoord>117</xCoord>
          <yCoord>232</yCoord>
        </edgeMap>
        <edgeMap>
          <xCoord>118</xCoord>
          <yCoord>232</yCoord>
        </edgeMap>
        <edgeMap>
          <xCoord>119</xCoord>
          <yCoord>232</yCoord>
        </edgeMap>
        <edgeMap>
          <xCoord>120</xCoord>
          <yCoord>232</yCoord>
        </edgeMap>
        <edgeMap>
          <xCoord>121</xCoord>
          <yCoord>232</yCoord>
        </edgeMap>
        <edgeMap>
          <xCoord>122</xCoord>
          <yCoord>231</yCoord>
        </edgeMap>
        <edgeMap>
          <xCoord>121</xCoord>
          <yCoord>230</yCoord>
        </edgeMap>
        <edgeMap>
          <xCoord>121</xCoord>
          <yCoord>229</yCoord>
        </edgeMap>
        <edgeMap>
          <xCoord>121</xCoord>
          <yCoord>228</yCoord>
        </edgeMap>
        <edgeMap>
          <xCoord>121</xCoord>
          <yCoord>227</yCoord>
        </edgeMap>
        <edgeMap>
          <xCoord>120</xCoord>
          <yCoord>226</yCoord>
        </edgeMap>
        <edgeMap>
          <xCoord>119</xCoord>
          <yCoord>225</yCoord>
        </edgeMap>
        <edgeMap>
          <xCoord>118</xCoord>
          <yCoord>225</yCoord>
        </edgeMap>
        <edgeMap>
          <xCoord>117</xCoord>
          <yCoord>225</yCoord>
        </edgeMap>
      </roi>
      <roi>
        <imageZposition>-221.750000 </imageZposition>
        <imageSOP_UID>1.3.6.1.4.1.14519.5.2.1.6279.6001.209730560601239951039946800074</imageSOP_UID>
        <inclusion>TRUE</inclusion>
        <edgeMap>
          <xCoord>116</xCoord>
          <yCoord>224</yCoord>
        </edgeMap>
        <edgeMap>
          <xCoord>115</xCoord>
          <yCoord>225</yCoord>
        </edgeMap>
        <edgeMap>
          <xCoord>114</xCoord>
          <yCoord>226</yCoord>
        </edgeMap>
        <edgeMap>
          <xCoord>114</xCoord>
          <yCoord>227</yCoord>
        </edgeMap>
        <edgeMap>
          <xCoord>114</xCoord>
          <yCoord>228</yCoord>
        </edgeMap>
        <edgeMap>
          <xCoord>114</xCoord>
          <yCoord>229</yCoord>
        </edgeMap>
        <edgeMap>
          <xCoord>114</xCoord>
          <yCoord>230</yCoord>
        </edgeMap>
        <edgeMap>
          <xCoord>115</xCoord>
          <yCoord>231</yCoord>
        </edgeMap>
        <edgeMap>
          <xCoord>116</xCoord>
          <yCoord>232</yCoord>
        </edgeMap>
        <edgeMap>
          <xCoord>117</xCoord>
          <yCoord>233</yCoord>
        </edgeMap>
        <edgeMap>
          <xCoord>118</xCoord>
          <yCoord>233</yCoord>
        </edgeMap>
        <edgeMap>
          <xCoord>119</xCoord>
          <yCoord>234</yCoord>
        </edgeMap>
        <edgeMap>
          <xCoord>120</xCoord>
          <yCoord>234</yCoord>
        </edgeMap>
        <edgeMap>
          <xCoord>121</xCoord>
          <yCoord>233</yCoord>
        </edgeMap>
        <edgeMap>
          <xCoord>122</xCoord>
          <yCoord>233</yCoord>
        </edgeMap>
        <edgeMap>
          <xCoord>123</xCoord>
          <yCoord>232</yCoord>
        </edgeMap>
        <edgeMap>
          <xCoord>123</xCoord>
          <yCoord>231</yCoord>
        </edgeMap>
        <edgeMap>
          <xCoord>123</xCoord>
          <yCoord>230</yCoord>
        </edgeMap>
        <edgeMap>
          <xCoord>122</xCoord>
          <yCoord>229</yCoord>
        </edgeMap>
        <edgeMap>
          <xCoord>122</xCoord>
          <yCoord>228</yCoord>
        </edgeMap>
        <edgeMap>
          <xCoord>121</xCoord>
          <yCoord>227</yCoord>
        </edgeMap>
        <edgeMap>
          <xCoord>121</xCoord>
          <yCoord>226</yCoord>
        </edgeMap>
        <edgeMap>
          <xCoord>120</xCoord>
          <yCoord>225</yCoord>
        </edgeMap>
        <edgeMap>
          <xCoord>119</xCoord>
          <yCoord>224</yCoord>
        </edgeMap>
        <edgeMap>
          <xCoord>118</xCoord>
          <yCoord>224</yCoord>
        </edgeMap>
        <edgeMap>
          <xCoord>117</xCoord>
          <yCoord>224</yCoord>
        </edgeMap>
        <edgeMap>
          <xCoord>116</xCoord>
          <yCoord>224</yCoord>
        </edgeMap>
      </roi>
      <roi>
        <imageZposition>-220.500000 </imageZposition>
        <imageSOP_UID>1.3.6.1.4.1.14519.5.2.1.6279.6001.250243163764440028324004042236</imageSOP_UID>
        <inclusion>TRUE</inclusion>
        <edgeMap>
          <xCoord>119</xCoord>
          <yCoord>224</yCoord>
        </edgeMap>
        <edgeMap>
          <xCoord>118</xCoord>
          <yCoord>223</yCoord>
        </edgeMap>
        <edgeMap>
          <xCoord>117</xCoord>
          <yCoord>224</yCoord>
        </edgeMap>
        <edgeMap>
          <xCoord>116</xCoord>
          <yCoord>224</yCoord>
        </edgeMap>
        <edgeMap>
          <xCoord>115</xCoord>
          <yCoord>225</yCoord>
        </edgeMap>
        <edgeMap>
          <xCoord>114</xCoord>
          <yCoord>226</yCoord>
        </edgeMap>
        <edgeMap>
          <xCoord>114</xCoord>
          <yCoord>227</yCoord>
        </edgeMap>
        <edgeMap>
          <xCoord>114</xCoord>
          <yCoord>228</yCoord>
        </edgeMap>
        <edgeMap>
          <xCoord>114</xCoord>
          <yCoord>229</yCoord>
        </edgeMap>
        <edgeMap>
          <xCoord>115</xCoord>
          <yCoord>230</yCoord>
        </edgeMap>
        <edgeMap>
          <xCoord>116</xCoord>
          <yCoord>231</yCoord>
        </edgeMap>
        <edgeMap>
          <xCoord>117</xCoord>
          <yCoord>232</yCoord>
        </edgeMap>
        <edgeMap>
          <xCoord>118</xCoord>
          <yCoord>233</yCoord>
        </edgeMap>
        <edgeMap>
          <xCoord>119</xCoord>
          <yCoord>233</yCoord>
        </edgeMap>
        <edgeMap>
          <xCoord>120</xCoord>
          <yCoord>233</yCoord>
        </edgeMap>
        <edgeMap>
          <xCoord>121</xCoord>
          <yCoord>232</yCoord>
        </edgeMap>
        <edgeMap>
          <xCoord>121</xCoord>
          <yCoord>231</yCoord>
        </edgeMap>
        <edgeMap>
          <xCoord>122</xCoord>
          <yCoord>230</yCoord>
        </edgeMap>
        <edgeMap>
          <xCoord>121</xCoord>
          <yCoord>229</yCoord>
        </edgeMap>
        <edgeMap>
          <xCoord>121</xCoord>
          <yCoord>228</yCoord>
        </edgeMap>
        <edgeMap>
          <xCoord>120</xCoord>
          <yCoord>227</yCoord>
        </edgeMap>
        <edgeMap>
          <xCoord>120</xCoord>
          <yCoord>226</yCoord>
        </edgeMap>
        <edgeMap>
          <xCoord>119</xCoord>
          <yCoord>225</yCoord>
        </edgeMap>
        <edgeMap>
          <xCoord>119</xCoord>
          <yCoord>224</yCoord>
        </edgeMap>
      </roi>
      <roi>
        <imageZposition>-219.250000 </imageZposition>
        <imageSOP_UID>1.3.6.1.4.1.14519.5.2.1.6279.6001.251756274811844760086005804796</imageSOP_UID>
        <inclusion>TRUE</inclusion>
        <edgeMap>
          <xCoord>117</xCoord>
          <yCoord>226</yCoord>
        </edgeMap>
        <edgeMap>
          <xCoord>116</xCoord>
          <yCoord>227</yCoord>
        </edgeMap>
        <edgeMap>
          <xCoord>116</xCoord>
          <yCoord>228</yCoord>
        </edgeMap>
        <edgeMap>
          <xCoord>116</xCoord>
          <yCoord>229</yCoord>
        </edgeMap>
        <edgeMap>
          <xCoord>116</xCoord>
          <yCoord>230</yCoord>
        </edgeMap>
        <edgeMap>
          <xCoord>117</xCoord>
          <yCoord>231</yCoord>
        </edgeMap>
        <edgeMap>
          <xCoord>118</xCoord>
          <yCoord>232</yCoord>
        </edgeMap>
        <edgeMap>
          <xCoord>119</xCoord>
          <yCoord>232</yCoord>
        </edgeMap>
        <edgeMap>
          <xCoord>120</xCoord>
          <yCoord>231</yCoord>
        </edgeMap>
        <edgeMap>
          <xCoord>121</xCoord>
          <yCoord>230</yCoord>
        </edgeMap>
        <edgeMap>
          <xCoord>121</xCoord>
          <yCoord>229</yCoord>
        </edgeMap>
        <edgeMap>
          <xCoord>120</xCoord>
          <yCoord>228</yCoord>
        </edgeMap>
        <edgeMap>
          <xCoord>119</xCoord>
          <yCoord>227</yCoord>
        </edgeMap>
        <edgeMap>
          <xCoord>118</xCoord>
          <yCoord>226</yCoord>
        </edgeMap>
        <edgeMap>
          <xCoord>117</xCoord>
          <yCoord>226</yCoord>
        </edgeMap>
      </roi>
    </unblindedReadNodule>
    <unblindedReadNodule>
      <noduleID>Nodule 001</noduleID>
      <characteristics>
        <subtlety>4</subtlety>
        <internalStructure>1</internalStructure>
        <calcification>6</calcification>
        <sphericity>4</sphericity>
        <margin>5</margin>
        <lobulation>1</lobulation>
        <spiculation>1</spiculation>
        <texture>5</texture>
        <malignancy>3</malignancy>
      </characteristics>
      <roi>
        <imageZposition>-169.250000 </imageZposition>
        <imageSOP_UID>1.3.6.1.4.1.14519.5.2.1.6279.6001.283818483643632323597425883545</imageSOP_UID>
        <inclusion>TRUE</inclusion>
        <edgeMap>
          <xCoord>391</xCoord>
          <yCoord>240</yCoord>
        </edgeMap>
        <edgeMap>
          <xCoord>390</xCoord>
          <yCoord>241</yCoord>
        </edgeMap>
        <edgeMap>
          <xCoord>390</xCoord>
          <yCoord>242</yCoord>
        </edgeMap>
        <edgeMap>
          <xCoord>390</xCoord>
          <yCoord>243</yCoord>
        </edgeMap>
        <edgeMap>
          <xCoord>391</xCoord>
          <yCoord>244</yCoord>
        </edgeMap>
        <edgeMap>
          <xCoord>392</xCoord>
          <yCoord>245</yCoord>
        </edgeMap>
        <edgeMap>
          <xCoord>393</xCoord>
          <yCoord>245</yCoord>
        </edgeMap>
        <edgeMap>
          <xCoord>394</xCoord>
          <yCoord>244</yCoord>
        </edgeMap>
        <edgeMap>
          <xCoord>394</xCoord>
          <yCoord>243</yCoord>
        </edgeMap>
        <edgeMap>
          <xCoord>393</xCoord>
          <yCoord>242</yCoord>
        </edgeMap>
        <edgeMap>
          <xCoord>392</xCoord>
          <yCoord>241</yCoord>
        </edgeMap>
        <edgeMap>
          <xCoord>391</xCoord>
          <yCoord>240</yCoord>
        </edgeMap>
      </roi>
      <roi>
        <imageZposition>-168.000000 </imageZposition>
        <imageSOP_UID>1.3.6.1.4.1.14519.5.2.1.6279.6001.924883431932624610652105402520</imageSOP_UID>
        <inclusion>TRUE</inclusion>
        <edgeMap>
          <xCoord>389</xCoord>
          <yCoord>238</yCoord>
        </edgeMap>
        <edgeMap>
          <xCoord>388</xCoord>
          <yCoord>239</yCoord>
        </edgeMap>
        <edgeMap>
          <xCoord>388</xCoord>
          <yCoord>240</yCoord>
        </edgeMap>
        <edgeMap>
          <xCoord>387</xCoord>
          <yCoord>241</yCoord>
        </edgeMap>
        <edgeMap>
          <xCoord>388</xCoord>
          <yCoord>242</yCoord>
        </edgeMap>
        <edgeMap>
          <xCoord>388</xCoord>
          <yCoord>243</yCoord>
        </edgeMap>
        <edgeMap>
          <xCoord>389</xCoord>
          <yCoord>244</yCoord>
        </edgeMap>
        <edgeMap>
          <xCoord>390</xCoord>
          <yCoord>245</yCoord>
        </edgeMap>
        <edgeMap>
          <xCoord>391</xCoord>
          <yCoord>245</yCoord>
        </edgeMap>
        <edgeMap>
          <xCoord>392</xCoord>
          <yCoord>246</yCoord>
        </edgeMap>
        <edgeMap>
          <xCoord>393</xCoord>
          <yCoord>246</yCoord>
        </edgeMap>
        <edgeMap>
          <xCoord>394</xCoord>
          <yCoord>246</yCoord>
        </edgeMap>
        <edgeMap>
          <xCoord>395</xCoord>
          <yCoord>245</yCoord>
        </edgeMap>
        <edgeMap>
          <xCoord>396</xCoord>
          <yCoord>244</yCoord>
        </edgeMap>
        <edgeMap>
          <xCoord>396</xCoord>
          <yCoord>243</yCoord>
        </edgeMap>
        <edgeMap>
          <xCoord>395</xCoord>
          <yCoord>242</yCoord>
        </edgeMap>
        <edgeMap>
          <xCoord>394</xCoord>
          <yCoord>241</yCoord>
        </edgeMap>
        <edgeMap>
          <xCoord>393</xCoord>
          <yCoord>240</yCoord>
        </edgeMap>
        <edgeMap>
          <xCoord>392</xCoord>
          <yCoord>239</yCoord>
        </edgeMap>
        <edgeMap>
          <xCoord>391</xCoord>
          <yCoord>238</yCoord>
        </edgeMap>
        <edgeMap>
          <xCoord>390</xCoord>
          <yCoord>238</yCoord>
        </edgeMap>
        <edgeMap>
          <xCoord>389</xCoord>
          <yCoord>238</yCoord>
        </edgeMap>
      </roi>
      <roi>
        <imageZposition>-166.750000 </imageZposition>
        <imageSOP_UID>1.3.6.1.4.1.14519.5.2.1.6279.6001.204052564396698184023063634133</imageSOP_UID>
        <inclusion>TRUE</inclusion>
        <edgeMap>
          <xCoord>389</xCoord>
          <yCoord>237</yCoord>
        </edgeMap>
        <edgeMap>
          <xCoord>388</xCoord>
          <yCoord>238</yCoord>
        </edgeMap>
        <edgeMap>
          <xCoord>387</xCoord>
          <yCoord>239</yCoord>
        </edgeMap>
        <edgeMap>
          <xCoord>387</xCoord>
          <yCoord>240</yCoord>
        </edgeMap>
        <edgeMap>
          <xCoord>387</xCoord>
          <yCoord>241</yCoord>
        </edgeMap>
        <edgeMap>
          <xCoord>388</xCoord>
          <yCoord>242</yCoord>
        </edgeMap>
        <edgeMap>
          <xCoord>388</xCoord>
          <yCoord>243</yCoord>
        </edgeMap>
        <edgeMap>
          <xCoord>388</xCoord>
          <yCoord>244</yCoord>
        </edgeMap>
        <edgeMap>
          <xCoord>388</xCoord>
          <yCoord>245</yCoord>
        </edgeMap>
        <edgeMap>
          <xCoord>388</xCoord>
          <yCoord>246</yCoord>
        </edgeMap>
        <edgeMap>
          <xCoord>389</xCoord>
          <yCoord>247</yCoord>
        </edgeMap>
        <edgeMap>
          <xCoord>390</xCoord>
          <yCoord>247</yCoord>
        </edgeMap>
        <edgeMap>
          <xCoord>391</xCoord>
          <yCoord>247</yCoord>
        </edgeMap>
        <edgeMap>
          <xCoord>392</xCoord>
          <yCoord>247</yCoord>
        </edgeMap>
        <edgeMap>
          <xCoord>393</xCoord>
          <yCoord>246</yCoord>
        </edgeMap>
        <edgeMap>
          <xCoord>393</xCoord>
          <yCoord>245</yCoord>
        </edgeMap>
        <edgeMap>
          <xCoord>393</xCoord>
          <yCoord>244</yCoord>
        </edgeMap>
        <edgeMap>
          <xCoord>394</xCoord>
          <yCoord>243</yCoord>
        </edgeMap>
        <edgeMap>
          <xCoord>395</xCoord>
          <yCoord>242</yCoord>
        </edgeMap>
        <edgeMap>
          <xCoord>395</xCoord>
          <yCoord>241</yCoord>
        </edgeMap>
        <edgeMap>
          <xCoord>394</xCoord>
          <yCoord>240</yCoord>
        </edgeMap>
        <edgeMap>
          <xCoord>393</xCoord>
          <yCoord>239</yCoord>
        </edgeMap>
        <edgeMap>
          <xCoord>392</xCoord>
          <yCoord>239</yCoord>
        </edgeMap>
        <edgeMap>
          <xCoord>391</xCoord>
          <yCoord>238</yCoord>
        </edgeMap>
        <edgeMap>
          <xCoord>390</xCoord>
          <yCoord>238</yCoord>
        </edgeMap>
        <edgeMap>
          <xCoord>389</xCoord>
          <yCoord>237</yCoord>
        </edgeMap>
      </roi>
      <roi>
        <imageZposition>-165.500000 </imageZposition>
        <imageSOP_UID>1.3.6.1.4.1.14519.5.2.1.6279.6001.119276836965907245120864539490</imageSOP_UID>
        <inclusion>TRUE</inclusion>
        <edgeMap>
          <xCoord>390</xCoord>
          <yCoord>237</yCoord>
        </edgeMap>
        <edgeMap>
          <xCoord>389</xCoord>
          <yCoord>238</yCoord>
        </edgeMap>
        <edgeMap>
          <xCoord>388</xCoord>
          <yCoord>238</yCoord>
        </edgeMap>
        <edgeMap>
          <xCoord>387</xCoord>
          <yCoord>239</yCoord>
        </edgeMap>
        <edgeMap>
          <xCoord>386</xCoord>
          <yCoord>240</yCoord>
        </edgeMap>
        <edgeMap>
          <xCoord>386</xCoord>
          <yCoord>241</yCoord>
        </edgeMap>
        <edgeMap>
          <xCoord>387</xCoord>
          <yCoord>242</yCoord>
        </edgeMap>
        <edgeMap>
          <xCoord>387</xCoord>
          <yCoord>243</yCoord>
        </edgeMap>
        <edgeMap>
          <xCoord>388</xCoord>
          <yCoord>244</yCoord>
        </edgeMap>
        <edgeMap>
          <xCoord>388</xCoord>
          <yCoord>245</yCoord>
        </edgeMap>
        <edgeMap>
          <xCoord>389</xCoord>
          <yCoord>246</yCoord>
        </edgeMap>
        <edgeMap>
          <xCoord>389</xCoord>
          <yCoord>247</yCoord>
        </edgeMap>
        <edgeMap>
          <xCoord>390</xCoord>
          <yCoord>248</yCoord>
        </edgeMap>
        <edgeMap>
          <xCoord>391</xCoord>
          <yCoord>248</yCoord>
        </edgeMap>
        <edgeMap>
          <xCoord>392</xCoord>
          <yCoord>248</yCoord>
        </edgeMap>
        <edgeMap>
          <xCoord>393</xCoord>
          <yCoord>247</yCoord>
        </edgeMap>
        <edgeMap>
          <xCoord>394</xCoord>
          <yCoord>246</yCoord>
        </edgeMap>
        <edgeMap>
          <xCoord>395</xCoord>
          <yCoord>245</yCoord>
        </edgeMap>
        <edgeMap>
          <xCoord>396</xCoord>
          <yCoord>244</yCoord>
        </edgeMap>
        <edgeMap>
          <xCoord>396</xCoord>
          <yCoord>243</yCoord>
        </edgeMap>
        <edgeMap>
          <xCoord>395</xCoord>
          <yCoord>242</yCoord>
        </edgeMap>
        <edgeMap>
          <xCoord>394</xCoord>
          <yCoord>241</yCoord>
        </edgeMap>
        <edgeMap>
          <xCoord>393</xCoord>
          <yCoord>240</yCoord>
        </edgeMap>
        <edgeMap>
          <xCoord>393</xCoord>
          <yCoord>239</yCoord>
        </edgeMap>
        <edgeMap>
          <xCoord>392</xCoord>
          <yCoord>238</yCoord>
        </edgeMap>
        <edgeMap>
          <xCoord>391</xCoord>
          <yCoord>237</yCoord>
        </edgeMap>
        <edgeMap>
          <xCoord>390</xCoord>
          <yCoord>237</yCoord>
        </edgeMap>
      </roi>
      <roi>
        <imageZposition>-164.250000 </imageZposition>
        <imageSOP_UID>1.3.6.1.4.1.14519.5.2.1.6279.6001.163397286733541634384621796913</imageSOP_UID>
        <inclusion>TRUE</inclusion>
        <edgeMap>
          <xCoord>390</xCoord>
          <yCoord>238</yCoord>
        </edgeMap>
        <edgeMap>
          <xCoord>389</xCoord>
          <yCoord>239</yCoord>
        </edgeMap>
        <edgeMap>
          <xCoord>388</xCoord>
          <yCoord>240</yCoord>
        </edgeMap>
        <edgeMap>
          <xCoord>388</xCoord>
          <yCoord>241</yCoord>
        </edgeMap>
        <edgeMap>
          <xCoord>388</xCoord>
          <yCoord>242</yCoord>
        </edgeMap>
        <edgeMap>
          <xCoord>388</xCoord>
          <yCoord>243</yCoord>
        </edgeMap>
        <edgeMap>
          <xCoord>388</xCoord>
          <yCoord>244</yCoord>
        </edgeMap>
        <edgeMap>
          <xCoord>388</xCoord>
          <yCoord>245</yCoord>
        </edgeMap>
        <edgeMap>
          <xCoord>389</xCoord>
          <yCoord>246</yCoord>
        </edgeMap>
        <edgeMap>
          <xCoord>390</xCoord>
          <yCoord>247</yCoord>
        </edgeMap>
        <edgeMap>
          <xCoord>391</xCoord>
          <yCoord>247</yCoord>
        </edgeMap>
        <edgeMap>
          <xCoord>392</xCoord>
          <yCoord>247</yCoord>
        </edgeMap>
        <edgeMap>
          <xCoord>393</xCoord>
          <yCoord>247</yCoord>
        </edgeMap>
        <edgeMap>
          <xCoord>394</xCoord>
          <yCoord>246</yCoord>
        </edgeMap>
        <edgeMap>
          <xCoord>395</xCoord>
          <yCoord>245</yCoord>
        </edgeMap>
        <edgeMap>
          <xCoord>395</xCoord>
          <yCoord>244</yCoord>
        </edgeMap>
        <edgeMap>
          <xCoord>394</xCoord>
          <yCoord>243</yCoord>
        </edgeMap>
        <edgeMap>
          <xCoord>394</xCoord>
          <yCoord>242</yCoord>
        </edgeMap>
        <edgeMap>
          <xCoord>394</xCoord>
          <yCoord>241</yCoord>
        </edgeMap>
        <edgeMap>
          <xCoord>393</xCoord>
          <yCoord>240</yCoord>
        </edgeMap>
        <edgeMap>
          <xCoord>393</xCoord>
          <yCoord>239</yCoord>
        </edgeMap>
        <edgeMap>
          <xCoord>392</xCoord>
          <yCoord>238</yCoord>
        </edgeMap>
        <edgeMap>
          <xCoord>391</xCoord>
          <yCoord>238</yCoord>
        </edgeMap>
        <edgeMap>
          <xCoord>390</xCoord>
          <yCoord>238</yCoord>
        </edgeMap>
      </roi>
      <roi>
        <imageZposition>-163.000000 </imageZposition>
        <imageSOP_UID>1.3.6.1.4.1.14519.5.2.1.6279.6001.705625234000317041638848313957</imageSOP_UID>
        <inclusion>TRUE</inclusion>
        <edgeMap>
          <xCoord>390</xCoord>
          <yCoord>241</yCoord>
        </edgeMap>
        <edgeMap>
          <xCoord>389</xCoord>
          <yCoord>242</yCoord>
        </edgeMap>
        <edgeMap>
          <xCoord>388</xCoord>
          <yCoord>243</yCoord>
        </edgeMap>
        <edgeMap>
          <xCoord>388</xCoord>
          <yCoord>244</yCoord>
        </edgeMap>
        <edgeMap>
          <xCoord>389</xCoord>
          <yCoord>245</yCoord>
        </edgeMap>
        <edgeMap>
          <xCoord>390</xCoord>
          <yCoord>246</yCoord>
        </edgeMap>
        <edgeMap>
          <xCoord>391</xCoord>
          <yCoord>246</yCoord>
        </edgeMap>
        <edgeMap>
          <xCoord>392</xCoord>
          <yCoord>246</yCoord>
        </edgeMap>
        <edgeMap>
          <xCoord>393</xCoord>
          <yCoord>246</yCoord>
        </edgeMap>
        <edgeMap>
          <xCoord>394</xCoord>
          <yCoord>245</yCoord>
        </edgeMap>
        <edgeMap>
          <xCoord>393</xCoord>
          <yCoord>244</yCoord>
        </edgeMap>
        <edgeMap>
          <xCoord>393</xCoord>
          <yCoord>243</yCoord>
        </edgeMap>
        <edgeMap>
          <xCoord>392</xCoord>
          <yCoord>242</yCoord>
        </edgeMap>
        <edgeMap>
          <xCoord>391</xCoord>
          <yCoord>241</yCoord>
        </edgeMap>
        <edgeMap>
          <xCoord>390</xCoord>
          <yCoord>241</yCoord>
        </edgeMap>
      </roi>
    </unblindedReadNodule>
    <nonNodule>
      <nonNoduleID>_Non-nodule 001</nonNoduleID>
      <imageZposition>-89.250000</imageZposition>
      <imageSOP_UID>1.3.6.1.4.1.14519.5.2.1.6279.6001.790181958479167751118196820898</imageSOP_UID>
      <locus>
        <xCoord>324</xCoord>
        <yCoord>273</yCoord>
      </locus>
    </nonNodule>
    <nonNodule>
      <nonNoduleID>_Non-nodule 002</nonNoduleID>
      <imageZposition>-93.000000</imageZposition>
      <imageSOP_UID>1.3.6.1.4.1.14519.5.2.1.6279.6001.321284715655729371592934289122</imageSOP_UID>
      <locus>
        <xCoord>400</xCoord>
        <yCoord>282</yCoord>
      </locus>
    </nonNodule>
    <nonNodule>
      <nonNoduleID>_Non-nodule 003</nonNoduleID>
      <imageZposition>-205.500000 </imageZposition>
      <imageSOP_UID>1.3.6.1.4.1.14519.5.2.1.6279.6001.191681781492392797455266334511</imageSOP_UID>
      <locus>
        <xCoord>385</xCoord>
        <yCoord>357</yCoord>
      </locus>
    </nonNodule>
    <nonNodule>
      <nonNoduleID>_Non-nodule 004</nonNoduleID>
      <imageZposition>-280.500000 </imageZposition>
      <imageSOP_UID>1.3.6.1.4.1.14519.5.2.1.6279.6001.793872031844056373759496778186</imageSOP_UID>
      <locus>
        <xCoord>111</xCoord>
        <yCoord>337</yCoord>
      </locus>
    </nonNodule>
    <nonNodule>
      <nonNoduleID>_Non-nodule 005</nonNoduleID>
      <imageZposition>-221.750000 </imageZposition>
      <imageSOP_UID>1.3.6.1.4.1.14519.5.2.1.6279.6001.209730560601239951039946800074</imageSOP_UID>
      <locus>
        <xCoord>379</xCoord>
        <yCoord>354</yCoord>
      </locus>
    </nonNodule>
    <nonNodule>
      <nonNoduleID>_Non-nodule 006</nonNoduleID>
      <imageZposition>-50.500000</imageZposition>
      <imageSOP_UID>1.3.6.1.4.1.14519.5.2.1.6279.6001.332882735084286015863623434826</imageSOP_UID>
      <locus>
        <xCoord>354</xCoord>
        <yCoord>315</yCoord>
      </locus>
    </nonNodule>
    <nonNodule>
      <nonNoduleID>_Non-nodule 007</nonNoduleID>
      <imageZposition>-109.250000 </imageZposition>
      <imageSOP_UID>1.3.6.1.4.1.14519.5.2.1.6279.6001.156692617638598193826345651377</imageSOP_UID>
      <locus>
        <xCoord>314</xCoord>
        <yCoord>244</yCoord>
      </locus>
    </nonNodule>
    <nonNodule>
      <nonNoduleID>_Non-nodule 008</nonNoduleID>
      <imageZposition>-54.250000</imageZposition>
      <imageSOP_UID>1.3.6.1.4.1.14519.5.2.1.6279.6001.109674659396405601582073134024</imageSOP_UID>
      <locus>
        <xCoord>232</xCoord>
        <yCoord>265</yCoord>
      </locus>
    </nonNodule>
  </readingSession>
</LidcReadMessage>