<?xml version="1.0" encoding="UTF-8"?>
<LidcReadMessage uid="1.3.6.1.4.1.14519.5.2.1.6279.6001.1307390655220.0" xmlns="http://www.nih.gov" xmlns:xsi="http://www.w3.org/2001/XMLSchema-instance" xsi:schemaLocation="http://www.nih.gov       http://troll.rad.med.umich.edu/lidc/LidcReadMessage.xsd">
  <ResponseHeader>
    <Version>1.8</Version>
    <MessageId>UM1.3.6.1.4.1.9328.50.12.265763</MessageId>
    <DateRequest>2008-08-07</DateRequest>
    <TimeRequest>00:00:00</TimeRequest>
    <RequestingSite>removed</RequestingSite>
    <ServicingSite>removed</ServicingSite>
    <TaskDescription>Second unblinded read</TaskDescription>
    <CtImageFile>removed</CtImageFile>
    <SeriesInstanceUid>1.3.6.1.4.1.14519.5.2.1.6279.6001.367204840301639918160517361062</SeriesInstanceUid>
    <DateService>2008-08-07</DateService>
    <TimeService>00:00:00</TimeService>
    <ResponseDescription>1 - Reading complete</ResponseDescription>
  <StudyInstanceUID>1.3.6.1.4.1.14519.5.2.1.6279.6001.561164700626233888666112673613</StudyInstanceUID></ResponseHeader>
	<readingSession>
		<annotationVersion>3.12</annotationVersion>
		<servicingRadiologistID>anon</servicingRadiologistID>
			<unblindedReadNodule>
				<noduleID>0</noduleID>
				<characteristics>
					<subtlety>5</subtlety>
					<internalStructure>1</internalStructure>
					<calcification>6</calcification>
					<sphericity>5</sphericity>
					<margin>5</margin>
					<lobulation>4</lobulation>
					<spiculation>1</spiculation>
					<texture>5</texture>
					<malignancy>3</malignancy>
				</characteristics>
				<roi>
					<imageZposition>-102.25</imageZposition>
					<imageSOP_UID>1.3.6.1.4.1.14519.5.2.1.6279.6001.263182287422367875839911046341</imageSOP_UID>
					<inclusion>TRUE</inclusion>
					<edgeMap>
					<xCoord>130</xCoord>
					<yCoord>341</yCoord>
					</edgeMap>
					<edgeMap>
					<xCoord>129</xCoord>
					<yCoord>340</yCoord>
					</edgeMap>
					<edgeMap>
					<xCoord>129</xCoord>
					<yCoord>339</yCoord>
					</edgeMap>
					<edgeMap>
					<xCoord>129</xCoord>
					<yCoord>338</yCoord>
					</edgeMap>
					<edgeMap>
					<xCoord>129</xCoord>
					<yCoord>337</yCoord>
					</edgeMap>
					<edgeMap>
					<xCoord>129</xCoord>
					<yCoord>336</yCoord>
					</edgeMap>
					<edgeMap>
					<xCoord>130</xCoord>
					<yCoord>335</yCoord>
					</edgeMap>
					<edgeMap>
					<xCoord>130</xCoord>
					<yCoord>334</yCoord>
					</edgeMap>
					<edgeMap>
					<xCoord>131</xCoord>
					<yCoord>334</yCoord>
					</edgeMap>
					<edgeMap>
					<xCoord>132</xCoord>
					<yCoord>334</yCoord>
					</edgeMap>
					<edgeMap>
					<xCoord>133</xCoord>
					<yCoord>334</yCoord>
					</edgeMap>
					<edgeMap>
					<xCoord>134</xCoord>
					<yCoord>334</yCoord>
					</edgeMap>
					<edgeMap>
					<xCoord>135</xCoord>
					<yCoord>334</yCoord>
					</edgeMap>
					<edgeMap>
					<xCoord>135</xCoord>
					<yCoord>335</yCoord>
					</edgeMap>
					<edgeMap>
					<xCoord>135</xCoord>
					<yCoord>336</yCoord>
					</edgeMap>
					<edgeMap>
					<xCoord>136</xCoord>
					<yCoord>337</yCoord>
					</edgeMap>
					<edgeMap>
					<xCoord>136</xCoord>
					<yCoord>338</yCoord>
					</edgeMap>
					<edgeMap>
					<xCoord>136</xCoord>
					<yCoord>339</yCoord>
					</edgeMap>
					<edgeMap>
					<xCoord>137</xCoord>
					<yCoord>340</yCoord>
					</edgeMap>
					<edgeMap>
					<xCoord>137</xCoord>
					<yCoord>341</yCoord>
					</edgeMap>
					<edgeMap>
					<xCoord>137</xCoord>
					<yCoord>342</yCoord>
					</edgeMap>
					<edgeMap>
					<xCoord>137</xCoord>
					<yCoord>343</yCoord>
					</edgeMap>
					<edgeMap>
					<xCoord>136</xCoord>
					<yCoord>344</yCoord>
					</edgeMap>
					<edgeMap>
					<xCoord>135</xCoord>
					<yCoord>345</yCoord>
					</edgeMap>
					<edgeMap>
					<xCoord>134</xCoord>
					<yCoord>346</yCoord>
					</edgeMap>
					<edgeMap>
					<xCoord>133</xCoord>
					<yCoord>346</yCoord>
					</edgeMap>
					<edgeMap>
					<xCoord>132</xCoord>
					<yCoord>346</yCoord>
					</edgeMap>
					<edgeMap>
					<xCoord>131</xCoord>
					<yCoord>346</yCoord>
					</edgeMap>
					<edgeMap>
					<xCoord>131</xCoord>
					<yCoord>345</yCoord>
					</edgeMap>
					<edgeMap>
					<xCoord>131</xCoord>
					<yCoord>344</yCoord>
					</edgeMap>
					<edgeMap>
					<xCoord>131</xCoord>
					<yCoord>343</yCoord>
					</edgeMap>
					<edgeMap>
					<xCoord>131</xCoord>
					<yCoord>342</yCoord>
					</edgeMap>
					<edgeMap>
					<xCoord>130</xCoord>
					<yCoord>341</yCoord>
					</edgeMap>
				</roi>
				<roi>
					<imageZposition>-104.75</imageZposition>
					<imageSOP_UID>1.3.6.1.4.1.14519.5.2.1.6279.6001.142208788636787175790585875782</imageSOP_UID>
					<inclusion>TRUE</inclusion>
					<edgeMap>
					<xCoord>130</xCoord>
					<yCoord>340</yCoord>
					</edgeMap>
					<edgeMap>
					<xCoord>130</xCoord>
					<yCoord>339</yCoord>
					</edgeMap>
					<edgeMap>
					<xCoord>129</xCoord>
					<yCoord>338</yCoord>
					</edgeMap>
					<edgeMap>
					<xCoord>129</xCoord>
					<yCoord>337</yCoord>
					</edgeMap>
					<edgeMap>
					<xCoord>129</xCoord>
					<yCoord>336</yCoord>
					</edgeMap>
					<edgeMap>
					<xCoord>128</xCoord>
					<yCoord>335</yCoord>
					</edgeMap>
					<edgeMap>
					<xCoord>129</xCoord>
					<yCoord>335</yCoord>
					</edgeMap>
					<edgeMap>
					<xCoord>130</xCoord>
					<yCoord>334</yCoord>
					</edgeMap>
					<edgeMap>
					<xCoord>131</xCoord>
					<yCoord>333</yCoord>
					</edgeMap>
					<edgeMap>
					<xCoord>132</xCoord>
					<yCoord>333</yCoord>
					</edgeMap>
					<edgeMap>
					<xCoord>132</xCoord>
					<yCoord>332</yCoord>
					</edgeMap>
					<edgeMap>
					<xCoord>133</xCoord>
					<yCoord>332</yCoord>
					</edgeMap>
					<edgeMap>
					<xCoord>134</xCoord>
					<yCoord>332</yCoord>
					</edgeMap>
					<edgeMap>
					<xCoord>135</xCoord>
					<yCoord>332</yCoord>
					</edgeMap>
					<edgeMap>
					<xCoord>136</xCoord>
					<yCoord>332</yCoord>
					</edgeMap>
					<edgeMap>
					<xCoord>137</xCoord>
					<yCoord>333</yCoord>
					</edgeMap>
					<edgeMap>
					<xCoord>138</xCoord>
					<yCoord>334</yCoord>
					</edgeMap>
					<edgeMap>
					<xCoord>139</xCoord>
					<yCoord>334</yCoord>
					</edgeMap>
					<edgeMap>
					<xCoord>138</xCoord>
					<yCoord>335</yCoord>
					</edgeMap>
					<edgeMap>
					<xCoord>137</xCoord>
					<yCoord>336</yCoord>
					</edgeMap>
					<edgeMap>
					<xCoord>137</xCoord>
					<yCoord>337</yCoord>
					</edgeMap>
					<edgeMap>
					<xCoord>137</xCoord>
					<yCoord>338</yCoord>
					</edgeMap>
					<edgeMap>
					<xCoord>137</xCoord>
					<yCoord>339</yCoord>
					</edgeMap>
					<edgeMap>
					<xCoord>137</xCoord>
					<yCoord>340</yCoord>
					</edgeMap>
					<edgeMap>
					<xCoord>137</xCoord>
					<yCoord>341</yCoord>
					</edgeMap>
					<edgeMap>
					<xCoord>138</xCoord>
					<yCoord>341</yCoord>
					</edgeMap>
					<edgeMap>
					<xCoord>137</xCoord>
					<yCoord>342</yCoord>
					</edgeMap>
					<edgeMap>
					<xCoord>137</xCoord>
					<yCoord>343</yCoord>
					</edgeMap>
					<edgeMap>
					<xCoord>136</xCoord>
					<yCoord>344</yCoord>
					</edgeMap>
					<edgeMap>
					<xCoord>135</xCoord>
					<yCoord>344</yCoord>
					</edgeMap>
					<edgeMap>
					<xCoord>134</xCoord>
					<yCoord>344</yCoord>
					</edgeMap>
					<edgeMap>
					<xCoord>133</xCoord>
					<yCoord>344</yCoord>
					</edgeMap>
					<edgeMap>
					<xCoord>132</xCoord>
					<yCoord>344</yCoord>
					</edgeMap>
					<edgeMap>
					<xCoord>131</xCoord>
					<yCoord>343</yCoord>
					</edgeMap>
					<edgeMap>
					<xCoord>130</xCoord>
					<yCoord>343</yCoord>
					</edgeMap>
					<edgeMap>
					<xCoord>130</xCoord>
					<yCoord>342</yCoord>
					</edgeMap>
					<edgeMap>
					<xCoord>130</xCoord>
					<yCoord>341</yCoord>
					</edgeMap>
					<edgeMap>
					<xCoord>130</xCoord>
					<yCoord>340</yCoord>
					</edgeMap>
				</roi>
				<roi>
					<imageZposition>-107.25</imageZposition>
					<imageSOP_UID>1.3.6.1.4.1.14519.5.2.1.6279.6001.176295553556092782050197149780</imageSOP_UID>
					<inclusion>TRUE</inclusion>
					<edgeMap>
					<xCoord>130</xCoord>
					<yCoord>334</yCoord>
					</edgeMap>
					<edgeMap>
					<xCoord>130</xCoord>
					<yCoord>333</yCoord>
					</edgeMap>
					<edgeMap>
					<xCoord>130</xCoord>
					<yCoord>332</yCoord>
					</edgeMap>
					<edgeMap>
					<xCoord>130</xCoord>
					<yCoord>331</yCoord>
					</edgeMap>
					<edgeMap>
					<xCoord>131</xCoord>
					<yCoord>331</yCoord>
					</edgeMap>
					<edgeMap>
					<xCoord>132</xCoord>
					<yCoord>330</yCoord>
					</edgeMap>
					<edgeMap>
					<xCoord>133</xCoord>
					<yCoord>330</yCoord>
					</edgeMap>
					<edgeMap>
					<xCoord>134</xCoord>
					<yCoord>330</yCoord>
					</edgeMap>
					<edgeMap>
					<xCoord>135</xCoord>
					<yCoord>331</yCoord>
					</edgeMap>
					<edgeMap>
					<xCoord>136</xCoord>
					<yCoord>331</yCoord>
					</edgeMap>
					<edgeMap>
					<xCoord>137</xCoord>
					<yCoord>331</yCoord>
					</edgeMap>
					<edgeMap>
					<xCoord>138</xCoord>
					<yCoord>331</yCoord>
					</edgeMap>
					<edgeMap>
					<xCoord>139</xCoord>
					<yCoord>332</yCoord>
					</edgeMap>
					<edgeMap>
					<xCoord>139</xCoord>
					<yCoord>333</yCoord>
					</edgeMap>
					<edgeMap>
					<xCoord>139</xCoord>
					<yCoord>334</yCoord>
					</edgeMap>
					<edgeMap>
					<xCoord>139</xCoord>
					<yCoord>335</yCoord>
					</edgeMap>
					<edgeMap>
					<xCoord>139</xCoord>
					<yCoord>336</yCoord>
					</edgeMap>
					<edgeMap>
					<xCoord>139</xCoord>
					<yCoord>337</yCoord>
					</edgeMap>
					<edgeMap>
					<xCoord>138</xCoord>
					<yCoord>338</yCoord>
					</edgeMap>
					<edgeMap>
					<xCoord>137</xCoord>
					<yCoord>339</yCoord>
					</edgeMap>
					<edgeMap>
					<xCoord>136</xCoord>
					<yCoord>339</yCoord>
					</edgeMap>
					<edgeMap>
					<xCoord>136</xCoord>
					<yCoord>340</yCoord>
					</edgeMap>
					<edgeMap>
					<xCoord>136</xCoord>
					<yCoord>341</yCoord>
					</edgeMap>
					<edgeMap>
					<xCoord>135</xCoord>
					<yCoord>342</yCoord>
					</edgeMap>
					<edgeMap>
					<xCoord>134</xCoord>
					<yCoord>343</yCoord>
					</edgeMap>
					<edgeMap>
					<xCoord>133</xCoord>
					<yCoord>343</yCoord>
					</edgeMap>
					<edgeMap>
					<xCoord>132</xCoord>
					<yCoord>343</yCoord>
					</edgeMap>
					<edgeMap>
					<xCoord>131</xCoord>
					<yCoord>342</yCoord>
					</edgeMap>
					<edgeMap>
					<xCoord>130</xCoord>
					<yCoord>341</yCoord>
					</edgeMap>
					<edgeMap>
					<xCoord>129</xCoord>
					<yCoord>340</yCoord>
					</edgeMap>
					<edgeMap>
					<xCoord>129</xCoord>
					<yCoord>339</yCoord>
					</edgeMap>
					<edgeMap>
					<xCoord>129</xCoord>
					<yCoord>338</yCoord>
					</edgeMap>
					<edgeMap>
					<xCoord>129</xCoord>
					<yCoord>337</yCoord>
					</edgeMap>
					<edgeMap>
					<xCoord>129</xCoord>
					<yCoord>336</yCoord>
					</edgeMap>
					<edgeMap>
					<xCoord>130</xCoord>
					<yCoord>335</yCoord>
					</edgeMap>
					<edgeMap>
					<xCoord>130</xCoord>
					<yCoord>334</yCoord>
					</edgeMap>
				</roi>
				<roi>
					<imageZposition>-109.75</imageZposition>
					<imageSOP_UID>1.3.6.1.4.1.14519.5.2.1.6279.6001.178010404443608921420506453724</imageSOP_UID>
					<inclusion>TRUE</inclusion>
					<edgeMap>
					<xCoord>130</xCoord>
					<yCoord>334</yCoord>
					</edgeMap>
					<edgeMap>
					<xCoord>131</xCoord>
					<yCoord>333</yCoord>
					</edgeMap>
					<edgeMap>
					<xCoord>132</xCoord>
					<yCoord>332</yCoord>
					</edgeMap>
					<edgeMap>
					<xCoord>133</xCoord>
					<yCoord>331</yCoord>
					</edgeMap>
					<edgeMap>
					<xCoord>134</xCoord>
					<yCoord>331</yCoord>
					</edgeMap>
					<edgeMap>
					<xCoord>135</xCoord>
					<yCoord>331</yCoord>
					</edgeMap>
					<edgeMap>
					<xCoord>136</xCoord>
					<yCoord>331</yCoord>
					</edgeMap>
					<edgeMap>
					<xCoord>137</xCoord>
					<yCoord>331</yCoord>
					</edgeMap>
					<edgeMap>
					<xCoord>138</xCoord>
					<yCoord>331</yCoord>
					</edgeMap>
					<edgeMap>
					<xCoord>139</xCoord>
					<yCoord>331</yCoord>
					</edgeMap>
					<edgeMap>
					<xCoord>138</xCoord>
					<yCoord>332</yCoord>
					</edgeMap>
					<edgeMap>
					<xCoord>138</xCoord>
					<yCoord>333</yCoord>
					</edgeMap>
					<edgeMap>
					<xCoord>138</xCoord>
					<yCoord>334</yCoord>
					</edgeMap>
					<edgeMap>
					<xCoord>139</xCoord>
					<yCoord>335</yCoord>
					</edgeMap>
					<edgeMap>
					<xCoord>139</xCoord>
					<yCoord>336</yCoord>
					</edgeMap>
					<edgeMap>
					<xCoord>140</xCoord>
					<yCoord>337</yCoord>
					</edgeMap>
					<edgeMap>
					<xCoord>139</xCoord>
					<yCoord>338</yCoord>
					</edgeMap>
					<edgeMap>
					<xCoord>138</xCoord>
					<yCoord>338</yCoord>
					</edgeMap>
					<edgeMap>
					<xCoord>137</xCoord>
					<yCoord>338</yCoord>
					</edgeMap>
					<edgeMap>
					<xCoord>136</xCoord>
					<yCoord>339</yCoord>
					</edgeMap>
					<edgeMap>
					<xCoord>135</xCoord>
					<yCoord>339</yCoord>
					</edgeMap>
					<edgeMap>
					<xCoord>134</xCoord>
					<yCoord>340</yCoord>
					</edgeMap>
					<edgeMap>
					<xCoord>133</xCoord>
					<yCoord>340</yCoord>
					</edgeMap>
					<edgeMap>
					<xCoord>132</xCoord>
					<yCoord>340</yCoord>
					</edgeMap>
					<edgeMap>
					<xCoord>131</xCoord>
					<yCoord>341</yCoord>
					</edgeMap>
					<edgeMap>
					<xCoord>130</xCoord>
					<yCoord>340</yCoord>
					</edgeMap>
					<edgeMap>
					<xCoord>129</xCoord>
					<yCoord>339</yCoord>
					</edgeMap>
					<edgeMap>
					<xCoord>129</xCoord>
					<yCoord>338</yCoord>
					</edgeMap>
					<edgeMap>
					<xCoord>129</xCoord>
					<yCoord>337</yCoord>
					</edgeMap>
					<edgeMap>
					<xCoord>129</xCoord>
					<yCoord>336</yCoord>
					</edgeMap>
					<edgeMap>
					<xCoord>129</xCoord>
					<yCoord>335</yCoord>
					</edgeMap>
					<edgeMap>
					<xCoord>130</xCoord>
					<yCoord>334</yCoord>
					</edgeMap>
				</roi>
			</unblindedReadNodule>
			<nonNodule>
				<nonNoduleID>1</nonNoduleID>
				<imageZposition>-252.25</imageZposition>
				<imageSOP_UID>1.3.6.1.4.1.14519.5.2.1.6279.6001.307385541673220144562385717896</imageSOP_UID>
				<locus>
					<xCoord>162</xCoord>
					<yCoord>397</yCoord>
				</locus>
			</nonNodule>
	</readingSession>
<readingSession>
<annotationVersion>3.12</annotationVersion>
<servicingRadiologistID>anon</servicingRadiologistID>
<unblindedReadNodule>
<noduleID>124231</noduleID>
<characteristics>
<subtlety>4</subtlety>
<internalStructure>1</internalStructure>
<calcification>6</calcification>
<sphericity>3</sphericity>
<margin>4</margin>
<lobulation>3</lobulation>
<spiculation>2</spiculation>
<texture>5</texture>
<malignancy>3</malignancy>
</characteristics>
<roi>
<imageZposition>-102.25</imageZposition>
<imageSOP_UID>1.3.6.1.4.1.14519.5.2.1.6279.6001.263182287422367875839911046341</imageSOP_UID>
<inclusion>TRUE</inclusion>
<edgeMap>
<xCoord>133</xCoord>
<yCoord>340</yCoord>
</edgeMap>
<edgeMap>
<xCoord>134</xCoord>
<yCoord>339</yCoord>
</edgeMap>
<edgeMap>
<xCoord>134</xCoord>
<yCoord>338</yCoord>
</edgeMap>
<edgeMap>
<xCoord>134</xCoord>
<yCoord>337</yCoord>
</edgeMap>
<edgeMap>
<xCoord>133</xCoord>
<yCoord>336</yCoord>
</edgeMap>
<edgeMap>
<xCoord>132</xCoord>
<yCoord>335</yCoord>
</edgeMap>
<edgeMap>
<xCoord>131</xCoord>
<yCoord>335</yCoord>
</edgeMap>
<edgeMap>
<xCoord>130</xCoord>
<yCoord>336</yCoord>
</edgeMap>
<edgeMap>
<xCoord>129</xCoord>
<yCoord>337</yCoord>
</edgeMap>
<edgeMap>
<xCoord>129</xCoord>
<yCoord>338</yCoord>
</edgeMap>
<edgeMap>
<xCoord>130</xCoord>
<yCoord>339</yCoord>
</edgeMap>
<edgeMap>
<xCoord>131</xCoord>
<yCoord>340</yCoord>
</edgeMap>
<edgeMap>
<xCoord>132</xCoord>
<yCoord>340</yCoord>
</edgeMap>
<edgeMap>
<xCoord>133</xCoord>
<yCoord>340</yCoord>
</edgeMap>
</roi>
<roi>
<imageZposition>-104.75</imageZposition>
<imageSOP_UID>1.3.6.1.4.1.14519.5.2.1.6279.6001.142208788636787175790585875782</imageSOP_UID>
<inclusion>TRUE</inclusion>
<edgeMap>
<xCoord>135</xCoord>
<yCoord>343</yCoord>
</edgeMap>
<edgeMap>
<xCoord>136</xCoord>
<yCoord>342</yCoord>
</edgeMap>
<edgeMap>
<xCoord>136</xCoord>
<yCoord>341</yCoord>
</edgeMap>
<edgeMap>
<xCoord>136</xCoord>
<yCoord>340</yCoord>
</edgeMap>
<edgeMap>
<xCoord>136</xCoord>
<yCoord>339</yCoord>
</edgeMap>
<edgeMap>
<xCoord>136</xCoord>
<yCoord>338</yCoord>
</edgeMap>
<edgeMap>
<xCoord>136</xCoord>
<yCoord>337</yCoord>
</edgeMap>
<edgeMap>
<xCoord>136</xCoord>
<yCoord>336</yCoord>
</edgeMap>
<edgeMap>
<xCoord>137</xCoord>
<yCoord>335</yCoord>
</edgeMap>
<edgeMap>
<xCoord>137</xCoord>
<yCoord>334</yCoord>
</edgeMap>
<edgeMap>
<xCoord>137</xCoord>
<yCoord>333</yCoord>
</edgeMap>
<edgeMap>
<xCoord>136</xCoord>
<yCoord>332</yCoord>
</edgeMap>
<edgeMap>
<xCoord>135</xCoord>
<yCoord>331</yCoord>
</edgeMap>
<edgeMap>
<xCoord>134</xCoord>
<yCoord>331</yCoord>
</edgeMap>
<edgeMap>
<xCoord>133</xCoord>
<yCoord>332</yCoord>
</edgeMap>
<edgeMap>
<xCoord>133</xCoord>
<yCoord>333</yCoord>
</edgeMap>
<edgeMap>
<xCoord>132</xCoord>
<yCoord>334</yCoord>
</edgeMap>
<edgeMap>
<xCoord>131</xCoord>
<yCoord>335</yCoord>
</edgeMap>
<edgeMap>
<xCoord>130</xCoord>
<yCoord>336</yCoord>
</edgeMap>
<edgeMap>
<xCoord>130</xCoord>
<yCoord>337</yCoord>
</edgeMap>
<edgeMap>
<xCoord>130</xCoord>
<yCoord>338</yCoord>
</edgeMap>
<edgeMap>
<xCoord>131</xCoord>
<yCoord>339</yCoord>
</edgeMap>
<edgeMap>
<xCoord>131</xCoord>
<yCoord>340</yCoord>
</edgeMap>
<edgeMap>
<xCoord>132</xCoord>
<yCoord>341</yCoord>
</edgeMap>
<edgeMap>
<xCoord>133</xCoord>
<yCoord>342</yCoord>
</edgeMap>
<edgeMap>
<xCoord>134</xCoord>
<yCoord>343</yCoord>
</edgeMap>
<edgeMap>
<xCoord>135</xCoord>
<yCoord>343</yCoord>
</edgeMap>
</roi>
<roi>
<imageZposition>-107.25</imageZposition>
<imageSOP_UID>1.3.6.1.4.1.14519.5.2.1.6279.6001.176295553556092782050197149780</imageSOP_UID>
<inclusion>TRUE</inclusion>
<edgeMap>
<xCoord>135</xCoord>
<yCoord>341</yCoord>
</edgeMap>
<edgeMap>
<xCoord>136</xCoord>
<yCoord>340</yCoord>
</edgeMap>
<edgeMap>
<xCoord>136</xCoord>
<yCoord>339</yCoord>
</edgeMap>
<edgeMap>
<xCoord>136</xCoord>
<yCoord>338</yCoord>
</edgeMap>
<edgeMap>
<xCoord>137</xCoord>
<yCoord>337</yCoord>
</edgeMap>
<edgeMap>
<xCoord>138</xCoord>
<yCoord>336</yCoord>
</edgeMap>
<edgeMap>
<xCoord>138</xCoord>
<yCoord>335</yCoord>
</edgeMap>
<edgeMap>
<xCoord>138</xCoord>
<yCoord>334</yCoord>
</edgeMap>
<edgeMap>
<xCoord>137</xCoord>
<yCoord>333</yCoord>
</edgeMap>
<edgeMap>
<xCoord>136</xCoord>
<yCoord>332</yCoord>
</edgeMap>
<edgeMap>
<xCoord>135</xCoord>
<yCoord>332</yCoord>
</edgeMap>
<edgeMap>
<xCoord>134</xCoord>
<yCoord>332</yCoord>
</edgeMap>
<edgeMap>
<xCoord>133</xCoord>
<yCoord>332</yCoord>
</edgeMap>
<edgeMap>
<xCoord>132</xCoord>
<yCoord>332</yCoord>
</edgeMap>
<edgeMap>
<xCoord>132</xCoord>
<yCoord>333</yCoord>
</edgeMap>
<edgeMap>
<xCoord>132</xCoord>
<yCoord>334</yCoord>
</edgeMap>
<edgeMap>
<xCoord>131</xCoord>
<yCoord>335</yCoord>
</edgeMap>
<edgeMap>
<xCoord>130</xCoord>
<yCoord>336</yCoord>
</edgeMap>
<edgeMap>
<xCoord>130</xCoord>
<yCoord>337</yCoord>
</edgeMap>
<edgeMap>
<xCoord>130</xCoord>
<yCoord>338</yCoord>
</edgeMap>
<edgeMap>
<xCoord>131</xCoord>
<yCoord>339</yCoord>
</edgeMap>
<edgeMap>
<xCoord>131</xCoord>
<yCoord>340</yCoord>
</edgeMap>
<edgeMap>
<xCoord>132</xCoord>
<yCoord>341</yCoord>
</edgeMap>
<edgeMap>
<xCoord>133</xCoord>
<yCoord>341</yCoord>
</edgeMap>
<edgeMap>
<xCoord>134</xCoord>
<yCoord>341</yCoord>
</edgeMap>
<edgeMap>
<xCoord>135</xCoord>
<yCoord>341</yCoord>
</edgeMap>
</roi>
<roi>
<imageZposition>-109.75</imageZposition>
<imageSOP_UID>1.3.6.1.4.1.14519.5.2.1.6279.6001.178010404443608921420506453724</imageSOP_UID>
<inclusion>TRUE</inclusion>
<edgeMap>
<xCoord>133</xCoord>
<yCoord>339</yCoord>
</edgeMap>
<edgeMap>
<xCoord>134</xCoord>
<yCoord>338</yCoord>
</edgeMap>
<edgeMap>
<xCoord>135</xCoord>
<yCoord>338</yCoord>
</edgeMap>
<edgeMap>
<xCoord>136</xCoord>
<yCoord>337</yCoord>
</edgeMap>
<edgeMap>
<xCoord>137</xCoord>
<yCoord>337</yCoord>
</edgeMap>
<edgeMap>
<xCoord>138</xCoord>
<yCoord>336</yCoord>
</edgeMap>
<edgeMap>
<xCoord>138</xCoord>
<yCoord>335</yCoord>
</edgeMap>
<edgeMap>
<xCoord>137</xCoord>
<yCoord>334</yCoord>
</edgeMap>
<edgeMap>
<xCoord>137</xCoord>
<yCoord>333</yCoord>
</edgeMap>
<edgeMap>
<xCoord>137</xCoord>
<yCoord>332</yCoord>
</edgeMap>
<edgeMap>
<xCoord>136</xCoord>
<yCoord>332</yCoord>
</edgeMap>
<edgeMap>
<xCoord>135</xCoord>
<yCoord>332</yCoord>
</edgeMap>
<edgeMap>
<xCoord>134</xCoord>
<yCoord>332</yCoord>
</edgeMap>
<edgeMap>
<xCoord>133</xCoord>
<yCoord>332</yCoord>
</edgeMap>
<edgeMap>
<xCoord>132</xCoord>
<yCoord>333</yCoord>
</edgeMap>
<edgeMap>
<xCoord>132</xCoord>
<yCoord>334</yCoord>
</edgeMap>
<edgeMap>
<xCoord>132</xCoord>
<yCoord>335</yCoord>
</edgeMap>
<edgeMap>
<xCoord>131</xCoord>
<yCoord>336</yCoord>
</edgeMap>
<edgeMap>
<xCoord>130</xCoord>
<yCoord>337</yCoord>
</edgeMap>
<edgeMap>
<xCoord>130</xCoord>
<yCoord>338</yCoord>
</edgeMap>
<edgeMap>
<xCoord>131</xCoord>
<yCoord>339</yCoord>
</edgeMap>
<edgeMap>
<xCoord>132</xCoord>
<yCoord>339</yCoord>
</edgeMap>
<edgeMap>
<xCoord>133</xCoord>
<yCoord>339</yCoord>
</edgeMap>
</roi>
</unblindedReadNodule>
</readingSession>
  <readingSession>
    <annotationVersion>3.12</annotationVersion>
    <servicingRadiologistID>anon</servicingRadiologistID>
    <unblindedReadNodule>
      <noduleID>Nodule 001</noduleID>
      <characteristics>
        <subtlety>4</subtlety>
        <internalStructure>1</internalStructure>
        <calcification>6</calcification>
        <sphericity>3</sphericity>
        <margin>4</margin>
        <lobulation>2</lobulation>
        <spiculation>1</spiculation>
        <texture>5</texture>
        <malignancy>4</malignancy>
      </characteristics>
      <roi>
        <imageZposition>-109.750000 </imageZposition>
        <imageSOP_UID>1.3.6.1.4.1.14519.5.2.1.6279.6001.178010404443608921420506453724</imageSOP_UID>
        <inclusion>TRUE</inclusion>
        <edgeMap>
          <xCoord>133</xCoord>
          <yCoord>331</yCoord>
        </edgeMap>
        <edgeMap>
          <xCoord>132</xCoord>
          <yCoord>332</yCoord>
        </edgeMap>
        <edgeMap>
          <xCoord>132</xCoord>
          <yCoord>333</yCoord>
        </edgeMap>
        <edgeMap>
          <xCoord>131</xCoord>
          <yCoord>334</yCoord>
        </edgeMap>
        <edgeMap>
          <xCoord>130</xCoord>
          <yCoord>334</yCoord>
        </edgeMap>
        <edgeMap>
          <xCoord>129</xCoord>
          <yCoord>335</yCoord>
        </edgeMap>
        <edgeMap>
          <xCoord>129</xCoord>
          <yCoord>336</yCoord>
        </edgeMap>
        <edgeMap>
          <xCoord>129</xCoord>
          <yCoord>337</yCoord>
        </edgeMap>
        <edgeMap>
          <xCoord>129</xCoord>
          <yCoord>338</yCoord>
        </edgeMap>
        <edgeMap>
          <xCoord>130</xCoord>
          <yCoord>339</yCoord>
        </edgeMap>
        <edgeMap>
          <xCoord>131</xCoord>
          <yCoord>340</yCoord>
        </edgeMap>
        <edgeMap>
          <xCoord>132</xCoord>
          <yCoord>339</yCoord>
        </edgeMap>
        <edgeMap>
          <xCoord>133</xCoord>
          <yCoord>338</yCoord>
        </edgeMap>
        <edgeMap>
          <xCoord>134</xCoord>
          <yCoord>338</yCoord>
        </edgeMap>
        <edgeMap>
          <xCoord>135</xCoord>
          <yCoord>338</yCoord>
        </edgeMap>
        <edgeMap>
          <xCoord>136</xCoord>
          <yCoord>338</yCoord>
        </edgeMap>
        <edgeMap>
          <xCoord>137</xCoord>
          <yCoord>338</yCoord>
        </edgeMap>
        <edgeMap>
          <xCoord>138</xCoord>
          <yCoord>338</yCoord>
        </edgeMap>
        <edgeMap>
          <xCoord>139</xCoord>
          <yCoord>337</yCoord>
        </edgeMap>
        <edgeMap>
          <xCoord>138</xCoord>
          <yCoord>336</yCoord>
        </edgeMap>
        <edgeMap>
          <xCoord>138</xCoord>
          <yCoord>335</yCoord>
        </edgeMap>
        <edgeMap>
          <xCoord>138</xCoord>
          <yCoord>334</yCoord>
        </edgeMap>
        <edgeMap>
          <xCoord>138</xCoord>
          <yCoord>333</yCoord>
        </edgeMap>
        <edgeMap>
          <xCoord>137</xCoord>
          <yCoord>332</yCoord>
        </edgeMap>
        <edgeMap>
          <xCoord>136</xCoord>
          <yCoord>331</yCoord>
        </edgeMap>
        <edgeMap>
          <xCoord>135</xCoord>
          <yCoord>331</yCoord>
        </edgeMap>
        <edgeMap>
          <xCoord>134</xCoord>
          <yCoord>331</yCoord>
        </edgeMap>
        <edgeMap>
          <xCoord>133</xCoord>
          <yCoord>331</yCoord>
        </edgeMap>
      </roi>
      <roi>
        <imageZposition>-107.250000 </imageZposition>
        <imageSOP_UID>1.3.6.1.4.1.14519.5.2.1.6279.6001.176295553556092782050197149780</imageSOP_UID>
        <inclusion>TRUE</inclusion>
        <edgeMap>
          <xCoord>132</xCoord>
          <yCoord>330</yCoord>
        </edgeMap>
        <edgeMap>
          <xCoord>131</xCoord>
          <yCoord>331</yCoord>
        </edgeMap>
        <edgeMap>
          <xCoord>130</xCoord>
          <yCoord>332</yCoord>
        </edgeMap>
        <edgeMap>
          <xCoord>129</xCoord>
          <yCoord>333</yCoord>
        </edgeMap>
        <edgeMap>
          <xCoord>129</xCoord>
          <yCoord>334</yCoord>
        </edgeMap>
        <edgeMap>
          <xCoord>128</xCoord>
          <yCoord>335</yCoord>
        </edgeMap>
        <edgeMap>
          <xCoord>128</xCoord>
          <yCoord>336</yCoord>
        </edgeMap>
        <edgeMap>
          <xCoord>129</xCoord>
          <yCoord>337</yCoord>
        </edgeMap>
        <edgeMap>
          <xCoord>129</xCoord>
          <yCoord>338</yCoord>
        </edgeMap>
        <edgeMap>
          <xCoord>130</xCoord>
          <yCoord>339</yCoord>
        </edgeMap>
        <edgeMap>
          <xCoord>130</xCoord>
          <yCoord>340</yCoord>
        </edgeMap>
        <edgeMap>
          <xCoord>131</xCoord>
          <yCoord>341</yCoord>
        </edgeMap>
        <edgeMap>
          <xCoord>132</xCoord>
          <yCoord>342</yCoord>
        </edgeMap>
        <edgeMap>
          <xCoord>133</xCoord>
          <yCoord>342</yCoord>
        </edgeMap>
        <edgeMap>
          <xCoord>134</xCoord>
          <yCoord>342</yCoord>
        </edgeMap>
        <edgeMap>
          <xCoord>135</xCoord>
          <yCoord>342</yCoord>
        </edgeMap>
        <edgeMap>
          <xCoord>136</xCoord>
          <yCoord>342</yCoord>
        </edgeMap>
        <edgeMap>
          <xCoord>137</xCoord>
          <yCoord>341</yCoord>
        </edgeMap>
        <edgeMap>
          <xCoord>137</xCoord>
          <yCoord>340</yCoord>
        </edgeMap>
        <edgeMap>
          <xCoord>138</xCoord>
          <yCoord>339</yCoord>
        </edgeMap>
        <edgeMap>
          <xCoord>138</xCoord>
          <yCoord>338</yCoord>
        </edgeMap>
        <edgeMap>
          <xCoord>138</xCoord>
          <yCoord>337</yCoord>
        </edgeMap>
        <edgeMap>
          <xCoord>138</xCoord>
          <yCoord>336</yCoord>
        </edgeMap>
        <edgeMap>
          <xCoord>138</xCoord>
          <yCoord>335</yCoord>
        </edgeMap>
        <edgeMap>
          <xCoord>137</xCoord>
          <yCoord>334</yCoord>
        </edgeMap>
        <edgeMap>
          <xCoord>137</xCoord>
          <yCoord>333</yCoord>
        </edgeMap>
        <edgeMap>
          <xCoord>137</xCoord>
          <yCoord>332</yCoord>
        </edgeMap>
        <edgeMap>
          <xCoord>137</xCoord>
          <yCoord>331</yCoord>
        </edgeMap>
        <edgeMap>
          <xCoord>136</xCoord>
          <yCoord>330</yCoord>
        </edgeMap>
        <edgeMap>
          <xCoord>135</xCoord>
          <yCoord>330</yCoord>
        </edgeMap>
        <edgeMap>
          <xCoord>134</xCoord>
          <yCoord>330</yCoord>
        </edgeMap>
        <edgeMap>
          <xCoord>133</xCoord>
          <yCoord>330</yCoord>
        </edgeMap>
        <edgeMap>
          <xCoord>132</xCoord>
          <yCoord>330</yCoord>
        </edgeMap>
      </roi>
      <roi>
        <imageZposition>-104.750000 </imageZposition>
        <imageSOP_UID>1.3.6.1.4.1.14519.5.2.1.6279.6001.142208788636787175790585875782</imageSOP_UID>
        <inclusion>TRUE</inclusion>
        <edgeMap>
          <xCoord>133</xCoord>
          <yCoord>331</yCoord>
        </edgeMap>
        <edgeMap>
          <xCoord>132</xCoord>
          <yCoord>332</yCoord>
        </edgeMap>
        <edgeMap>
          <xCoord>131</xCoord>
          <yCoord>332</yCoord>
        </edgeMap>
        <edgeMap>
          <xCoord>130</xCoord>
          <yCoord>333</yCoord>
        </edgeMap>
        <edgeMap>
          <xCoord>129</xCoord>
          <yCoord>334</yCoord>
        </edgeMap>
        <edgeMap>
          <xCoord>128</xCoord>
          <yCoord>335</yCoord>
        </edgeMap>
        <edgeMap>
          <xCoord>128</xCoord>
          <yCoord>336</yCoord>
        </edgeMap>
        <edgeMap>
          <xCoord>128</xCoord>
          <yCoord>337</yCoord>
        </edgeMap>
        <edgeMap>
          <xCoord>127</xCoord>
          <yCoord>338</yCoord>
        </edgeMap>
        <edgeMap>
          <xCoord>128</xCoord>
          <yCoord>339</yCoord>
        </edgeMap>
        <edgeMap>
          <xCoord>129</xCoord>
          <yCoord>340</yCoord>
        </edgeMap>
        <edgeMap>
          <xCoord>130</xCoord>
          <yCoord>341</yCoord>
        </edgeMap>
        <edgeMap>
          <xCoord>131</xCoord>
          <yCoord>342</yCoord>
        </edgeMap>
        <edgeMap>
          <xCoord>132</xCoord>
          <yCoord>342</yCoord>
        </edgeMap>
        <edgeMap>
          <xCoord>133</xCoord>
          <yCoord>343</yCoord>
        </edgeMap>
        <edgeMap>
          <xCoord>134</xCoord>
          <yCoord>344</yCoord>
        </edgeMap>
        <edgeMap>
          <xCoord>135</xCoord>
          <yCoord>344</yCoord>
        </edgeMap>
        <edgeMap>
          <xCoord>136</xCoord>
          <yCoord>343</yCoord>
        </edgeMap>
        <edgeMap>
          <xCoord>136</xCoord>
          <yCoord>342</yCoord>
        </edgeMap>
        <edgeMap>
          <xCoord>136</xCoord>
          <yCoord>341</yCoord>
        </edgeMap>
        <edgeMap>
          <xCoord>136</xCoord>
          <yCoord>340</yCoord>
        </edgeMap>
        <edgeMap>
          <xCoord>136</xCoord>
          <yCoord>339</yCoord>
        </edgeMap>
        <edgeMap>
          <xCoord>136</xCoord>
          <yCoord>338</yCoord>
        </edgeMap>
        <edgeMap>
          <xCoord>136</xCoord>
          <yCoord>337</yCoord>
        </edgeMap>
        <edgeMap>
          <xCoord>136</xCoord>
          <yCoord>336</yCoord>
        </edgeMap>
        <edgeMap>
          <xCoord>136</xCoord>
          <yCoord>335</yCoord>
        </edgeMap>
        <edgeMap>
          <xCoord>137</xCoord>
          <yCoord>334</yCoord>
        </edgeMap>
        <edgeMap>
          <xCoord>137</xCoord>
          <yCoord>333</yCoord>
        </edgeMap>
        <edgeMap>
          <xCoord>137</xCoord>
          <yCoord>332</yCoord>
        </edgeMap>
        <edgeMap>
          <xCoord>136</xCoord>
          <yCoord>331</yCoord>
        </edgeMap>
        <edgeMap>
          <xCoord>135</xCoord>
          <yCoord>331</yCoord>
        </edgeMap>
        <edgeMap>
          <xCoord>134</xCoord>
          <yCoord>331</yCoord>
        </edgeMap>
        <edgeMap>
          <xCoord>133</xCoord>
          <yCoord>331</yCoord>
        </edgeMap>
      </roi>
    </unblindedReadNodule>
  </readingSession>
  <readingSession>
    <annotationVersion>3.12</annotationVersion>
    <servicingRadiologistID>anon</servicingRadiologistID>
    <unblindedReadNodule>
      <noduleID>134807</noduleID>
      <characteristics>
        <subtlety>4</subtlety>
        <internalStructure>1</internalStructure>
        <calcification>6</calcification>
        <sphericity>3</sphericity>
        <margin>5</margin>
        <lobulation>2</lobulation>
        <spiculation>1</spiculation>
        <texture>5</texture>
        <malignancy>2</malignancy>
      </characteristics>
      <roi>
        <imageZposition>-104.75</imageZposition>
        <imageSOP_UID>1.3.6.1.4.1.14519.5.2.1.6279.6001.142208788636787175790585875782</imageSOP_UID>
        <inclusion>TRUE</inclusion>
        <edgeMap>
          <xCoord>135</xCoord>
          <yCoord>343</yCoord>
        </edgeMap>
        <edgeMap>
          <xCoord>136</xCoord>
          <yCoord>342</yCoord>
        </edgeMap>
        <edgeMap>
          <xCoord>136</xCoord>
          <yCoord>341</yCoord>
        </edgeMap>
        <edgeMap>
          <xCoord>136</xCoord>
          <yCoord>340</yCoord>
        </edgeMap>
        <edgeMap>
          <xCoord>136</xCoord>
          <yCoord>339</yCoord>
        </edgeMap>
        <edgeMap>
          <xCoord>136</xCoord>
          <yCoord>338</yCoord>
        </edgeMap>
        <edgeMap>
          <xCoord>137</xCoord>
          <yCoord>337</yCoord>
        </edgeMap>
        <edgeMap>
          <xCoord>137</xCoord>
          <yCoord>336</yCoord>
        </edgeMap>
        <edgeMap>
          <xCoord>138</xCoord>
          <yCoord>335</yCoord>
        </edgeMap>
        <edgeMap>
          <xCoord>138</xCoord>
          <yCoord>334</yCoord>
        </edgeMap>
        <edgeMap>
          <xCoord>137</xCoord>
          <yCoord>333</yCoord>
        </edgeMap>
        <edgeMap>
          <xCoord>137</xCoord>
          <yCoord>332</yCoord>
        </edgeMap>
        <edgeMap>
          <xCoord>136</xCoord>
          <yCoord>331</yCoord>
        </edgeMap>
        <edgeMap>
          <xCoord>135</xCoord>
          <yCoord>330</yCoord>
        </edgeMap>
        <edgeMap>
          <xCoord>134</xCoord>
          <yCoord>331</yCoord>
        </edgeMap>
        <edgeMap>
          <xCoord>133</xCoord>
          <yCoord>332</yCoord>
        </edgeMap>
        <edgeMap>
          <xCoord>132</xCoord>
          <yCoord>333</yCoord>
        </edgeMap>
        <edgeMap>
          <xCoord>131</xCoord>
          <yCoord>334</yCoord>
        </edgeMap>
        <edgeMap>
          <xCoord>130</xCoord>
          <yCoord>335</yCoord>
        </edgeMap>
        <edgeMap>
          <xCoord>129</xCoord>
          <yCoord>336</yCoord>
        </edgeMap>
        <edgeMap>
          <xCoord>129</xCoord>
          <yCoord>337</yCoord>
        </edgeMap>
        <edgeMap>
          <xCoord>129</xCoord>
          <yCoord>338</yCoord>
        </edgeMap>
        <edgeMap>
          <xCoord>130</xCoord>
          <yCoord>339</yCoord>
        </edgeMap>
        <edgeMap>
          <xCoord>130</xCoord>
          <yCoord>340</yCoord>
        </edgeMap>
        <edgeMap>
          <xCoord>131</xCoord>
          <yCoord>341</yCoord>
        </edgeMap>
        <edgeMap>
          <xCoord>132</xCoord>
          <yCoord>342</yCoord>
        </edgeMap>
        <edgeMap>
          <xCoord>133</xCoord>
          <yCoord>343</yCoord>
        </edgeMap>
        <edgeMap>
          <xCoord>134</xCoord>
          <yCoord>343</yCoord>
        </edgeMap>
        <edgeMap>
          <xCoord>135</xCoord>
          <yCoord>343</yCoord>
        </edgeMap>
      </roi>
      <roi>
        <imageZposition>-107.25</imageZposition>
        <imageSOP_UID>1.3.6.1.4.1.14519.5.2.1.6279.6001.176295553556092782050197149780</imageSOP_UID>
        <inclusion>TRUE</inclusion>
        <edgeMap>
          <xCoord>133</xCoord>
          <yCoord>342</yCoord>
        </edgeMap>
        <edgeMap>
          <xCoord>134</xCoord>
          <yCoord>341</yCoord>
        </edgeMap>
        <edgeMap>
          <xCoord>135</xCoord>
          <yCoord>340</yCoord>
        </edgeMap>
        <edgeMap>
          <xCoord>136</xCoord>
          <yCoord>339</yCoord>
        </edgeMap>
        <edgeMap>
          <xCoord>137</xCoord>
          <yCoord>338</yCoord>
        </edgeMap>
        <edgeMap>
          <xCoord>138</xCoord>
          <yCoord>337</yCoord>
        </edgeMap>
        <edgeMap>
          <xCoord>139</xCoord>
          <yCoord>336</yCoord>
        </edgeMap>
        <edgeMap>
          <xCoord>139</xCoord>
          <yCoord>335</yCoord>
        </edgeMap>
        <edgeMap>
          <xCoord>138</xCoord>
          <yCoord>334</yCoord>
        </edgeMap>
        <edgeMap>
          <xCoord>138</xCoord>
          <yCoord>333</yCoord>
        </edgeMap>
        <edgeMap>
          <xCoord>137</xCoord>
          <yCoord>332</yCoord>
        </edgeMap>
        <edgeMap>
          <xCoord>136</xCoord>
          <yCoord>331</yCoord>
        </edgeMap>
        <edgeMap>
          <xCoord>135</xCoord>
          <yCoord>331</yCoord>
        </edgeMap>
        <edgeMap>
          <xCoord>134</xCoord>
          <yCoord>331</yCoord>
        </edgeMap>
        <edgeMap>
          <xCoord>133</xCoord>
          <yCoord>331</yCoord>
        </edgeMap>
        <edgeMap>
          <xCoord>132</xCoord>
          <yCoord>331</yCoord>
        </edgeMap>
        <edgeMap>
          <xCoord>131</xCoord>
          <yCoord>332</yCoord>
        </edgeMap>
        <edgeMap>
          <xCoord>131</xCoord>
          <yCoord>333</yCoord>
        </edgeMap>
        <edgeMap>
          <xCoord>131</xCoord>
          <yCoord>334</yCoord>
        </edgeMap>
        <edgeMap>
          <xCoord>130</xCoord>
          <yCoord>335</yCoord>
        </edgeMap>
        <edgeMap>
          <xCoord>129</xCoord>
          <yCoord>336</yCoord>
        </edgeMap>
        <edgeMap>
          <xCoord>129</xCoord>
          <yCoord>337</yCoord>
        </edgeMap>
        <edgeMap>
          <xCoord>129</xCoord>
          <yCoord>338</yCoord>
        </edgeMap>
        <edgeMap>
          <xCoord>130</xCoord>
          <yCoord>339</yCoord>
        </edgeMap>
        <edgeMap>
          <xCoord>130</xCoord>
          <yCoord>340</yCoord>
        </edgeMap>
        <edgeMap>
          <xCoord>131</xCoord>
          <yCoord>341</yCoord>
        </edgeMap>
        <edgeMap>
          <xCoord>132</xCoord>
          <yCoord>341</yCoord>
        </edgeMap>
        <edgeMap>
          <xCoord>133</xCoord>
          <yCoord>342</yCoord>
        </edgeMap>
      </roi>
      <roi>
        <imageZposition>-109.75</imageZposition>
        <imageSOP_UID>1.3.6.1.4.1.14519.5.2.1.6279.6001.178010404443608921420506453724</imageSOP_UID>
        <inclusion>TRUE</inclusion>
        <edgeMap>
          <xCoord>133</xCoord>
          <yCoord>339</yCoord>
        </edgeMap>
        <edgeMap>
          <xCoord>134</xCoord>
          <yCoord>338</yCoord>
        </edgeMap>
        <edgeMap>
          <xCoord>135</xCoord>
          <yCoord>337</yCoord>
        </edgeMap>
        <edgeMap>
          <xCoord>136</xCoord>
          <yCoord>337</yCoord>
        </edgeMap>
        <edgeMap>
          <xCoord>137</xCoord>
          <yCoord>336</yCoord>
        </edgeMap>
        <edgeMap>
          <xCoord>136</xCoord>
          <yCoord>335</yCoord>
        </edgeMap>
        <edgeMap>
          <xCoord>135</xCoord>
          <yCoord>334</yCoord>
        </edgeMap>
        <edgeMap>
          <xCoord>134</xCoord>
          <yCoord>334</yCoord>
        </edgeMap>
        <edgeMap>
          <xCoord>133</xCoord>
          <yCoord>335</yCoord>
        </edgeMap>
        <edgeMap>
          <xCoord>132</xCoord>
          <yCoord>336</yCoord>
        </edgeMap>
        <edgeMap>
          <xCoord>131</xCoord>
          <yCoord>336</yCoord>
        </edgeMap>
        <edgeMap>
          <xCoord>130</xCoord>
          <yCoord>337</yCoord>
        </edgeMap>
        <edgeMap>
          <xCoord>131</xCoord>
          <yCoord>338</yCoord>
        </edgeMap>
        <edgeMap>
          <xCoord>132</xCoord>
          <yCoord>339</yCoord>
        </edgeMap>
        <edgeMap>
          <xCoord>133</xCoord>
          <yCoord>339</yCoord>
        </edgeMap>
      </roi>
    </unblindedReadNodule>
  </readingSession>
</LidcReadMessage>