<?xml version="1.0" encoding="UTF-8"?>
<LidcReadMessage uid="1.3.6.1.4.1.14519.5.2.1.6279.6001.1307390746837.0" xmlns="http://www.nih.gov" xmlns:xsi="http://www.w3.org/2001/XMLSchema-instance" xsi:schemaLocation="http://www.nih.gov       http://troll.rad.med.umich.edu/lidc/LidcReadMessage.xsd">
  <ResponseHeader>
    <Version>1.8</Version>
    <MessageId>UM1.3.6.1.4.1.9328.50.12.449090</MessageId>
    <DateRequest>2008-12-10</DateRequest>
    <TimeRequest>00:00:00</TimeRequest>
    <RequestingSite>removed</RequestingSite>
    <ServicingSite>removed</ServicingSite>
    <TaskDescription>Second unblinded read</TaskDescription>
    <CtImageFile>removed</CtImageFile>
    <SeriesInstanceUid>1.3.6.1.4.1.14519.5.2.1.6279.6001.140527383975300992150799777603</SeriesInstanceUid>
    <StudyInstanceUID>1.3.6.1.4.1.14519.5.2.1.6279.6001.218441204865582835284481030822</StudyInstanceUID>
    <DateService>2008-12-10</DateService>
    <TimeService>00:00:00</TimeService>
    <ResponseDescription>1 - Reading complete</ResponseDescription>
  </ResponseHeader>
	<readingSession>
		<annotationVersion>3.12</annotationVersion>
		<servicingRadiologistID>anon</servicingRadiologistID>
			<unblindedReadNodule>
				<noduleID>0</noduleID>
				<roi>
					<imageZposition>-141.25</imageZposition>
					<imageSOP_UID>1.3.6.1.4.1.14519.5.2.1.6279.6001.231492074459590354164982017216</imageSOP_UID>
					<inclusion>TRUE</inclusion>
					<edgeMap>
					<xCoord>319</xCoord>
					<yCoord>185</yCoord>
					</edgeMap>
				</roi>
			</unblindedReadNodule>
			<nonNodule>
				<nonNoduleID>1</nonNoduleID>
				<imageZposition>-161.25</imageZposition>
				<imageSOP_UID>1.3.6.1.4.1.14519.5.2.1.6279.6001.152994833819387185146163034673</imageSOP_UID>
				<locus>
					<xCoord>103</xCoord>
					<yCoord>350</yCoord>
				</locus>
			</nonNodule>
	</readingSession>
<readingSession>
<annotationVersion>3.12</annotationVersion>
<servicingRadiologistID>anon</servicingRadiologistID>
<unblindedReadNodule>
<noduleID>163152</noduleID>
<characteristics>
<subtlety>3</subtlety>
<internalStructure>1</internalStructure>
<calcification>6</calcification>
<sphericity>3</sphericity>
<margin>5</margin>
<lobulation>1</lobulation>
<spiculation>1</spiculation>
<texture>5</texture>
<malignancy>3</malignancy>
</characteristics>
<roi>
<imageZposition>-141.25</imageZposition>
<imageSOP_UID>1.3.6.1.4.1.14519.5.2.1.6279.6001.231492074459590354164982017216</imageSOP_UID>
<inclusion>TRUE</inclusion>
<edgeMap>
<xCoord>321</xCoord>
<yCoord>187</yCoord>
</edgeMap>
<edgeMap>
<xCoord>322</xCoord>
<yCoord>186</yCoord>
</edgeMap>
<edgeMap>
<xCoord>322</xCoord>
<yCoord>185</yCoord>
</edgeMap>
<edgeMap>
<xCoord>322</xCoord>
<yCoord>184</yCoord>
</edgeMap>
<edgeMap>
<xCoord>322</xCoord>
<yCoord>183</yCoord>
</edgeMap>
<edgeMap>
<xCoord>322</xCoord>
<yCoord>182</yCoord>
</edgeMap>
<edgeMap>
<xCoord>322</xCoord>
<yCoord>181</yCoord>
</edgeMap>
<edgeMap>
<xCoord>321</xCoord>
<yCoord>180</yCoord>
</edgeMap>
<edgeMap>
<xCoord>320</xCoord>
<yCoord>180</yCoord>
</edgeMap>
<edgeMap>
<xCoord>319</xCoord>
<yCoord>180</yCoord>
</edgeMap>
<edgeMap>
<xCoord>318</xCoord>
<yCoord>180</yCoord>
</edgeMap>
<edgeMap>
<xCoord>317</xCoord>
<yCoord>181</yCoord>
</edgeMap>
<edgeMap>
<xCoord>317</xCoord>
<yCoord>182</yCoord>
</edgeMap>
<edgeMap>
<xCoord>317</xCoord>
<yCoord>183</yCoord>
</edgeMap>
<edgeMap>
<xCoord>317</xCoord>
<yCoord>184</yCoord>
</edgeMap>
<edgeMap>
<xCoord>317</xCoord>
<yCoord>185</yCoord>
</edgeMap>
<edgeMap>
<xCoord>317</xCoord>
<yCoord>186</yCoord>
</edgeMap>
<edgeMap>
<xCoord>318</xCoord>
<yCoord>187</yCoord>
</edgeMap>
<edgeMap>
<xCoord>319</xCoord>
<yCoord>187</yCoord>
</edgeMap>
<edgeMap>
<xCoord>320</xCoord>
<yCoord>187</yCoord>
</edgeMap>
<edgeMap>
<xCoord>321</xCoord>
<yCoord>187</yCoord>
</edgeMap>
</roi>
</unblindedReadNodule>
<nonNodule>
<nonNoduleID>163155</nonNoduleID>
<imageZposition>-143.75</imageZposition>
<imageSOP_UID>1.3.6.1.4.1.14519.5.2.1.6279.6001.368575867820983023370084313260</imageSOP_UID>
<locus>
<xCoord>192</xCoord>
<yCoord>385</yCoord>
</locus>
</nonNodule>
<nonNodule>
<nonNoduleID>163156</nonNoduleID>
<imageZposition>-211.25</imageZposition>
<imageSOP_UID>1.3.6.1.4.1.14519.5.2.1.6279.6001.617102853713784766210409985256</imageSOP_UID>
<locus>
<xCoord>154</xCoord>
<yCoord>296</yCoord>
</locus>
</nonNodule>
<nonNodule>
<nonNoduleID>163158</nonNoduleID>
<imageZposition>-223.75</imageZposition>
<imageSOP_UID>1.3.6.1.4.1.14519.5.2.1.6279.6001.161866528474479974383674915612</imageSOP_UID>
<locus>
<xCoord>409</xCoord>
<yCoord>221</yCoord>
</locus>
</nonNodule>
</readingSession>
  <readingSession>
    <annotationVersion>3.12</annotationVersion>
    <servicingRadiologistID>anon</servicingRadiologistID>
    <unblindedReadNodule>
      <noduleID>160680</noduleID>
      <roi>
        <imageZposition>-141.25</imageZposition>
        <imageSOP_UID>1.3.6.1.4.1.14519.5.2.1.6279.6001.231492074459590354164982017216</imageSOP_UID>
        <inclusion>TRUE</inclusion>
        <edgeMap>
          <xCoord>320</xCoord>
          <yCoord>184</yCoord>
        </edgeMap>
      </roi>
    </unblindedReadNodule>
    <nonNodule>
      <nonNoduleID>160682</nonNoduleID>
      <imageZposition>-211.25</imageZposition>
      <imageSOP_UID>1.3.6.1.4.1.14519.5.2.1.6279.6001.617102853713784766210409985256</imageSOP_UID>
      <locus>
        <xCoord>154</xCoord>
        <yCoord>296</yCoord>
      </locus>
    </nonNodule>
  </readingSession>
  <readingSession>
    <annotationVersion>3.12</annotationVersion>
    <servicingRadiologistID>anon</servicingRadiologistID>
    <unblindedReadNodule>
      <noduleID>Nodule 002</noduleID>
      <characteristics>
        <subtlety>3</subtlety>
        <internalStructure>1</internalStructure>
        <calcification>6</calcification>
        <sphericity>4</sphericity>
        <margin>5</margin>
        <lobulation>1</lobulation>
        <spiculation>1</spiculation>
        <texture>5</texture>
        <malignancy>1</malignancy>
      </characteristics>
      <roi>
        <imageZposition>-141.250</imageZposition>
        <imageSOP_UID>1.3.6.1.4.1.14519.5.2.1.6279.6001.231492074459590354164982017216</imageSOP_UID>
        <inclusion>TRUE</inclusion>
        <edgeMap>
          <xCoord>318</xCoord>
          <yCoord>180</yCoord>
        </edgeMap>
        <edgeMap>
          <xCoord>317</xCoord>
          <yCoord>181</yCoord>
        </edgeMap>
        <edgeMap>
          <xCoord>316</xCoord>
          <yCoord>182</yCoord>
        </edgeMap>
        <edgeMap>
          <xCoord>316</xCoord>
          <yCoord>183</yCoord>
        </edgeMap>
        <edgeMap>
          <xCoord>316</xCoord>
          <yCoord>184</yCoord>
        </edgeMap>
        <edgeMap>
          <xCoord>317</xCoord>
          <yCoord>185</yCoord>
        </edgeMap>
        <edgeMap>
          <xCoord>318</xCoord>
          <yCoord>186</yCoord>
        </edgeMap>
        <edgeMap>
          <xCoord>319</xCoord>
          <yCoord>187</yCoord>
        </edgeMap>
        <edgeMap>
          <xCoord>320</xCoord>
          <yCoord>187</yCoord>
        </edgeMap>
        <edgeMap>
          <xCoord>321</xCoord>
          <yCoord>187</yCoord>
        </edgeMap>
        <edgeMap>
          <xCoord>322</xCoord>
          <yCoord>186</yCoord>
        </edgeMap>
        <edgeMap>
          <xCoord>322</xCoord>
          <yCoord>185</yCoord>
        </edgeMap>
        <edgeMap>
          <xCoord>322</xCoord>
          <yCoord>184</yCoord>
        </edgeMap>
        <edgeMap>
          <xCoord>321</xCoord>
          <yCoord>183</yCoord>
        </edgeMap>
        <edgeMap>
          <xCoord>321</xCoord>
          <yCoord>182</yCoord>
        </edgeMap>
        <edgeMap>
          <xCoord>320</xCoord>
          <yCoord>181</yCoord>
        </edgeMap>
        <edgeMap>
          <xCoord>319</xCoord>
          <yCoord>180</yCoord>
        </edgeMap>
        <edgeMap>
          <xCoord>318</xCoord>
          <yCoord>180</yCoord>
        </edgeMap>
      </roi>
      <roi>
        <imageZposition>-138.750</imageZposition>
        <imageSOP_UID>1.3.6.1.4.1.14519.5.2.1.6279.6001.227924556578384988724461316734</imageSOP_UID>
        <inclusion>TRUE</inclusion>
        <edgeMap>
          <xCoord>321</xCoord>
          <yCoord>182</yCoord>
        </edgeMap>
        <edgeMap>
          <xCoord>320</xCoord>
          <yCoord>181</yCoord>
        </edgeMap>
        <edgeMap>
          <xCoord>319</xCoord>
          <yCoord>182</yCoord>
        </edgeMap>
        <edgeMap>
          <xCoord>318</xCoord>
          <yCoord>183</yCoord>
        </edgeMap>
        <edgeMap>
          <xCoord>318</xCoord>
          <yCoord>184</yCoord>
        </edgeMap>
        <edgeMap>
          <xCoord>318</xCoord>
          <yCoord>185</yCoord>
        </edgeMap>
        <edgeMap>
          <xCoord>318</xCoord>
          <yCoord>186</yCoord>
        </edgeMap>
        <edgeMap>
          <xCoord>319</xCoord>
          <yCoord>187</yCoord>
        </edgeMap>
        <edgeMap>
          <xCoord>320</xCoord>
          <yCoord>188</yCoord>
        </edgeMap>
        <edgeMap>
          <xCoord>321</xCoord>
          <yCoord>188</yCoord>
        </edgeMap>
        <edgeMap>
          <xCoord>322</xCoord>
          <yCoord>187</yCoord>
        </edgeMap>
        <edgeMap>
          <xCoord>322</xCoord>
          <yCoord>186</yCoord>
        </edgeMap>
        <edgeMap>
          <xCoord>322</xCoord>
          <yCoord>185</yCoord>
        </edgeMap>
        <edgeMap>
          <xCoord>322</xCoord>
          <yCoord>184</yCoord>
        </edgeMap>
        <edgeMap>
          <xCoord>321</xCoord>
          <yCoord>183</yCoord>
        </edgeMap>
        <edgeMap>
          <xCoord>321</xCoord>
          <yCoord>182</yCoord>
        </edgeMap>
      </roi>
    </unblindedReadNodule>
    <unblindedReadNodule>
      <noduleID>Nodule 001</noduleID>
      <roi>
        <imageZposition>-158.750</imageZposition>
        <imageSOP_UID>1.3.6.1.4.1.14519.5.2.1.6279.6001.311887804220824856704333689305</imageSOP_UID>
        <inclusion>TRUE</inclusion>
        <edgeMap>
          <xCoord>104</xCoord>
          <yCoord>353</yCoord>
        </edgeMap>
      </roi>
    </unblindedReadNodule>
    <nonNodule>
      <nonNoduleID>_Non-nodule 001</nonNoduleID>
      <imageZposition>-223.750</imageZposition>
      <imageSOP_UID>1.3.6.1.4.1.14519.5.2.1.6279.6001.161866528474479974383674915612</imageSOP_UID>
      <locus>
        <xCoord>409</xCoord>
        <yCoord>221</yCoord>
      </locus>
    </nonNodule>
  </readingSession>
</LidcReadMessage>