<?xml version="1.0" encoding="UTF-8"?>
<LidcReadMessage uid="1.3.6.1.4.1.14519.5.2.1.6279.6001.1307390642319.0" xmlns="http://www.nih.gov" xmlns:xsi="http://www.w3.org/2001/XMLSchema-instance" xsi:schemaLocation="http://www.nih.gov       http://troll.rad.med.umich.edu/lidc/LidcReadMessage.xsd">
  <ResponseHeader>
    <Version>1.8</Version>
    <MessageId>UM1.3.6.1.4.1.9328.50.12.449749</MessageId>
    <DateRequest>2008-12-10</DateRequest>
    <TimeRequest>00:00:00</TimeRequest>
    <RequestingSite>removed</RequestingSite>
    <ServicingSite>removed</ServicingSite>
    <TaskDescription>Second unblinded read</TaskDescription>
    <CtImageFile>removed</CtImageFile>
    <SeriesInstanceUid>1.3.6.1.4.1.14519.5.2.1.6279.6001.278660284797073139172446973682</SeriesInstanceUid>
    <DateService>2008-12-10</DateService>
    <TimeService>00:00:00</TimeService>
    <ResponseDescription>1 - Reading complete</ResponseDescription>
  <StudyInstanceUID>1.3.6.1.4.1.14519.5.2.1.6279.6001.252138532085237959349640216202</StudyInstanceUID></ResponseHeader>
	<readingSession>
		<annotationVersion>3.12</annotationVersion>
		<servicingRadiologistID>anon</servicingRadiologistID>
			<unblindedReadNodule>
				<noduleID>0</noduleID>
				<roi>
					<imageZposition>-73.0</imageZposition>
					<imageSOP_UID>1.3.6.1.4.1.14519.5.2.1.6279.6001.113922371018890311576748979642</imageSOP_UID>
					<inclusion>TRUE</inclusion>
					<edgeMap>
					<xCoord>181</xCoord>
					<yCoord>357</yCoord>
					</edgeMap>
				</roi>
			</unblindedReadNodule>
			<unblindedReadNodule>
				<noduleID>1</noduleID>
				<roi>
					<imageZposition>-173.0</imageZposition>
					<imageSOP_UID>1.3.6.1.4.1.14519.5.2.1.6279.6001.262938060510433445287521440481</imageSOP_UID>
					<inclusion>TRUE</inclusion>
					<edgeMap>
					<xCoord>394</xCoord>
					<yCoord>377</yCoord>
					</edgeMap>
				</roi>
			</unblindedReadNodule>
			<nonNodule>
				<nonNoduleID>2</nonNoduleID>
				<imageZposition>-43.0</imageZposition>
				<imageSOP_UID>1.3.6.1.4.1.14519.5.2.1.6279.6001.197177795643640850383462324378</imageSOP_UID>
				<locus>
					<xCoord>325</xCoord>
					<yCoord>308</yCoord>
				</locus>
			</nonNodule>
			<nonNodule>
				<nonNoduleID>3</nonNoduleID>
				<imageZposition>-168.0</imageZposition>
				<imageSOP_UID>1.3.6.1.4.1.14519.5.2.1.6279.6001.169610232725271854157665119417</imageSOP_UID>
				<locus>
					<xCoord>114</xCoord>
					<yCoord>280</yCoord>
				</locus>
			</nonNodule>
			<nonNodule>
				<nonNoduleID>4</nonNoduleID>
				<imageZposition>-173.0</imageZposition>
				<imageSOP_UID>1.3.6.1.4.1.14519.5.2.1.6279.6001.262938060510433445287521440481</imageSOP_UID>
				<locus>
					<xCoord>417</xCoord>
					<yCoord>301</yCoord>
				</locus>
			</nonNodule>
			<nonNodule>
				<nonNoduleID>5</nonNoduleID>
				<imageZposition>-225.5</imageZposition>
				<imageSOP_UID>1.3.6.1.4.1.14519.5.2.1.6279.6001.269742670241063885307063752396</imageSOP_UID>
				<locus>
					<xCoord>300</xCoord>
					<yCoord>322</yCoord>
				</locus>
			</nonNodule>
	</readingSession>
<readingSession>
<annotationVersion>3.12</annotationVersion>
<servicingRadiologistID>anon</servicingRadiologistID>
<unblindedReadNodule>
<noduleID>163171</noduleID>
<roi>
<imageZposition>-73.0</imageZposition>
<imageSOP_UID>1.3.6.1.4.1.14519.5.2.1.6279.6001.113922371018890311576748979642</imageSOP_UID>
<inclusion>TRUE</inclusion>
<edgeMap>
<xCoord>181</xCoord>
<yCoord>357</yCoord>
</edgeMap>
</roi>
</unblindedReadNodule>
<nonNodule>
<nonNoduleID>163175</nonNoduleID>
<imageZposition>-168.0</imageZposition>
<imageSOP_UID>1.3.6.1.4.1.14519.5.2.1.6279.6001.169610232725271854157665119417</imageSOP_UID>
<locus>
<xCoord>113</xCoord>
<yCoord>283</yCoord>
</locus>
</nonNodule>
<nonNodule>
<nonNoduleID>163179</nonNoduleID>
<imageZposition>-145.5</imageZposition>
<imageSOP_UID>1.3.6.1.4.1.14519.5.2.1.6279.6001.130909852159025593559193292693</imageSOP_UID>
<locus>
<xCoord>208</xCoord>
<yCoord>409</yCoord>
</locus>
</nonNodule>
<nonNodule>
<nonNoduleID>163180</nonNoduleID>
<imageZposition>-175.5</imageZposition>
<imageSOP_UID>1.3.6.1.4.1.14519.5.2.1.6279.6001.176296886106500853485545248461</imageSOP_UID>
<locus>
<xCoord>207</xCoord>
<yCoord>400</yCoord>
</locus>
</nonNodule>
<nonNodule>
<nonNoduleID>163183</nonNoduleID>
<imageZposition>-203.0</imageZposition>
<imageSOP_UID>1.3.6.1.4.1.14519.5.2.1.6279.6001.158909607041394912407688491045</imageSOP_UID>
<locus>
<xCoord>409</xCoord>
<yCoord>205</yCoord>
</locus>
</nonNodule>
<nonNodule>
<nonNoduleID>163184</nonNoduleID>
<imageZposition>-215.5</imageZposition>
<imageSOP_UID>1.3.6.1.4.1.14519.5.2.1.6279.6001.326859301816513652568583166626</imageSOP_UID>
<locus>
<xCoord>314</xCoord>
<yCoord>320</yCoord>
</locus>
</nonNodule>
<nonNodule>
<nonNoduleID>163173</nonNoduleID>
<imageZposition>-43.0</imageZposition>
<imageSOP_UID>1.3.6.1.4.1.14519.5.2.1.6279.6001.197177795643640850383462324378</imageSOP_UID>
<locus>
<xCoord>325</xCoord>
<yCoord>308</yCoord>
</locus>
</nonNodule>
<nonNodule>
<nonNoduleID>163177</nonNoduleID>
<imageZposition>-173.0</imageZposition>
<imageSOP_UID>1.3.6.1.4.1.14519.5.2.1.6279.6001.262938060510433445287521440481</imageSOP_UID>
<locus>
<xCoord>417</xCoord>
<yCoord>301</yCoord>
</locus>
</nonNodule>
<nonNodule>
<nonNoduleID>163178</nonNoduleID>
<imageZposition>-225.5</imageZposition>
<imageSOP_UID>1.3.6.1.4.1.14519.5.2.1.6279.6001.269742670241063885307063752396</imageSOP_UID>
<locus>
<xCoord>300</xCoord>
<yCoord>322</yCoord>
</locus>
</nonNodule>
<nonNodule>
<nonNoduleID>163186</nonNoduleID>
<imageZposition>-193.0</imageZposition>
<imageSOP_UID>1.3.6.1.4.1.14519.5.2.1.6279.6001.149240987157728506116080424051</imageSOP_UID>
<locus>
<xCoord>407</xCoord>
<yCoord>205</yCoord>
</locus>
</nonNodule>
<nonNodule>
<nonNoduleID>163187</nonNoduleID>
<imageZposition>-230.5</imageZposition>
<imageSOP_UID>1.3.6.1.4.1.14519.5.2.1.6279.6001.181175971788575563764743808041</imageSOP_UID>
<locus>
<xCoord>300</xCoord>
<yCoord>324</yCoord>
</locus>
</nonNodule>
</readingSession>
  <readingSession>
    <annotationVersion>3.12</annotationVersion>
    <servicingRadiologistID>anon</servicingRadiologistID>
    <unblindedReadNodule>
      <noduleID>160687</noduleID>
      <roi>
        <imageZposition>-73.0</imageZposition>
        <imageSOP_UID>1.3.6.1.4.1.14519.5.2.1.6279.6001.113922371018890311576748979642</imageSOP_UID>
        <inclusion>TRUE</inclusion>
        <edgeMap>
          <xCoord>181</xCoord>
          <yCoord>357</yCoord>
        </edgeMap>
      </roi>
    </unblindedReadNodule>
    <unblindedReadNodule>
      <noduleID>160700</noduleID>
      <roi>
        <imageZposition>-173.0</imageZposition>
        <imageSOP_UID>1.3.6.1.4.1.14519.5.2.1.6279.6001.262938060510433445287521440481</imageSOP_UID>
        <inclusion>TRUE</inclusion>
        <edgeMap>
          <xCoord>393</xCoord>
          <yCoord>378</yCoord>
        </edgeMap>
      </roi>
    </unblindedReadNodule>
    <nonNodule>
      <nonNoduleID>160696</nonNoduleID>
      <imageZposition>-175.5</imageZposition>
      <imageSOP_UID>1.3.6.1.4.1.14519.5.2.1.6279.6001.176296886106500853485545248461</imageSOP_UID>
      <locus>
        <xCoord>208</xCoord>
        <yCoord>400</yCoord>
      </locus>
    </nonNodule>
    <nonNodule>
      <nonNoduleID>160691</nonNoduleID>
      <imageZposition>-168.0</imageZposition>
      <imageSOP_UID>1.3.6.1.4.1.14519.5.2.1.6279.6001.169610232725271854157665119417</imageSOP_UID>
      <locus>
        <xCoord>114</xCoord>
        <yCoord>282</yCoord>
      </locus>
    </nonNodule>
  </readingSession>
  <readingSession>
    <annotationVersion>3.12</annotationVersion>
    <servicingRadiologistID>anon</servicingRadiologistID>
    <unblindedReadNodule>
      <noduleID>Nodule 001</noduleID>
      <roi>
        <imageZposition>-173.000</imageZposition>
        <imageSOP_UID>1.3.6.1.4.1.14519.5.2.1.6279.6001.262938060510433445287521440481</imageSOP_UID>
        <inclusion>TRUE</inclusion>
        <edgeMap>
          <xCoord>393</xCoord>
          <yCoord>378</yCoord>
        </edgeMap>
      </roi>
    </unblindedReadNodule>
    <unblindedReadNodule>
      <noduleID>Nodule 002</noduleID>
      <roi>
        <imageZposition>-168.000</imageZposition>
        <imageSOP_UID>1.3.6.1.4.1.14519.5.2.1.6279.6001.169610232725271854157665119417</imageSOP_UID>
        <inclusion>TRUE</inclusion>
        <edgeMap>
          <xCoord>113</xCoord>
          <yCoord>282</yCoord>
        </edgeMap>
      </roi>
    </unblindedReadNodule>
    <nonNodule>
      <nonNoduleID>_Non-nodule 001</nonNoduleID>
      <imageZposition>-193.000</imageZposition>
      <imageSOP_UID>1.3.6.1.4.1.14519.5.2.1.6279.6001.149240987157728506116080424051</imageSOP_UID>
      <locus>
        <xCoord>407</xCoord>
        <yCoord>205</yCoord>
      </locus>
    </nonNodule>
    <nonNodule>
      <nonNoduleID>_Non-nodule 002</nonNoduleID>
      <imageZposition>-230.500</imageZposition>
      <imageSOP_UID>1.3.6.1.4.1.14519.5.2.1.6279.6001.181175971788575563764743808041</imageSOP_UID>
      <locus>
        <xCoord>300</xCoord>
        <yCoord>324</yCoord>
      </locus>
    </nonNodule>
    <nonNodule>
      <nonNoduleID>_Non-nodule 003</nonNoduleID>
      <imageZposition>-175.500</imageZposition>
      <imageSOP_UID>1.3.6.1.4.1.14519.5.2.1.6279.6001.176296886106500853485545248461</imageSOP_UID>
      <locus>
        <xCoord>210</xCoord>
        <yCoord>398</yCoord>
      </locus>
    </nonNodule>
    <nonNodule>
      <nonNoduleID>_Non-nodule 004</nonNoduleID>
      <imageZposition>-145.500</imageZposition>
      <imageSOP_UID>1.3.6.1.4.1.14519.5.2.1.6279.6001.130909852159025593559193292693</imageSOP_UID>
      <locus>
        <xCoord>209</xCoord>
        <yCoord>408</yCoord>
      </locus>
    </nonNodule>
  </readingSession>
</LidcReadMessage>