<?xml version="1.0" encoding="UTF-8"?>
<LidcReadMessage uid="1.3.6.1.4.1.14519.5.2.1.6279.6001.1307390720521.0" xmlns="http://www.nih.gov" xmlns:xsi="http://www.w3.org/2001/XMLSchema-instance" xsi:schemaLocation="http://www.nih.gov  http://troll.rad.med.umich.edu/lidc/LidcReadMessage.xsd">
<ResponseHeader>
	<Version>1.8</Version>
	<MessageId>NIH158</MessageId>
        <DateRequest>2006-02-16</DateRequest>
        <TimeRequest>00:00:00</TimeRequest>
	<RequestingSite>removed</RequestingSite>
	<ServicingSite>removed</ServicingSite>
	<TaskDescription>Second unblinded read</TaskDescription>
	<CtImageFile>removed</CtImageFile>
	<SeriesInstanceUid>1.3.6.1.4.1.14519.5.2.1.6279.6001.310395752124284049604069960014</SeriesInstanceUid>
	<DateService>2008-02-25</DateService>
	<TimeService>11:22:38</TimeService>
<ResponseDescription>1 - Reading complete</ResponseDescription>
<StudyInstanceUID>1.3.6.1.4.1.14519.5.2.1.6279.6001.159596875781736451820677432740</StudyInstanceUID></ResponseHeader>
  <readingSession>
    <annotationVersion>3.12</annotationVersion>
<servicingRadiologistID>anon</servicingRadiologistID>
    <unblindedReadNodule>
      <noduleID>Nodule 002</noduleID>
      <characteristics>
        <subtlety>5</subtlety>
        <internalStructure>1</internalStructure>
        <calcification>6</calcification>
        <sphericity>3</sphericity>
        <margin>4</margin>
        <lobulation>2</lobulation>
        <spiculation>1</spiculation>
        <texture>5</texture>
        <malignancy>4</malignancy>
      </characteristics>
      <roi>
        <imageZposition>-152.500000 </imageZposition>
        <imageSOP_UID>1.3.6.1.4.1.14519.5.2.1.6279.6001.209286780682452625432568099613</imageSOP_UID>
        <inclusion>TRUE</inclusion>
        <edgeMap>
          <xCoord>204</xCoord>
          <yCoord>144</yCoord>
        </edgeMap>
        <edgeMap>
          <xCoord>203</xCoord>
          <yCoord>145</yCoord>
        </edgeMap>
        <edgeMap>
          <xCoord>202</xCoord>
          <yCoord>145</yCoord>
        </edgeMap>
        <edgeMap>
          <xCoord>201</xCoord>
          <yCoord>146</yCoord>
        </edgeMap>
        <edgeMap>
          <xCoord>200</xCoord>
          <yCoord>147</yCoord>
        </edgeMap>
        <edgeMap>
          <xCoord>199</xCoord>
          <yCoord>148</yCoord>
        </edgeMap>
        <edgeMap>
          <xCoord>199</xCoord>
          <yCoord>149</yCoord>
        </edgeMap>
        <edgeMap>
          <xCoord>199</xCoord>
          <yCoord>150</yCoord>
        </edgeMap>
        <edgeMap>
          <xCoord>199</xCoord>
          <yCoord>151</yCoord>
        </edgeMap>
        <edgeMap>
          <xCoord>199</xCoord>
          <yCoord>152</yCoord>
        </edgeMap>
        <edgeMap>
          <xCoord>199</xCoord>
          <yCoord>153</yCoord>
        </edgeMap>
        <edgeMap>
          <xCoord>200</xCoord>
          <yCoord>154</yCoord>
        </edgeMap>
        <edgeMap>
          <xCoord>201</xCoord>
          <yCoord>154</yCoord>
        </edgeMap>
        <edgeMap>
          <xCoord>202</xCoord>
          <yCoord>154</yCoord>
        </edgeMap>
        <edgeMap>
          <xCoord>203</xCoord>
          <yCoord>154</yCoord>
        </edgeMap>
        <edgeMap>
          <xCoord>204</xCoord>
          <yCoord>154</yCoord>
        </edgeMap>
        <edgeMap>
          <xCoord>205</xCoord>
          <yCoord>154</yCoord>
        </edgeMap>
        <edgeMap>
          <xCoord>206</xCoord>
          <yCoord>154</yCoord>
        </edgeMap>
        <edgeMap>
          <xCoord>207</xCoord>
          <yCoord>154</yCoord>
        </edgeMap>
        <edgeMap>
          <xCoord>208</xCoord>
          <yCoord>154</yCoord>
        </edgeMap>
        <edgeMap>
          <xCoord>209</xCoord>
          <yCoord>153</yCoord>
        </edgeMap>
        <edgeMap>
          <xCoord>209</xCoord>
          <yCoord>152</yCoord>
        </edgeMap>
        <edgeMap>
          <xCoord>210</xCoord>
          <yCoord>151</yCoord>
        </edgeMap>
        <edgeMap>
          <xCoord>211</xCoord>
          <yCoord>150</yCoord>
        </edgeMap>
        <edgeMap>
          <xCoord>211</xCoord>
          <yCoord>149</yCoord>
        </edgeMap>
        <edgeMap>
          <xCoord>211</xCoord>
          <yCoord>148</yCoord>
        </edgeMap>
        <edgeMap>
          <xCoord>211</xCoord>
          <yCoord>147</yCoord>
        </edgeMap>
        <edgeMap>
          <xCoord>210</xCoord>
          <yCoord>146</yCoord>
        </edgeMap>
        <edgeMap>
          <xCoord>209</xCoord>
          <yCoord>145</yCoord>
        </edgeMap>
        <edgeMap>
          <xCoord>208</xCoord>
          <yCoord>144</yCoord>
        </edgeMap>
        <edgeMap>
          <xCoord>207</xCoord>
          <yCoord>144</yCoord>
        </edgeMap>
        <edgeMap>
          <xCoord>206</xCoord>
          <yCoord>144</yCoord>
        </edgeMap>
        <edgeMap>
          <xCoord>205</xCoord>
          <yCoord>144</yCoord>
        </edgeMap>
        <edgeMap>
          <xCoord>204</xCoord>
          <yCoord>144</yCoord>
        </edgeMap>
      </roi>
      <roi>
        <imageZposition>-150.000000 </imageZposition>
        <imageSOP_UID>1.3.6.1.4.1.14519.5.2.1.6279.6001.238038314388896083487078874255</imageSOP_UID>
        <inclusion>TRUE</inclusion>
        <edgeMap>
          <xCoord>206</xCoord>
          <yCoord>141</yCoord>
        </edgeMap>
        <edgeMap>
          <xCoord>205</xCoord>
          <yCoord>142</yCoord>
        </edgeMap>
        <edgeMap>
          <xCoord>204</xCoord>
          <yCoord>142</yCoord>
        </edgeMap>
        <edgeMap>
          <xCoord>203</xCoord>
          <yCoord>143</yCoord>
        </edgeMap>
        <edgeMap>
          <xCoord>202</xCoord>
          <yCoord>144</yCoord>
        </edgeMap>
        <edgeMap>
          <xCoord>201</xCoord>
          <yCoord>144</yCoord>
        </edgeMap>
        <edgeMap>
          <xCoord>200</xCoord>
          <yCoord>145</yCoord>
        </edgeMap>
        <edgeMap>
          <xCoord>199</xCoord>
          <yCoord>146</yCoord>
        </edgeMap>
        <edgeMap>
          <xCoord>198</xCoord>
          <yCoord>147</yCoord>
        </edgeMap>
        <edgeMap>
          <xCoord>197</xCoord>
          <yCoord>148</yCoord>
        </edgeMap>
        <edgeMap>
          <xCoord>197</xCoord>
          <yCoord>149</yCoord>
        </edgeMap>
        <edgeMap>
          <xCoord>197</xCoord>
          <yCoord>150</yCoord>
        </edgeMap>
        <edgeMap>
          <xCoord>197</xCoord>
          <yCoord>151</yCoord>
        </edgeMap>
        <edgeMap>
          <xCoord>198</xCoord>
          <yCoord>152</yCoord>
        </edgeMap>
        <edgeMap>
          <xCoord>198</xCoord>
          <yCoord>153</yCoord>
        </edgeMap>
        <edgeMap>
          <xCoord>199</xCoord>
          <yCoord>154</yCoord>
        </edgeMap>
        <edgeMap>
          <xCoord>200</xCoord>
          <yCoord>154</yCoord>
        </edgeMap>
        <edgeMap>
          <xCoord>201</xCoord>
          <yCoord>155</yCoord>
        </edgeMap>
        <edgeMap>
          <xCoord>202</xCoord>
          <yCoord>156</yCoord>
        </edgeMap>
        <edgeMap>
          <xCoord>203</xCoord>
          <yCoord>156</yCoord>
        </edgeMap>
        <edgeMap>
          <xCoord>204</xCoord>
          <yCoord>156</yCoord>
        </edgeMap>
        <edgeMap>
          <xCoord>205</xCoord>
          <yCoord>156</yCoord>
        </edgeMap>
        <edgeMap>
          <xCoord>206</xCoord>
          <yCoord>155</yCoord>
        </edgeMap>
        <edgeMap>
          <xCoord>207</xCoord>
          <yCoord>155</yCoord>
        </edgeMap>
        <edgeMap>
          <xCoord>208</xCoord>
          <yCoord>154</yCoord>
        </edgeMap>
        <edgeMap>
          <xCoord>209</xCoord>
          <yCoord>154</yCoord>
        </edgeMap>
        <edgeMap>
          <xCoord>210</xCoord>
          <yCoord>154</yCoord>
        </edgeMap>
        <edgeMap>
          <xCoord>211</xCoord>
          <yCoord>153</yCoord>
        </edgeMap>
        <edgeMap>
          <xCoord>212</xCoord>
          <yCoord>152</yCoord>
        </edgeMap>
        <edgeMap>
          <xCoord>213</xCoord>
          <yCoord>151</yCoord>
        </edgeMap>
        <edgeMap>
          <xCoord>214</xCoord>
          <yCoord>150</yCoord>
        </edgeMap>
        <edgeMap>
          <xCoord>214</xCoord>
          <yCoord>149</yCoord>
        </edgeMap>
        <edgeMap>
          <xCoord>214</xCoord>
          <yCoord>148</yCoord>
        </edgeMap>
        <edgeMap>
          <xCoord>213</xCoord>
          <yCoord>147</yCoord>
        </edgeMap>
        <edgeMap>
          <xCoord>213</xCoord>
          <yCoord>146</yCoord>
        </edgeMap>
        <edgeMap>
          <xCoord>212</xCoord>
          <yCoord>145</yCoord>
        </edgeMap>
        <edgeMap>
          <xCoord>212</xCoord>
          <yCoord>144</yCoord>
        </edgeMap>
        <edgeMap>
          <xCoord>211</xCoord>
          <yCoord>143</yCoord>
        </edgeMap>
        <edgeMap>
          <xCoord>210</xCoord>
          <yCoord>142</yCoord>
        </edgeMap>
        <edgeMap>
          <xCoord>209</xCoord>
          <yCoord>142</yCoord>
        </edgeMap>
        <edgeMap>
          <xCoord>208</xCoord>
          <yCoord>141</yCoord>
        </edgeMap>
        <edgeMap>
          <xCoord>207</xCoord>
          <yCoord>141</yCoord>
        </edgeMap>
        <edgeMap>
          <xCoord>206</xCoord>
          <yCoord>141</yCoord>
        </edgeMap>
      </roi>
      <roi>
        <imageZposition>-147.500000 </imageZposition>
        <imageSOP_UID>1.3.6.1.4.1.14519.5.2.1.6279.6001.130914412360996431373778023809</imageSOP_UID>
        <inclusion>TRUE</inclusion>
        <edgeMap>
          <xCoord>202</xCoord>
          <yCoord>143</yCoord>
        </edgeMap>
        <edgeMap>
          <xCoord>201</xCoord>
          <yCoord>144</yCoord>
        </edgeMap>
        <edgeMap>
          <xCoord>200</xCoord>
          <yCoord>145</yCoord>
        </edgeMap>
        <edgeMap>
          <xCoord>199</xCoord>
          <yCoord>146</yCoord>
        </edgeMap>
        <edgeMap>
          <xCoord>198</xCoord>
          <yCoord>147</yCoord>
        </edgeMap>
        <edgeMap>
          <xCoord>198</xCoord>
          <yCoord>148</yCoord>
        </edgeMap>
        <edgeMap>
          <xCoord>198</xCoord>
          <yCoord>149</yCoord>
        </edgeMap>
        <edgeMap>
          <xCoord>198</xCoord>
          <yCoord>150</yCoord>
        </edgeMap>
        <edgeMap>
          <xCoord>198</xCoord>
          <yCoord>151</yCoord>
        </edgeMap>
        <edgeMap>
          <xCoord>199</xCoord>
          <yCoord>152</yCoord>
        </edgeMap>
        <edgeMap>
          <xCoord>200</xCoord>
          <yCoord>153</yCoord>
        </edgeMap>
        <edgeMap>
          <xCoord>201</xCoord>
          <yCoord>153</yCoord>
        </edgeMap>
        <edgeMap>
          <xCoord>202</xCoord>
          <yCoord>154</yCoord>
        </edgeMap>
        <edgeMap>
          <xCoord>203</xCoord>
          <yCoord>154</yCoord>
        </edgeMap>
        <edgeMap>
          <xCoord>204</xCoord>
          <yCoord>155</yCoord>
        </edgeMap>
        <edgeMap>
          <xCoord>205</xCoord>
          <yCoord>155</yCoord>
        </edgeMap>
        <edgeMap>
          <xCoord>206</xCoord>
          <yCoord>156</yCoord>
        </edgeMap>
        <edgeMap>
          <xCoord>207</xCoord>
          <yCoord>156</yCoord>
        </edgeMap>
        <edgeMap>
          <xCoord>208</xCoord>
          <yCoord>157</yCoord>
        </edgeMap>
        <edgeMap>
          <xCoord>209</xCoord>
          <yCoord>157</yCoord>
        </edgeMap>
        <edgeMap>
          <xCoord>210</xCoord>
          <yCoord>157</yCoord>
        </edgeMap>
        <edgeMap>
          <xCoord>211</xCoord>
          <yCoord>157</yCoord>
        </edgeMap>
        <edgeMap>
          <xCoord>212</xCoord>
          <yCoord>157</yCoord>
        </edgeMap>
        <edgeMap>
          <xCoord>213</xCoord>
          <yCoord>157</yCoord>
        </edgeMap>
        <edgeMap>
          <xCoord>214</xCoord>
          <yCoord>157</yCoord>
        </edgeMap>
        <edgeMap>
          <xCoord>215</xCoord>
          <yCoord>157</yCoord>
        </edgeMap>
        <edgeMap>
          <xCoord>216</xCoord>
          <yCoord>157</yCoord>
        </edgeMap>
        <edgeMap>
          <xCoord>217</xCoord>
          <yCoord>156</yCoord>
        </edgeMap>
        <edgeMap>
          <xCoord>217</xCoord>
          <yCoord>155</yCoord>
        </edgeMap>
        <edgeMap>
          <xCoord>217</xCoord>
          <yCoord>154</yCoord>
        </edgeMap>
        <edgeMap>
          <xCoord>216</xCoord>
          <yCoord>153</yCoord>
        </edgeMap>
        <edgeMap>
          <xCoord>215</xCoord>
          <yCoord>152</yCoord>
        </edgeMap>
        <edgeMap>
          <xCoord>214</xCoord>
          <yCoord>151</yCoord>
        </edgeMap>
        <edgeMap>
          <xCoord>213</xCoord>
          <yCoord>151</yCoord>
        </edgeMap>
        <edgeMap>
          <xCoord>212</xCoord>
          <yCoord>151</yCoord>
        </edgeMap>
        <edgeMap>
          <xCoord>211</xCoord>
          <yCoord>151</yCoord>
        </edgeMap>
        <edgeMap>
          <xCoord>210</xCoord>
          <yCoord>151</yCoord>
        </edgeMap>
        <edgeMap>
          <xCoord>209</xCoord>
          <yCoord>151</yCoord>
        </edgeMap>
        <edgeMap>
          <xCoord>208</xCoord>
          <yCoord>151</yCoord>
        </edgeMap>
        <edgeMap>
          <xCoord>207</xCoord>
          <yCoord>151</yCoord>
        </edgeMap>
        <edgeMap>
          <xCoord>208</xCoord>
          <yCoord>151</yCoord>
        </edgeMap>
        <edgeMap>
          <xCoord>209</xCoord>
          <yCoord>151</yCoord>
        </edgeMap>
        <edgeMap>
          <xCoord>210</xCoord>
          <yCoord>151</yCoord>
        </edgeMap>
        <edgeMap>
          <xCoord>211</xCoord>
          <yCoord>151</yCoord>
        </edgeMap>
        <edgeMap>
          <xCoord>212</xCoord>
          <yCoord>151</yCoord>
        </edgeMap>
        <edgeMap>
          <xCoord>213</xCoord>
          <yCoord>150</yCoord>
        </edgeMap>
        <edgeMap>
          <xCoord>213</xCoord>
          <yCoord>149</yCoord>
        </edgeMap>
        <edgeMap>
          <xCoord>213</xCoord>
          <yCoord>148</yCoord>
        </edgeMap>
        <edgeMap>
          <xCoord>212</xCoord>
          <yCoord>147</yCoord>
        </edgeMap>
        <edgeMap>
          <xCoord>211</xCoord>
          <yCoord>146</yCoord>
        </edgeMap>
        <edgeMap>
          <xCoord>211</xCoord>
          <yCoord>145</yCoord>
        </edgeMap>
        <edgeMap>
          <xCoord>210</xCoord>
          <yCoord>144</yCoord>
        </edgeMap>
        <edgeMap>
          <xCoord>209</xCoord>
          <yCoord>144</yCoord>
        </edgeMap>
        <edgeMap>
          <xCoord>208</xCoord>
          <yCoord>143</yCoord>
        </edgeMap>
        <edgeMap>
          <xCoord>207</xCoord>
          <yCoord>143</yCoord>
        </edgeMap>
        <edgeMap>
          <xCoord>206</xCoord>
          <yCoord>143</yCoord>
        </edgeMap>
        <edgeMap>
          <xCoord>205</xCoord>
          <yCoord>143</yCoord>
        </edgeMap>
        <edgeMap>
          <xCoord>204</xCoord>
          <yCoord>143</yCoord>
        </edgeMap>
        <edgeMap>
          <xCoord>203</xCoord>
          <yCoord>143</yCoord>
        </edgeMap>
        <edgeMap>
          <xCoord>202</xCoord>
          <yCoord>143</yCoord>
        </edgeMap>
      </roi>
    </unblindedReadNodule>
    <unblindedReadNodule>
      <noduleID>Nodule 001</noduleID>
      <characteristics>
        <subtlety>4</subtlety>
        <internalStructure>1</internalStructure>
        <calcification>6</calcification>
        <sphericity>5</sphericity>
        <margin>5</margin>
        <lobulation>1</lobulation>
        <spiculation>1</spiculation>
        <texture>5</texture>
        <malignancy>2</malignancy>
      </characteristics>
      <roi>
        <imageZposition>-72.500000</imageZposition>
        <imageSOP_UID>1.3.6.1.4.1.14519.5.2.1.6279.6001.371697975479647229809213956491</imageSOP_UID>
        <inclusion>TRUE</inclusion>
        <edgeMap>
          <xCoord>101</xCoord>
          <yCoord>220</yCoord>
        </edgeMap>
        <edgeMap>
          <xCoord>100</xCoord>
          <yCoord>221</yCoord>
        </edgeMap>
        <edgeMap>
          <xCoord>99</xCoord>
          <yCoord>222</yCoord>
        </edgeMap>
        <edgeMap>
          <xCoord>99</xCoord>
          <yCoord>223</yCoord>
        </edgeMap>
        <edgeMap>
          <xCoord>100</xCoord>
          <yCoord>224</yCoord>
        </edgeMap>
        <edgeMap>
          <xCoord>101</xCoord>
          <yCoord>225</yCoord>
        </edgeMap>
        <edgeMap>
          <xCoord>102</xCoord>
          <yCoord>226</yCoord>
        </edgeMap>
        <edgeMap>
          <xCoord>103</xCoord>
          <yCoord>226</yCoord>
        </edgeMap>
        <edgeMap>
          <xCoord>104</xCoord>
          <yCoord>226</yCoord>
        </edgeMap>
        <edgeMap>
          <xCoord>105</xCoord>
          <yCoord>225</yCoord>
        </edgeMap>
        <edgeMap>
          <xCoord>105</xCoord>
          <yCoord>224</yCoord>
        </edgeMap>
        <edgeMap>
          <xCoord>105</xCoord>
          <yCoord>223</yCoord>
        </edgeMap>
        <edgeMap>
          <xCoord>105</xCoord>
          <yCoord>222</yCoord>
        </edgeMap>
        <edgeMap>
          <xCoord>104</xCoord>
          <yCoord>221</yCoord>
        </edgeMap>
        <edgeMap>
          <xCoord>103</xCoord>
          <yCoord>220</yCoord>
        </edgeMap>
        <edgeMap>
          <xCoord>102</xCoord>
          <yCoord>220</yCoord>
        </edgeMap>
        <edgeMap>
          <xCoord>101</xCoord>
          <yCoord>220</yCoord>
        </edgeMap>
      </roi>
      <roi>
        <imageZposition>-70.000000</imageZposition>
        <imageSOP_UID>1.3.6.1.4.1.14519.5.2.1.6279.6001.338475249308705551893923535426</imageSOP_UID>
        <inclusion>TRUE</inclusion>
        <edgeMap>
          <xCoord>101</xCoord>
          <yCoord>219</yCoord>
        </edgeMap>
        <edgeMap>
          <xCoord>100</xCoord>
          <yCoord>220</yCoord>
        </edgeMap>
        <edgeMap>
          <xCoord>99</xCoord>
          <yCoord>221</yCoord>
        </edgeMap>
        <edgeMap>
          <xCoord>98</xCoord>
          <yCoord>222</yCoord>
        </edgeMap>
        <edgeMap>
          <xCoord>98</xCoord>
          <yCoord>223</yCoord>
        </edgeMap>
        <edgeMap>
          <xCoord>98</xCoord>
          <yCoord>224</yCoord>
        </edgeMap>
        <edgeMap>
          <xCoord>98</xCoord>
          <yCoord>225</yCoord>
        </edgeMap>
        <edgeMap>
          <xCoord>99</xCoord>
          <yCoord>226</yCoord>
        </edgeMap>
        <edgeMap>
          <xCoord>100</xCoord>
          <yCoord>227</yCoord>
        </edgeMap>
        <edgeMap>
          <xCoord>101</xCoord>
          <yCoord>227</yCoord>
        </edgeMap>
        <edgeMap>
          <xCoord>102</xCoord>
          <yCoord>227</yCoord>
        </edgeMap>
        <edgeMap>
          <xCoord>103</xCoord>
          <yCoord>227</yCoord>
        </edgeMap>
        <edgeMap>
          <xCoord>104</xCoord>
          <yCoord>227</yCoord>
        </edgeMap>
        <edgeMap>
          <xCoord>105</xCoord>
          <yCoord>227</yCoord>
        </edgeMap>
        <edgeMap>
          <xCoord>106</xCoord>
          <yCoord>227</yCoord>
        </edgeMap>
        <edgeMap>
          <xCoord>107</xCoord>
          <yCoord>226</yCoord>
        </edgeMap>
        <edgeMap>
          <xCoord>108</xCoord>
          <yCoord>225</yCoord>
        </edgeMap>
        <edgeMap>
          <xCoord>108</xCoord>
          <yCoord>224</yCoord>
        </edgeMap>
        <edgeMap>
          <xCoord>108</xCoord>
          <yCoord>223</yCoord>
        </edgeMap>
        <edgeMap>
          <xCoord>108</xCoord>
          <yCoord>222</yCoord>
        </edgeMap>
        <edgeMap>
          <xCoord>107</xCoord>
          <yCoord>221</yCoord>
        </edgeMap>
        <edgeMap>
          <xCoord>106</xCoord>
          <yCoord>220</yCoord>
        </edgeMap>
        <edgeMap>
          <xCoord>105</xCoord>
          <yCoord>220</yCoord>
        </edgeMap>
        <edgeMap>
          <xCoord>104</xCoord>
          <yCoord>219</yCoord>
        </edgeMap>
        <edgeMap>
          <xCoord>103</xCoord>
          <yCoord>219</yCoord>
        </edgeMap>
        <edgeMap>
          <xCoord>102</xCoord>
          <yCoord>219</yCoord>
        </edgeMap>
        <edgeMap>
          <xCoord>101</xCoord>
          <yCoord>219</yCoord>
        </edgeMap>
      </roi>
      <roi>
        <imageZposition>-67.500000</imageZposition>
        <imageSOP_UID>1.3.6.1.4.1.14519.5.2.1.6279.6001.350351941505513846950458562800</imageSOP_UID>
        <inclusion>TRUE</inclusion>
        <edgeMap>
          <xCoord>102</xCoord>
          <yCoord>221</yCoord>
        </edgeMap>
        <edgeMap>
          <xCoord>101</xCoord>
          <yCoord>222</yCoord>
        </edgeMap>
        <edgeMap>
          <xCoord>100</xCoord>
          <yCoord>222</yCoord>
        </edgeMap>
        <edgeMap>
          <xCoord>99</xCoord>
          <yCoord>223</yCoord>
        </edgeMap>
        <edgeMap>
          <xCoord>99</xCoord>
          <yCoord>224</yCoord>
        </edgeMap>
        <edgeMap>
          <xCoord>99</xCoord>
          <yCoord>225</yCoord>
        </edgeMap>
        <edgeMap>
          <xCoord>100</xCoord>
          <yCoord>226</yCoord>
        </edgeMap>
        <edgeMap>
          <xCoord>101</xCoord>
          <yCoord>226</yCoord>
        </edgeMap>
        <edgeMap>
          <xCoord>102</xCoord>
          <yCoord>227</yCoord>
        </edgeMap>
        <edgeMap>
          <xCoord>103</xCoord>
          <yCoord>227</yCoord>
        </edgeMap>
        <edgeMap>
          <xCoord>104</xCoord>
          <yCoord>227</yCoord>
        </edgeMap>
        <edgeMap>
          <xCoord>105</xCoord>
          <yCoord>226</yCoord>
        </edgeMap>
        <edgeMap>
          <xCoord>105</xCoord>
          <yCoord>225</yCoord>
        </edgeMap>
        <edgeMap>
          <xCoord>105</xCoord>
          <yCoord>224</yCoord>
        </edgeMap>
        <edgeMap>
          <xCoord>105</xCoord>
          <yCoord>223</yCoord>
        </edgeMap>
        <edgeMap>
          <xCoord>104</xCoord>
          <yCoord>222</yCoord>
        </edgeMap>
        <edgeMap>
          <xCoord>103</xCoord>
          <yCoord>221</yCoord>
        </edgeMap>
        <edgeMap>
          <xCoord>102</xCoord>
          <yCoord>221</yCoord>
        </edgeMap>
      </roi>
    </unblindedReadNodule>
    <unblindedReadNodule>
      <noduleID>Nodule 003</noduleID>
      <roi>
        <imageZposition>-82.500000</imageZposition>
        <imageSOP_UID>1.3.6.1.4.1.14519.5.2.1.6279.6001.131548063464824349021836316973</imageSOP_UID>
        <inclusion>TRUE</inclusion>
        <edgeMap>
          <xCoord>139</xCoord>
          <yCoord>250</yCoord>
        </edgeMap>
      </roi>
    </unblindedReadNodule>
    <unblindedReadNodule>
      <noduleID>Nodule 004</noduleID>
      <roi>
        <imageZposition>-80.000000</imageZposition>
        <imageSOP_UID>1.3.6.1.4.1.14519.5.2.1.6279.6001.152611198557854178364128830837</imageSOP_UID>
        <inclusion>TRUE</inclusion>
        <edgeMap>
          <xCoord>132</xCoord>
          <yCoord>175</yCoord>
        </edgeMap>
      </roi>
    </unblindedReadNodule>
    <unblindedReadNodule>
      <noduleID>Nodule 005</noduleID>
      <roi>
        <imageZposition>-110.000000 </imageZposition>
        <imageSOP_UID>1.3.6.1.4.1.14519.5.2.1.6279.6001.613096188965467004025693373650</imageSOP_UID>
        <inclusion>TRUE</inclusion>
        <edgeMap>
          <xCoord>107</xCoord>
          <yCoord>262</yCoord>
        </edgeMap>
      </roi>
    </unblindedReadNodule>
    <unblindedReadNodule>
      <noduleID>Nodule 006</noduleID>
      <roi>
        <imageZposition>-127.500000 </imageZposition>
        <imageSOP_UID>1.3.6.1.4.1.14519.5.2.1.6279.6001.306951824774953238822462586586</imageSOP_UID>
        <inclusion>TRUE</inclusion>
        <edgeMap>
          <xCoord>130</xCoord>
          <yCoord>272</yCoord>
        </edgeMap>
      </roi>
    </unblindedReadNodule>
    <nonNodule>
      <nonNoduleID>_Non-nodule 001</nonNoduleID>
      <imageZposition>-7.500000 </imageZposition>
      <imageSOP_UID>1.3.6.1.4.1.14519.5.2.1.6279.6001.254359821413869061649240073354</imageSOP_UID>
      <locus>
        <xCoord>187</xCoord>
        <yCoord>298</yCoord>
      </locus>
    </nonNodule>
    <nonNodule>
      <nonNoduleID>_Non-nodule 002</nonNoduleID>
      <imageZposition>-160.000000 </imageZposition>
      <imageSOP_UID>1.3.6.1.4.1.14519.5.2.1.6279.6001.250487119145578419231012342670</imageSOP_UID>
      <locus>
        <xCoord>302</xCoord>
        <yCoord>265</yCoord>
      </locus>
    </nonNodule>
  </readingSession>
<readingSession>
<annotationVersion>3.12</annotationVersion>
<servicingRadiologistID>anon</servicingRadiologistID>
<unblindedReadNodule>
<noduleID>5932</noduleID>
<characteristics>
<subtlety>3</subtlety>
<internalStructure>1</internalStructure>
<calcification>6</calcification>
<sphericity>4</sphericity>
<margin>5</margin>
<lobulation>1</lobulation>
<spiculation>1</spiculation>
<texture>5</texture>
<malignancy>3</malignancy>
</characteristics>
<roi>
<imageZposition>-67.5</imageZposition>
<imageSOP_UID>1.3.6.1.4.1.14519.5.2.1.6279.6001.350351941505513846950458562800</imageSOP_UID>
<inclusion>TRUE</inclusion>
<edgeMap>
<xCoord>105</xCoord>
<yCoord>226</yCoord>
</edgeMap>
<edgeMap>
<xCoord>105</xCoord>
<yCoord>225</yCoord>
</edgeMap>
<edgeMap>
<xCoord>105</xCoord>
<yCoord>224</yCoord>
</edgeMap>
<edgeMap>
<xCoord>105</xCoord>
<yCoord>223</yCoord>
</edgeMap>
<edgeMap>
<xCoord>105</xCoord>
<yCoord>222</yCoord>
</edgeMap>
<edgeMap>
<xCoord>104</xCoord>
<yCoord>222</yCoord>
</edgeMap>
<edgeMap>
<xCoord>103</xCoord>
<yCoord>221</yCoord>
</edgeMap>
<edgeMap>
<xCoord>102</xCoord>
<yCoord>221</yCoord>
</edgeMap>
<edgeMap>
<xCoord>101</xCoord>
<yCoord>221</yCoord>
</edgeMap>
<edgeMap>
<xCoord>100</xCoord>
<yCoord>222</yCoord>
</edgeMap>
<edgeMap>
<xCoord>100</xCoord>
<yCoord>223</yCoord>
</edgeMap>
<edgeMap>
<xCoord>100</xCoord>
<yCoord>224</yCoord>
</edgeMap>
<edgeMap>
<xCoord>101</xCoord>
<yCoord>225</yCoord>
</edgeMap>
<edgeMap>
<xCoord>102</xCoord>
<yCoord>226</yCoord>
</edgeMap>
<edgeMap>
<xCoord>103</xCoord>
<yCoord>226</yCoord>
</edgeMap>
<edgeMap>
<xCoord>104</xCoord>
<yCoord>226</yCoord>
</edgeMap>
<edgeMap>
<xCoord>105</xCoord>
<yCoord>226</yCoord>
</edgeMap>
</roi>
<roi>
<imageZposition>-70.0</imageZposition>
<imageSOP_UID>1.3.6.1.4.1.14519.5.2.1.6279.6001.338475249308705551893923535426</imageSOP_UID>
<inclusion>TRUE</inclusion>
<edgeMap>
<xCoord>106</xCoord>
<yCoord>227</yCoord>
</edgeMap>
<edgeMap>
<xCoord>106</xCoord>
<yCoord>226</yCoord>
</edgeMap>
<edgeMap>
<xCoord>106</xCoord>
<yCoord>225</yCoord>
</edgeMap>
<edgeMap>
<xCoord>107</xCoord>
<yCoord>224</yCoord>
</edgeMap>
<edgeMap>
<xCoord>107</xCoord>
<yCoord>223</yCoord>
</edgeMap>
<edgeMap>
<xCoord>107</xCoord>
<yCoord>222</yCoord>
</edgeMap>
<edgeMap>
<xCoord>106</xCoord>
<yCoord>221</yCoord>
</edgeMap>
<edgeMap>
<xCoord>105</xCoord>
<yCoord>220</yCoord>
</edgeMap>
<edgeMap>
<xCoord>104</xCoord>
<yCoord>220</yCoord>
</edgeMap>
<edgeMap>
<xCoord>103</xCoord>
<yCoord>220</yCoord>
</edgeMap>
<edgeMap>
<xCoord>102</xCoord>
<yCoord>220</yCoord>
</edgeMap>
<edgeMap>
<xCoord>101</xCoord>
<yCoord>221</yCoord>
</edgeMap>
<edgeMap>
<xCoord>100</xCoord>
<yCoord>222</yCoord>
</edgeMap>
<edgeMap>
<xCoord>99</xCoord>
<yCoord>223</yCoord>
</edgeMap>
<edgeMap>
<xCoord>99</xCoord>
<yCoord>224</yCoord>
</edgeMap>
<edgeMap>
<xCoord>100</xCoord>
<yCoord>225</yCoord>
</edgeMap>
<edgeMap>
<xCoord>100</xCoord>
<yCoord>226</yCoord>
</edgeMap>
<edgeMap>
<xCoord>101</xCoord>
<yCoord>227</yCoord>
</edgeMap>
<edgeMap>
<xCoord>102</xCoord>
<yCoord>227</yCoord>
</edgeMap>
<edgeMap>
<xCoord>103</xCoord>
<yCoord>227</yCoord>
</edgeMap>
<edgeMap>
<xCoord>104</xCoord>
<yCoord>227</yCoord>
</edgeMap>
<edgeMap>
<xCoord>105</xCoord>
<yCoord>227</yCoord>
</edgeMap>
<edgeMap>
<xCoord>106</xCoord>
<yCoord>227</yCoord>
</edgeMap>
</roi>
<roi>
<imageZposition>-72.5</imageZposition>
<imageSOP_UID>1.3.6.1.4.1.14519.5.2.1.6279.6001.371697975479647229809213956491</imageSOP_UID>
<inclusion>TRUE</inclusion>
<edgeMap>
<xCoord>106</xCoord>
<yCoord>226</yCoord>
</edgeMap>
<edgeMap>
<xCoord>107</xCoord>
<yCoord>225</yCoord>
</edgeMap>
<edgeMap>
<xCoord>107</xCoord>
<yCoord>224</yCoord>
</edgeMap>
<edgeMap>
<xCoord>107</xCoord>
<yCoord>223</yCoord>
</edgeMap>
<edgeMap>
<xCoord>107</xCoord>
<yCoord>222</yCoord>
</edgeMap>
<edgeMap>
<xCoord>106</xCoord>
<yCoord>221</yCoord>
</edgeMap>
<edgeMap>
<xCoord>105</xCoord>
<yCoord>221</yCoord>
</edgeMap>
<edgeMap>
<xCoord>104</xCoord>
<yCoord>220</yCoord>
</edgeMap>
<edgeMap>
<xCoord>103</xCoord>
<yCoord>220</yCoord>
</edgeMap>
<edgeMap>
<xCoord>102</xCoord>
<yCoord>220</yCoord>
</edgeMap>
<edgeMap>
<xCoord>101</xCoord>
<yCoord>220</yCoord>
</edgeMap>
<edgeMap>
<xCoord>100</xCoord>
<yCoord>221</yCoord>
</edgeMap>
<edgeMap>
<xCoord>100</xCoord>
<yCoord>222</yCoord>
</edgeMap>
<edgeMap>
<xCoord>100</xCoord>
<yCoord>223</yCoord>
</edgeMap>
<edgeMap>
<xCoord>100</xCoord>
<yCoord>224</yCoord>
</edgeMap>
<edgeMap>
<xCoord>100</xCoord>
<yCoord>225</yCoord>
</edgeMap>
<edgeMap>
<xCoord>101</xCoord>
<yCoord>226</yCoord>
</edgeMap>
<edgeMap>
<xCoord>102</xCoord>
<yCoord>226</yCoord>
</edgeMap>
<edgeMap>
<xCoord>103</xCoord>
<yCoord>226</yCoord>
</edgeMap>
<edgeMap>
<xCoord>104</xCoord>
<yCoord>226</yCoord>
</edgeMap>
<edgeMap>
<xCoord>105</xCoord>
<yCoord>226</yCoord>
</edgeMap>
<edgeMap>
<xCoord>106</xCoord>
<yCoord>226</yCoord>
</edgeMap>
</roi>
</unblindedReadNodule>
<unblindedReadNodule>
<noduleID>6038</noduleID>
<roi>
<imageZposition>-80.0</imageZposition>
<imageSOP_UID>1.3.6.1.4.1.14519.5.2.1.6279.6001.152611198557854178364128830837</imageSOP_UID>
<inclusion>TRUE</inclusion>
<edgeMap>
<xCoord>132</xCoord>
<yCoord>175</yCoord>
</edgeMap>
</roi>
</unblindedReadNodule>
<unblindedReadNodule>
<noduleID>6027</noduleID>
<characteristics>
<subtlety>4</subtlety>
<internalStructure>1</internalStructure>
<calcification>6</calcification>
<sphericity>4</sphericity>
<margin>3</margin>
<lobulation>2</lobulation>
<spiculation>2</spiculation>
<texture>4</texture>
<malignancy>3</malignancy>
</characteristics>
<roi>
<imageZposition>-147.5</imageZposition>
<imageSOP_UID>1.3.6.1.4.1.14519.5.2.1.6279.6001.130914412360996431373778023809</imageSOP_UID>
<inclusion>TRUE</inclusion>
<edgeMap>
<xCoord>203</xCoord>
<yCoord>155</yCoord>
</edgeMap>
<edgeMap>
<xCoord>204</xCoord>
<yCoord>154</yCoord>
</edgeMap>
<edgeMap>
<xCoord>205</xCoord>
<yCoord>154</yCoord>
</edgeMap>
<edgeMap>
<xCoord>206</xCoord>
<yCoord>154</yCoord>
</edgeMap>
<edgeMap>
<xCoord>207</xCoord>
<yCoord>154</yCoord>
</edgeMap>
<edgeMap>
<xCoord>208</xCoord>
<yCoord>154</yCoord>
</edgeMap>
<edgeMap>
<xCoord>209</xCoord>
<yCoord>154</yCoord>
</edgeMap>
<edgeMap>
<xCoord>210</xCoord>
<yCoord>153</yCoord>
</edgeMap>
<edgeMap>
<xCoord>210</xCoord>
<yCoord>152</yCoord>
</edgeMap>
<edgeMap>
<xCoord>210</xCoord>
<yCoord>151</yCoord>
</edgeMap>
<edgeMap>
<xCoord>210</xCoord>
<yCoord>150</yCoord>
</edgeMap>
<edgeMap>
<xCoord>211</xCoord>
<yCoord>149</yCoord>
</edgeMap>
<edgeMap>
<xCoord>211</xCoord>
<yCoord>148</yCoord>
</edgeMap>
<edgeMap>
<xCoord>211</xCoord>
<yCoord>147</yCoord>
</edgeMap>
<edgeMap>
<xCoord>210</xCoord>
<yCoord>146</yCoord>
</edgeMap>
<edgeMap>
<xCoord>209</xCoord>
<yCoord>145</yCoord>
</edgeMap>
<edgeMap>
<xCoord>208</xCoord>
<yCoord>145</yCoord>
</edgeMap>
<edgeMap>
<xCoord>207</xCoord>
<yCoord>145</yCoord>
</edgeMap>
<edgeMap>
<xCoord>206</xCoord>
<yCoord>145</yCoord>
</edgeMap>
<edgeMap>
<xCoord>205</xCoord>
<yCoord>146</yCoord>
</edgeMap>
<edgeMap>
<xCoord>204</xCoord>
<yCoord>146</yCoord>
</edgeMap>
<edgeMap>
<xCoord>203</xCoord>
<yCoord>147</yCoord>
</edgeMap>
<edgeMap>
<xCoord>202</xCoord>
<yCoord>148</yCoord>
</edgeMap>
<edgeMap>
<xCoord>201</xCoord>
<yCoord>148</yCoord>
</edgeMap>
<edgeMap>
<xCoord>200</xCoord>
<yCoord>149</yCoord>
</edgeMap>
<edgeMap>
<xCoord>200</xCoord>
<yCoord>150</yCoord>
</edgeMap>
<edgeMap>
<xCoord>200</xCoord>
<yCoord>151</yCoord>
</edgeMap>
<edgeMap>
<xCoord>201</xCoord>
<yCoord>152</yCoord>
</edgeMap>
<edgeMap>
<xCoord>201</xCoord>
<yCoord>153</yCoord>
</edgeMap>
<edgeMap>
<xCoord>202</xCoord>
<yCoord>154</yCoord>
</edgeMap>
<edgeMap>
<xCoord>203</xCoord>
<yCoord>155</yCoord>
</edgeMap>
</roi>
<roi>
<imageZposition>-150.0</imageZposition>
<imageSOP_UID>1.3.6.1.4.1.14519.5.2.1.6279.6001.238038314388896083487078874255</imageSOP_UID>
<inclusion>TRUE</inclusion>
<edgeMap>
<xCoord>206</xCoord>
<yCoord>156</yCoord>
</edgeMap>
<edgeMap>
<xCoord>207</xCoord>
<yCoord>155</yCoord>
</edgeMap>
<edgeMap>
<xCoord>208</xCoord>
<yCoord>155</yCoord>
</edgeMap>
<edgeMap>
<xCoord>209</xCoord>
<yCoord>155</yCoord>
</edgeMap>
<edgeMap>
<xCoord>210</xCoord>
<yCoord>154</yCoord>
</edgeMap>
<edgeMap>
<xCoord>211</xCoord>
<yCoord>153</yCoord>
</edgeMap>
<edgeMap>
<xCoord>211</xCoord>
<yCoord>152</yCoord>
</edgeMap>
<edgeMap>
<xCoord>212</xCoord>
<yCoord>151</yCoord>
</edgeMap>
<edgeMap>
<xCoord>212</xCoord>
<yCoord>150</yCoord>
</edgeMap>
<edgeMap>
<xCoord>213</xCoord>
<yCoord>149</yCoord>
</edgeMap>
<edgeMap>
<xCoord>213</xCoord>
<yCoord>148</yCoord>
</edgeMap>
<edgeMap>
<xCoord>213</xCoord>
<yCoord>147</yCoord>
</edgeMap>
<edgeMap>
<xCoord>212</xCoord>
<yCoord>146</yCoord>
</edgeMap>
<edgeMap>
<xCoord>211</xCoord>
<yCoord>145</yCoord>
</edgeMap>
<edgeMap>
<xCoord>210</xCoord>
<yCoord>144</yCoord>
</edgeMap>
<edgeMap>
<xCoord>209</xCoord>
<yCoord>144</yCoord>
</edgeMap>
<edgeMap>
<xCoord>208</xCoord>
<yCoord>144</yCoord>
</edgeMap>
<edgeMap>
<xCoord>207</xCoord>
<yCoord>144</yCoord>
</edgeMap>
<edgeMap>
<xCoord>206</xCoord>
<yCoord>144</yCoord>
</edgeMap>
<edgeMap>
<xCoord>205</xCoord>
<yCoord>144</yCoord>
</edgeMap>
<edgeMap>
<xCoord>204</xCoord>
<yCoord>144</yCoord>
</edgeMap>
<edgeMap>
<xCoord>203</xCoord>
<yCoord>145</yCoord>
</edgeMap>
<edgeMap>
<xCoord>202</xCoord>
<yCoord>146</yCoord>
</edgeMap>
<edgeMap>
<xCoord>201</xCoord>
<yCoord>146</yCoord>
</edgeMap>
<edgeMap>
<xCoord>200</xCoord>
<yCoord>147</yCoord>
</edgeMap>
<edgeMap>
<xCoord>199</xCoord>
<yCoord>148</yCoord>
</edgeMap>
<edgeMap>
<xCoord>199</xCoord>
<yCoord>149</yCoord>
</edgeMap>
<edgeMap>
<xCoord>199</xCoord>
<yCoord>150</yCoord>
</edgeMap>
<edgeMap>
<xCoord>199</xCoord>
<yCoord>151</yCoord>
</edgeMap>
<edgeMap>
<xCoord>200</xCoord>
<yCoord>152</yCoord>
</edgeMap>
<edgeMap>
<xCoord>200</xCoord>
<yCoord>153</yCoord>
</edgeMap>
<edgeMap>
<xCoord>201</xCoord>
<yCoord>154</yCoord>
</edgeMap>
<edgeMap>
<xCoord>202</xCoord>
<yCoord>155</yCoord>
</edgeMap>
<edgeMap>
<xCoord>203</xCoord>
<yCoord>155</yCoord>
</edgeMap>
<edgeMap>
<xCoord>204</xCoord>
<yCoord>156</yCoord>
</edgeMap>
<edgeMap>
<xCoord>205</xCoord>
<yCoord>156</yCoord>
</edgeMap>
<edgeMap>
<xCoord>206</xCoord>
<yCoord>156</yCoord>
</edgeMap>
</roi>
<roi>
<imageZposition>-152.5</imageZposition>
<imageSOP_UID>1.3.6.1.4.1.14519.5.2.1.6279.6001.209286780682452625432568099613</imageSOP_UID>
<inclusion>TRUE</inclusion>
<edgeMap>
<xCoord>206</xCoord>
<yCoord>153</yCoord>
</edgeMap>
<edgeMap>
<xCoord>207</xCoord>
<yCoord>152</yCoord>
</edgeMap>
<edgeMap>
<xCoord>208</xCoord>
<yCoord>152</yCoord>
</edgeMap>
<edgeMap>
<xCoord>209</xCoord>
<yCoord>152</yCoord>
</edgeMap>
<edgeMap>
<xCoord>210</xCoord>
<yCoord>151</yCoord>
</edgeMap>
<edgeMap>
<xCoord>210</xCoord>
<yCoord>150</yCoord>
</edgeMap>
<edgeMap>
<xCoord>209</xCoord>
<yCoord>149</yCoord>
</edgeMap>
<edgeMap>
<xCoord>210</xCoord>
<yCoord>148</yCoord>
</edgeMap>
<edgeMap>
<xCoord>210</xCoord>
<yCoord>147</yCoord>
</edgeMap>
<edgeMap>
<xCoord>209</xCoord>
<yCoord>146</yCoord>
</edgeMap>
<edgeMap>
<xCoord>208</xCoord>
<yCoord>146</yCoord>
</edgeMap>
<edgeMap>
<xCoord>207</xCoord>
<yCoord>146</yCoord>
</edgeMap>
<edgeMap>
<xCoord>206</xCoord>
<yCoord>147</yCoord>
</edgeMap>
<edgeMap>
<xCoord>205</xCoord>
<yCoord>148</yCoord>
</edgeMap>
<edgeMap>
<xCoord>204</xCoord>
<yCoord>148</yCoord>
</edgeMap>
<edgeMap>
<xCoord>203</xCoord>
<yCoord>149</yCoord>
</edgeMap>
<edgeMap>
<xCoord>203</xCoord>
<yCoord>150</yCoord>
</edgeMap>
<edgeMap>
<xCoord>204</xCoord>
<yCoord>151</yCoord>
</edgeMap>
<edgeMap>
<xCoord>205</xCoord>
<yCoord>152</yCoord>
</edgeMap>
<edgeMap>
<xCoord>206</xCoord>
<yCoord>153</yCoord>
</edgeMap>
</roi>
</unblindedReadNodule>
<unblindedReadNodule>
<noduleID>6034</noduleID>
<roi>
<imageZposition>-110.0</imageZposition>
<imageSOP_UID>1.3.6.1.4.1.14519.5.2.1.6279.6001.613096188965467004025693373650</imageSOP_UID>
<inclusion>TRUE</inclusion>
<edgeMap>
<xCoord>107</xCoord>
<yCoord>262</yCoord>
</edgeMap>
</roi>
</unblindedReadNodule>
<unblindedReadNodule>
<noduleID>6039</noduleID>
<roi>
<imageZposition>-82.5</imageZposition>
<imageSOP_UID>1.3.6.1.4.1.14519.5.2.1.6279.6001.131548063464824349021836316973</imageSOP_UID>
<inclusion>TRUE</inclusion>
<edgeMap>
<xCoord>139</xCoord>
<yCoord>251</yCoord>
</edgeMap>
</roi>
</unblindedReadNodule>
<unblindedReadNodule>
<noduleID>6041</noduleID>
<characteristics>
<subtlety>1</subtlety>
<internalStructure>1</internalStructure>
<calcification>6</calcification>
<sphericity>4</sphericity>
<margin>4</margin>
<lobulation>2</lobulation>
<spiculation>2</spiculation>
<texture>4</texture>
<malignancy>3</malignancy>
</characteristics>
<roi>
<imageZposition>-125.0</imageZposition>
<imageSOP_UID>1.3.6.1.4.1.14519.5.2.1.6279.6001.224465567926954461372313079146</imageSOP_UID>
<inclusion>TRUE</inclusion>
<edgeMap>
<xCoord>131</xCoord>
<yCoord>277</yCoord>
</edgeMap>
<edgeMap>
<xCoord>132</xCoord>
<yCoord>276</yCoord>
</edgeMap>
<edgeMap>
<xCoord>133</xCoord>
<yCoord>275</yCoord>
</edgeMap>
<edgeMap>
<xCoord>134</xCoord>
<yCoord>274</yCoord>
</edgeMap>
<edgeMap>
<xCoord>134</xCoord>
<yCoord>273</yCoord>
</edgeMap>
<edgeMap>
<xCoord>134</xCoord>
<yCoord>272</yCoord>
</edgeMap>
<edgeMap>
<xCoord>134</xCoord>
<yCoord>271</yCoord>
</edgeMap>
<edgeMap>
<xCoord>133</xCoord>
<yCoord>270</yCoord>
</edgeMap>
<edgeMap>
<xCoord>132</xCoord>
<yCoord>269</yCoord>
</edgeMap>
<edgeMap>
<xCoord>131</xCoord>
<yCoord>269</yCoord>
</edgeMap>
<edgeMap>
<xCoord>130</xCoord>
<yCoord>269</yCoord>
</edgeMap>
<edgeMap>
<xCoord>129</xCoord>
<yCoord>269</yCoord>
</edgeMap>
<edgeMap>
<xCoord>128</xCoord>
<yCoord>269</yCoord>
</edgeMap>
<edgeMap>
<xCoord>127</xCoord>
<yCoord>270</yCoord>
</edgeMap>
<edgeMap>
<xCoord>126</xCoord>
<yCoord>271</yCoord>
</edgeMap>
<edgeMap>
<xCoord>126</xCoord>
<yCoord>272</yCoord>
</edgeMap>
<edgeMap>
<xCoord>126</xCoord>
<yCoord>273</yCoord>
</edgeMap>
<edgeMap>
<xCoord>126</xCoord>
<yCoord>274</yCoord>
</edgeMap>
<edgeMap>
<xCoord>127</xCoord>
<yCoord>275</yCoord>
</edgeMap>
<edgeMap>
<xCoord>128</xCoord>
<yCoord>276</yCoord>
</edgeMap>
<edgeMap>
<xCoord>129</xCoord>
<yCoord>277</yCoord>
</edgeMap>
<edgeMap>
<xCoord>130</xCoord>
<yCoord>277</yCoord>
</edgeMap>
<edgeMap>
<xCoord>131</xCoord>
<yCoord>277</yCoord>
</edgeMap>
</roi>
<roi>
<imageZposition>-127.5</imageZposition>
<imageSOP_UID>1.3.6.1.4.1.14519.5.2.1.6279.6001.306951824774953238822462586586</imageSOP_UID>
<inclusion>TRUE</inclusion>
<edgeMap>
<xCoord>132</xCoord>
<yCoord>277</yCoord>
</edgeMap>
<edgeMap>
<xCoord>133</xCoord>
<yCoord>276</yCoord>
</edgeMap>
<edgeMap>
<xCoord>134</xCoord>
<yCoord>275</yCoord>
</edgeMap>
<edgeMap>
<xCoord>135</xCoord>
<yCoord>274</yCoord>
</edgeMap>
<edgeMap>
<xCoord>135</xCoord>
<yCoord>273</yCoord>
</edgeMap>
<edgeMap>
<xCoord>134</xCoord>
<yCoord>272</yCoord>
</edgeMap>
<edgeMap>
<xCoord>134</xCoord>
<yCoord>271</yCoord>
</edgeMap>
<edgeMap>
<xCoord>133</xCoord>
<yCoord>270</yCoord>
</edgeMap>
<edgeMap>
<xCoord>132</xCoord>
<yCoord>269</yCoord>
</edgeMap>
<edgeMap>
<xCoord>131</xCoord>
<yCoord>268</yCoord>
</edgeMap>
<edgeMap>
<xCoord>130</xCoord>
<yCoord>268</yCoord>
</edgeMap>
<edgeMap>
<xCoord>129</xCoord>
<yCoord>268</yCoord>
</edgeMap>
<edgeMap>
<xCoord>128</xCoord>
<yCoord>268</yCoord>
</edgeMap>
<edgeMap>
<xCoord>127</xCoord>
<yCoord>269</yCoord>
</edgeMap>
<edgeMap>
<xCoord>126</xCoord>
<yCoord>270</yCoord>
</edgeMap>
<edgeMap>
<xCoord>126</xCoord>
<yCoord>271</yCoord>
</edgeMap>
<edgeMap>
<xCoord>126</xCoord>
<yCoord>272</yCoord>
</edgeMap>
<edgeMap>
<xCoord>126</xCoord>
<yCoord>273</yCoord>
</edgeMap>
<edgeMap>
<xCoord>126</xCoord>
<yCoord>274</yCoord>
</edgeMap>
<edgeMap>
<xCoord>127</xCoord>
<yCoord>275</yCoord>
</edgeMap>
<edgeMap>
<xCoord>128</xCoord>
<yCoord>276</yCoord>
</edgeMap>
<edgeMap>
<xCoord>129</xCoord>
<yCoord>277</yCoord>
</edgeMap>
<edgeMap>
<xCoord>130</xCoord>
<yCoord>277</yCoord>
</edgeMap>
<edgeMap>
<xCoord>131</xCoord>
<yCoord>277</yCoord>
</edgeMap>
<edgeMap>
<xCoord>132</xCoord>
<yCoord>277</yCoord>
</edgeMap>
</roi>
</unblindedReadNodule>
<nonNodule>
<nonNoduleID>6036</nonNoduleID>
<imageZposition>-7.5</imageZposition>
<imageSOP_UID>1.3.6.1.4.1.14519.5.2.1.6279.6001.254359821413869061649240073354</imageSOP_UID>
<locus>
<xCoord>187</xCoord>
<yCoord>298</yCoord>
</locus>
</nonNodule>
<nonNodule>
<nonNoduleID>6040</nonNoduleID>
<imageZposition>-7.5</imageZposition>
<imageSOP_UID>1.3.6.1.4.1.14519.5.2.1.6279.6001.254359821413869061649240073354</imageSOP_UID>
<locus>
<xCoord>190</xCoord>
<yCoord>295</yCoord>
</locus>
</nonNodule>
</readingSession>
  <readingSession>
    <annotationVersion>3.12</annotationVersion>
<servicingRadiologistID>anon</servicingRadiologistID>
    <unblindedReadNodule>
      <noduleID>IL057_123510</noduleID>
      <characteristics>
        <subtlety>4</subtlety>
        <internalStructure>1</internalStructure>
        <calcification>6</calcification>
        <sphericity>5</sphericity>
        <margin>5</margin>
        <lobulation>2</lobulation>
        <spiculation>1</spiculation>
        <texture>5</texture>
        <malignancy>3</malignancy>
      </characteristics>
      <roi>
        <imageZposition>-67.5</imageZposition>
        <imageSOP_UID>1.3.6.1.4.1.14519.5.2.1.6279.6001.350351941505513846950458562800</imageSOP_UID>
        <inclusion>TRUE</inclusion>
        <edgeMap>
          <xCoord>103</xCoord>
          <yCoord>227</yCoord>
        </edgeMap>
        <edgeMap>
          <xCoord>103</xCoord>
          <yCoord>226</yCoord>
        </edgeMap>
        <edgeMap>
          <xCoord>103</xCoord>
          <yCoord>225</yCoord>
        </edgeMap>
        <edgeMap>
          <xCoord>103</xCoord>
          <yCoord>224</yCoord>
        </edgeMap>
        <edgeMap>
          <xCoord>103</xCoord>
          <yCoord>223</yCoord>
        </edgeMap>
        <edgeMap>
          <xCoord>103</xCoord>
          <yCoord>222</yCoord>
        </edgeMap>
        <edgeMap>
          <xCoord>104</xCoord>
          <yCoord>221</yCoord>
        </edgeMap>
        <edgeMap>
          <xCoord>103</xCoord>
          <yCoord>220</yCoord>
        </edgeMap>
        <edgeMap>
          <xCoord>102</xCoord>
          <yCoord>220</yCoord>
        </edgeMap>
        <edgeMap>
          <xCoord>101</xCoord>
          <yCoord>220</yCoord>
        </edgeMap>
        <edgeMap>
          <xCoord>100</xCoord>
          <yCoord>221</yCoord>
        </edgeMap>
        <edgeMap>
          <xCoord>99</xCoord>
          <yCoord>222</yCoord>
        </edgeMap>
        <edgeMap>
          <xCoord>99</xCoord>
          <yCoord>223</yCoord>
        </edgeMap>
        <edgeMap>
          <xCoord>99</xCoord>
          <yCoord>224</yCoord>
        </edgeMap>
        <edgeMap>
          <xCoord>100</xCoord>
          <yCoord>225</yCoord>
        </edgeMap>
        <edgeMap>
          <xCoord>101</xCoord>
          <yCoord>226</yCoord>
        </edgeMap>
        <edgeMap>
          <xCoord>102</xCoord>
          <yCoord>227</yCoord>
        </edgeMap>
        <edgeMap>
          <xCoord>103</xCoord>
          <yCoord>227</yCoord>
        </edgeMap>
      </roi>
      <roi>
        <imageZposition>-70.0</imageZposition>
        <imageSOP_UID>1.3.6.1.4.1.14519.5.2.1.6279.6001.338475249308705551893923535426</imageSOP_UID>
        <inclusion>TRUE</inclusion>
        <edgeMap>
          <xCoord>105</xCoord>
          <yCoord>228</yCoord>
        </edgeMap>
        <edgeMap>
          <xCoord>106</xCoord>
          <yCoord>227</yCoord>
        </edgeMap>
        <edgeMap>
          <xCoord>107</xCoord>
          <yCoord>226</yCoord>
        </edgeMap>
        <edgeMap>
          <xCoord>106</xCoord>
          <yCoord>225</yCoord>
        </edgeMap>
        <edgeMap>
          <xCoord>106</xCoord>
          <yCoord>224</yCoord>
        </edgeMap>
        <edgeMap>
          <xCoord>106</xCoord>
          <yCoord>223</yCoord>
        </edgeMap>
        <edgeMap>
          <xCoord>107</xCoord>
          <yCoord>222</yCoord>
        </edgeMap>
        <edgeMap>
          <xCoord>107</xCoord>
          <yCoord>221</yCoord>
        </edgeMap>
        <edgeMap>
          <xCoord>106</xCoord>
          <yCoord>220</yCoord>
        </edgeMap>
        <edgeMap>
          <xCoord>105</xCoord>
          <yCoord>219</yCoord>
        </edgeMap>
        <edgeMap>
          <xCoord>104</xCoord>
          <yCoord>219</yCoord>
        </edgeMap>
        <edgeMap>
          <xCoord>103</xCoord>
          <yCoord>219</yCoord>
        </edgeMap>
        <edgeMap>
          <xCoord>102</xCoord>
          <yCoord>220</yCoord>
        </edgeMap>
        <edgeMap>
          <xCoord>101</xCoord>
          <yCoord>220</yCoord>
        </edgeMap>
        <edgeMap>
          <xCoord>100</xCoord>
          <yCoord>221</yCoord>
        </edgeMap>
        <edgeMap>
          <xCoord>99</xCoord>
          <yCoord>222</yCoord>
        </edgeMap>
        <edgeMap>
          <xCoord>98</xCoord>
          <yCoord>223</yCoord>
        </edgeMap>
        <edgeMap>
          <xCoord>98</xCoord>
          <yCoord>224</yCoord>
        </edgeMap>
        <edgeMap>
          <xCoord>99</xCoord>
          <yCoord>225</yCoord>
        </edgeMap>
        <edgeMap>
          <xCoord>99</xCoord>
          <yCoord>226</yCoord>
        </edgeMap>
        <edgeMap>
          <xCoord>100</xCoord>
          <yCoord>227</yCoord>
        </edgeMap>
        <edgeMap>
          <xCoord>101</xCoord>
          <yCoord>228</yCoord>
        </edgeMap>
        <edgeMap>
          <xCoord>102</xCoord>
          <yCoord>228</yCoord>
        </edgeMap>
        <edgeMap>
          <xCoord>103</xCoord>
          <yCoord>228</yCoord>
        </edgeMap>
        <edgeMap>
          <xCoord>104</xCoord>
          <yCoord>228</yCoord>
        </edgeMap>
        <edgeMap>
          <xCoord>105</xCoord>
          <yCoord>228</yCoord>
        </edgeMap>
      </roi>
      <roi>
        <imageZposition>-72.5</imageZposition>
        <imageSOP_UID>1.3.6.1.4.1.14519.5.2.1.6279.6001.371697975479647229809213956491</imageSOP_UID>
        <inclusion>TRUE</inclusion>
        <edgeMap>
          <xCoord>105</xCoord>
          <yCoord>227</yCoord>
        </edgeMap>
        <edgeMap>
          <xCoord>105</xCoord>
          <yCoord>226</yCoord>
        </edgeMap>
        <edgeMap>
          <xCoord>106</xCoord>
          <yCoord>225</yCoord>
        </edgeMap>
        <edgeMap>
          <xCoord>107</xCoord>
          <yCoord>225</yCoord>
        </edgeMap>
        <edgeMap>
          <xCoord>107</xCoord>
          <yCoord>224</yCoord>
        </edgeMap>
        <edgeMap>
          <xCoord>108</xCoord>
          <yCoord>223</yCoord>
        </edgeMap>
        <edgeMap>
          <xCoord>108</xCoord>
          <yCoord>222</yCoord>
        </edgeMap>
        <edgeMap>
          <xCoord>107</xCoord>
          <yCoord>222</yCoord>
        </edgeMap>
        <edgeMap>
          <xCoord>106</xCoord>
          <yCoord>221</yCoord>
        </edgeMap>
        <edgeMap>
          <xCoord>105</xCoord>
          <yCoord>220</yCoord>
        </edgeMap>
        <edgeMap>
          <xCoord>104</xCoord>
          <yCoord>219</yCoord>
        </edgeMap>
        <edgeMap>
          <xCoord>103</xCoord>
          <yCoord>219</yCoord>
        </edgeMap>
        <edgeMap>
          <xCoord>102</xCoord>
          <yCoord>220</yCoord>
        </edgeMap>
        <edgeMap>
          <xCoord>101</xCoord>
          <yCoord>221</yCoord>
        </edgeMap>
        <edgeMap>
          <xCoord>101</xCoord>
          <yCoord>222</yCoord>
        </edgeMap>
        <edgeMap>
          <xCoord>101</xCoord>
          <yCoord>223</yCoord>
        </edgeMap>
        <edgeMap>
          <xCoord>101</xCoord>
          <yCoord>224</yCoord>
        </edgeMap>
        <edgeMap>
          <xCoord>101</xCoord>
          <yCoord>225</yCoord>
        </edgeMap>
        <edgeMap>
          <xCoord>102</xCoord>
          <yCoord>225</yCoord>
        </edgeMap>
        <edgeMap>
          <xCoord>103</xCoord>
          <yCoord>226</yCoord>
        </edgeMap>
        <edgeMap>
          <xCoord>104</xCoord>
          <yCoord>227</yCoord>
        </edgeMap>
        <edgeMap>
          <xCoord>105</xCoord>
          <yCoord>227</yCoord>
        </edgeMap>
      </roi>
    </unblindedReadNodule>
    <unblindedReadNodule>
      <noduleID>IL057_123520</noduleID>
      <roi>
        <imageZposition>-82.5</imageZposition>
        <imageSOP_UID>1.3.6.1.4.1.14519.5.2.1.6279.6001.131548063464824349021836316973</imageSOP_UID>
        <inclusion>TRUE</inclusion>
        <edgeMap>
          <xCoord>139</xCoord>
          <yCoord>251</yCoord>
        </edgeMap>
      </roi>
    </unblindedReadNodule>
    <unblindedReadNodule>
      <noduleID>IL057_123513</noduleID>
      <characteristics>
        <subtlety>2</subtlety>
        <internalStructure>1</internalStructure>
        <calcification>6</calcification>
        <sphericity>4</sphericity>
        <margin>4</margin>
        <lobulation>1</lobulation>
        <spiculation>1</spiculation>
        <texture>1</texture>
        <malignancy>3</malignancy>
      </characteristics>
      <roi>
        <imageZposition>-125.0</imageZposition>
        <imageSOP_UID>1.3.6.1.4.1.14519.5.2.1.6279.6001.224465567926954461372313079146</imageSOP_UID>
        <inclusion>TRUE</inclusion>
        <edgeMap>
          <xCoord>131</xCoord>
          <yCoord>276</yCoord>
        </edgeMap>
        <edgeMap>
          <xCoord>132</xCoord>
          <yCoord>275</yCoord>
        </edgeMap>
        <edgeMap>
          <xCoord>133</xCoord>
          <yCoord>274</yCoord>
        </edgeMap>
        <edgeMap>
          <xCoord>133</xCoord>
          <yCoord>273</yCoord>
        </edgeMap>
        <edgeMap>
          <xCoord>133</xCoord>
          <yCoord>272</yCoord>
        </edgeMap>
        <edgeMap>
          <xCoord>133</xCoord>
          <yCoord>271</yCoord>
        </edgeMap>
        <edgeMap>
          <xCoord>132</xCoord>
          <yCoord>270</yCoord>
        </edgeMap>
        <edgeMap>
          <xCoord>131</xCoord>
          <yCoord>270</yCoord>
        </edgeMap>
        <edgeMap>
          <xCoord>130</xCoord>
          <yCoord>269</yCoord>
        </edgeMap>
        <edgeMap>
          <xCoord>129</xCoord>
          <yCoord>270</yCoord>
        </edgeMap>
        <edgeMap>
          <xCoord>128</xCoord>
          <yCoord>270</yCoord>
        </edgeMap>
        <edgeMap>
          <xCoord>127</xCoord>
          <yCoord>271</yCoord>
        </edgeMap>
        <edgeMap>
          <xCoord>127</xCoord>
          <yCoord>272</yCoord>
        </edgeMap>
        <edgeMap>
          <xCoord>127</xCoord>
          <yCoord>273</yCoord>
        </edgeMap>
        <edgeMap>
          <xCoord>127</xCoord>
          <yCoord>274</yCoord>
        </edgeMap>
        <edgeMap>
          <xCoord>128</xCoord>
          <yCoord>275</yCoord>
        </edgeMap>
        <edgeMap>
          <xCoord>129</xCoord>
          <yCoord>275</yCoord>
        </edgeMap>
        <edgeMap>
          <xCoord>130</xCoord>
          <yCoord>276</yCoord>
        </edgeMap>
        <edgeMap>
          <xCoord>131</xCoord>
          <yCoord>276</yCoord>
        </edgeMap>
      </roi>
      <roi>
        <imageZposition>-127.5</imageZposition>
        <imageSOP_UID>1.3.6.1.4.1.14519.5.2.1.6279.6001.306951824774953238822462586586</imageSOP_UID>
        <inclusion>TRUE</inclusion>
        <edgeMap>
          <xCoord>132</xCoord>
          <yCoord>276</yCoord>
        </edgeMap>
        <edgeMap>
          <xCoord>133</xCoord>
          <yCoord>275</yCoord>
        </edgeMap>
        <edgeMap>
          <xCoord>134</xCoord>
          <yCoord>274</yCoord>
        </edgeMap>
        <edgeMap>
          <xCoord>134</xCoord>
          <yCoord>273</yCoord>
        </edgeMap>
        <edgeMap>
          <xCoord>133</xCoord>
          <yCoord>272</yCoord>
        </edgeMap>
        <edgeMap>
          <xCoord>132</xCoord>
          <yCoord>271</yCoord>
        </edgeMap>
        <edgeMap>
          <xCoord>132</xCoord>
          <yCoord>270</yCoord>
        </edgeMap>
        <edgeMap>
          <xCoord>131</xCoord>
          <yCoord>269</yCoord>
        </edgeMap>
        <edgeMap>
          <xCoord>130</xCoord>
          <yCoord>268</yCoord>
        </edgeMap>
        <edgeMap>
          <xCoord>129</xCoord>
          <yCoord>269</yCoord>
        </edgeMap>
        <edgeMap>
          <xCoord>128</xCoord>
          <yCoord>270</yCoord>
        </edgeMap>
        <edgeMap>
          <xCoord>127</xCoord>
          <yCoord>271</yCoord>
        </edgeMap>
        <edgeMap>
          <xCoord>127</xCoord>
          <yCoord>272</yCoord>
        </edgeMap>
        <edgeMap>
          <xCoord>127</xCoord>
          <yCoord>273</yCoord>
        </edgeMap>
        <edgeMap>
          <xCoord>127</xCoord>
          <yCoord>274</yCoord>
        </edgeMap>
        <edgeMap>
          <xCoord>128</xCoord>
          <yCoord>275</yCoord>
        </edgeMap>
        <edgeMap>
          <xCoord>129</xCoord>
          <yCoord>276</yCoord>
        </edgeMap>
        <edgeMap>
          <xCoord>130</xCoord>
          <yCoord>276</yCoord>
        </edgeMap>
        <edgeMap>
          <xCoord>131</xCoord>
          <yCoord>276</yCoord>
        </edgeMap>
        <edgeMap>
          <xCoord>132</xCoord>
          <yCoord>276</yCoord>
        </edgeMap>
      </roi>
    </unblindedReadNodule>
    <unblindedReadNodule>
      <noduleID>IL057_123507</noduleID>
      <characteristics>
        <subtlety>5</subtlety>
        <internalStructure>1</internalStructure>
        <calcification>6</calcification>
        <sphericity>5</sphericity>
        <margin>3</margin>
        <lobulation>1</lobulation>
        <spiculation>2</spiculation>
        <texture>5</texture>
        <malignancy>4</malignancy>
      </characteristics>
      <roi>
        <imageZposition>-147.5</imageZposition>
        <imageSOP_UID>1.3.6.1.4.1.14519.5.2.1.6279.6001.130914412360996431373778023809</imageSOP_UID>
        <inclusion>TRUE</inclusion>
        <edgeMap>
          <xCoord>209</xCoord>
          <yCoord>157</yCoord>
        </edgeMap>
        <edgeMap>
          <xCoord>209</xCoord>
          <yCoord>156</yCoord>
        </edgeMap>
        <edgeMap>
          <xCoord>209</xCoord>
          <yCoord>155</yCoord>
        </edgeMap>
        <edgeMap>
          <xCoord>209</xCoord>
          <yCoord>154</yCoord>
        </edgeMap>
        <edgeMap>
          <xCoord>209</xCoord>
          <yCoord>153</yCoord>
        </edgeMap>
        <edgeMap>
          <xCoord>209</xCoord>
          <yCoord>152</yCoord>
        </edgeMap>
        <edgeMap>
          <xCoord>209</xCoord>
          <yCoord>151</yCoord>
        </edgeMap>
        <edgeMap>
          <xCoord>209</xCoord>
          <yCoord>150</yCoord>
        </edgeMap>
        <edgeMap>
          <xCoord>210</xCoord>
          <yCoord>149</yCoord>
        </edgeMap>
        <edgeMap>
          <xCoord>211</xCoord>
          <yCoord>148</yCoord>
        </edgeMap>
        <edgeMap>
          <xCoord>211</xCoord>
          <yCoord>147</yCoord>
        </edgeMap>
        <edgeMap>
          <xCoord>210</xCoord>
          <yCoord>146</yCoord>
        </edgeMap>
        <edgeMap>
          <xCoord>209</xCoord>
          <yCoord>145</yCoord>
        </edgeMap>
        <edgeMap>
          <xCoord>208</xCoord>
          <yCoord>144</yCoord>
        </edgeMap>
        <edgeMap>
          <xCoord>207</xCoord>
          <yCoord>144</yCoord>
        </edgeMap>
        <edgeMap>
          <xCoord>206</xCoord>
          <yCoord>145</yCoord>
        </edgeMap>
        <edgeMap>
          <xCoord>205</xCoord>
          <yCoord>146</yCoord>
        </edgeMap>
        <edgeMap>
          <xCoord>204</xCoord>
          <yCoord>146</yCoord>
        </edgeMap>
        <edgeMap>
          <xCoord>203</xCoord>
          <yCoord>147</yCoord>
        </edgeMap>
        <edgeMap>
          <xCoord>202</xCoord>
          <yCoord>148</yCoord>
        </edgeMap>
        <edgeMap>
          <xCoord>201</xCoord>
          <yCoord>148</yCoord>
        </edgeMap>
        <edgeMap>
          <xCoord>200</xCoord>
          <yCoord>149</yCoord>
        </edgeMap>
        <edgeMap>
          <xCoord>200</xCoord>
          <yCoord>150</yCoord>
        </edgeMap>
        <edgeMap>
          <xCoord>200</xCoord>
          <yCoord>151</yCoord>
        </edgeMap>
        <edgeMap>
          <xCoord>201</xCoord>
          <yCoord>152</yCoord>
        </edgeMap>
        <edgeMap>
          <xCoord>201</xCoord>
          <yCoord>153</yCoord>
        </edgeMap>
        <edgeMap>
          <xCoord>202</xCoord>
          <yCoord>154</yCoord>
        </edgeMap>
        <edgeMap>
          <xCoord>203</xCoord>
          <yCoord>155</yCoord>
        </edgeMap>
        <edgeMap>
          <xCoord>204</xCoord>
          <yCoord>156</yCoord>
        </edgeMap>
        <edgeMap>
          <xCoord>205</xCoord>
          <yCoord>156</yCoord>
        </edgeMap>
        <edgeMap>
          <xCoord>206</xCoord>
          <yCoord>157</yCoord>
        </edgeMap>
        <edgeMap>
          <xCoord>207</xCoord>
          <yCoord>157</yCoord>
        </edgeMap>
        <edgeMap>
          <xCoord>208</xCoord>
          <yCoord>157</yCoord>
        </edgeMap>
        <edgeMap>
          <xCoord>209</xCoord>
          <yCoord>157</yCoord>
        </edgeMap>
      </roi>
      <roi>
        <imageZposition>-150.0</imageZposition>
        <imageSOP_UID>1.3.6.1.4.1.14519.5.2.1.6279.6001.238038314388896083487078874255</imageSOP_UID>
        <inclusion>TRUE</inclusion>
        <edgeMap>
          <xCoord>206</xCoord>
          <yCoord>156</yCoord>
        </edgeMap>
        <edgeMap>
          <xCoord>207</xCoord>
          <yCoord>155</yCoord>
        </edgeMap>
        <edgeMap>
          <xCoord>208</xCoord>
          <yCoord>155</yCoord>
        </edgeMap>
        <edgeMap>
          <xCoord>209</xCoord>
          <yCoord>155</yCoord>
        </edgeMap>
        <edgeMap>
          <xCoord>210</xCoord>
          <yCoord>154</yCoord>
        </edgeMap>
        <edgeMap>
          <xCoord>211</xCoord>
          <yCoord>153</yCoord>
        </edgeMap>
        <edgeMap>
          <xCoord>211</xCoord>
          <yCoord>152</yCoord>
        </edgeMap>
        <edgeMap>
          <xCoord>212</xCoord>
          <yCoord>151</yCoord>
        </edgeMap>
        <edgeMap>
          <xCoord>212</xCoord>
          <yCoord>150</yCoord>
        </edgeMap>
        <edgeMap>
          <xCoord>213</xCoord>
          <yCoord>149</yCoord>
        </edgeMap>
        <edgeMap>
          <xCoord>213</xCoord>
          <yCoord>148</yCoord>
        </edgeMap>
        <edgeMap>
          <xCoord>213</xCoord>
          <yCoord>147</yCoord>
        </edgeMap>
        <edgeMap>
          <xCoord>212</xCoord>
          <yCoord>146</yCoord>
        </edgeMap>
        <edgeMap>
          <xCoord>211</xCoord>
          <yCoord>145</yCoord>
        </edgeMap>
        <edgeMap>
          <xCoord>210</xCoord>
          <yCoord>145</yCoord>
        </edgeMap>
        <edgeMap>
          <xCoord>209</xCoord>
          <yCoord>144</yCoord>
        </edgeMap>
        <edgeMap>
          <xCoord>208</xCoord>
          <yCoord>144</yCoord>
        </edgeMap>
        <edgeMap>
          <xCoord>207</xCoord>
          <yCoord>144</yCoord>
        </edgeMap>
        <edgeMap>
          <xCoord>206</xCoord>
          <yCoord>144</yCoord>
        </edgeMap>
        <edgeMap>
          <xCoord>205</xCoord>
          <yCoord>144</yCoord>
        </edgeMap>
        <edgeMap>
          <xCoord>204</xCoord>
          <yCoord>144</yCoord>
        </edgeMap>
        <edgeMap>
          <xCoord>203</xCoord>
          <yCoord>145</yCoord>
        </edgeMap>
        <edgeMap>
          <xCoord>202</xCoord>
          <yCoord>146</yCoord>
        </edgeMap>
        <edgeMap>
          <xCoord>201</xCoord>
          <yCoord>146</yCoord>
        </edgeMap>
        <edgeMap>
          <xCoord>200</xCoord>
          <yCoord>147</yCoord>
        </edgeMap>
        <edgeMap>
          <xCoord>199</xCoord>
          <yCoord>148</yCoord>
        </edgeMap>
        <edgeMap>
          <xCoord>199</xCoord>
          <yCoord>149</yCoord>
        </edgeMap>
        <edgeMap>
          <xCoord>199</xCoord>
          <yCoord>150</yCoord>
        </edgeMap>
        <edgeMap>
          <xCoord>199</xCoord>
          <yCoord>151</yCoord>
        </edgeMap>
        <edgeMap>
          <xCoord>200</xCoord>
          <yCoord>152</yCoord>
        </edgeMap>
        <edgeMap>
          <xCoord>201</xCoord>
          <yCoord>153</yCoord>
        </edgeMap>
        <edgeMap>
          <xCoord>201</xCoord>
          <yCoord>154</yCoord>
        </edgeMap>
        <edgeMap>
          <xCoord>202</xCoord>
          <yCoord>155</yCoord>
        </edgeMap>
        <edgeMap>
          <xCoord>203</xCoord>
          <yCoord>155</yCoord>
        </edgeMap>
        <edgeMap>
          <xCoord>204</xCoord>
          <yCoord>156</yCoord>
        </edgeMap>
        <edgeMap>
          <xCoord>205</xCoord>
          <yCoord>156</yCoord>
        </edgeMap>
        <edgeMap>
          <xCoord>206</xCoord>
          <yCoord>156</yCoord>
        </edgeMap>
      </roi>
      <roi>
        <imageZposition>-152.5</imageZposition>
        <imageSOP_UID>1.3.6.1.4.1.14519.5.2.1.6279.6001.209286780682452625432568099613</imageSOP_UID>
        <inclusion>TRUE</inclusion>
        <edgeMap>
          <xCoord>206</xCoord>
          <yCoord>153</yCoord>
        </edgeMap>
        <edgeMap>
          <xCoord>207</xCoord>
          <yCoord>152</yCoord>
        </edgeMap>
        <edgeMap>
          <xCoord>208</xCoord>
          <yCoord>152</yCoord>
        </edgeMap>
        <edgeMap>
          <xCoord>209</xCoord>
          <yCoord>152</yCoord>
        </edgeMap>
        <edgeMap>
          <xCoord>210</xCoord>
          <yCoord>151</yCoord>
        </edgeMap>
        <edgeMap>
          <xCoord>210</xCoord>
          <yCoord>150</yCoord>
        </edgeMap>
        <edgeMap>
          <xCoord>209</xCoord>
          <yCoord>149</yCoord>
        </edgeMap>
        <edgeMap>
          <xCoord>210</xCoord>
          <yCoord>148</yCoord>
        </edgeMap>
        <edgeMap>
          <xCoord>210</xCoord>
          <yCoord>147</yCoord>
        </edgeMap>
        <edgeMap>
          <xCoord>209</xCoord>
          <yCoord>146</yCoord>
        </edgeMap>
        <edgeMap>
          <xCoord>208</xCoord>
          <yCoord>146</yCoord>
        </edgeMap>
        <edgeMap>
          <xCoord>207</xCoord>
          <yCoord>146</yCoord>
        </edgeMap>
        <edgeMap>
          <xCoord>206</xCoord>
          <yCoord>147</yCoord>
        </edgeMap>
        <edgeMap>
          <xCoord>205</xCoord>
          <yCoord>148</yCoord>
        </edgeMap>
        <edgeMap>
          <xCoord>204</xCoord>
          <yCoord>148</yCoord>
        </edgeMap>
        <edgeMap>
          <xCoord>203</xCoord>
          <yCoord>149</yCoord>
        </edgeMap>
        <edgeMap>
          <xCoord>204</xCoord>
          <yCoord>150</yCoord>
        </edgeMap>
        <edgeMap>
          <xCoord>204</xCoord>
          <yCoord>151</yCoord>
        </edgeMap>
        <edgeMap>
          <xCoord>205</xCoord>
          <yCoord>152</yCoord>
        </edgeMap>
        <edgeMap>
          <xCoord>206</xCoord>
          <yCoord>153</yCoord>
        </edgeMap>
      </roi>
    </unblindedReadNodule>
    <unblindedReadNodule>
      <noduleID>IL057_123516</noduleID>
      <roi>
        <imageZposition>-110.0</imageZposition>
        <imageSOP_UID>1.3.6.1.4.1.14519.5.2.1.6279.6001.613096188965467004025693373650</imageSOP_UID>
        <inclusion>TRUE</inclusion>
        <edgeMap>
          <xCoord>108</xCoord>
          <yCoord>262</yCoord>
        </edgeMap>
      </roi>
    </unblindedReadNodule>
    <unblindedReadNodule>
      <noduleID>IL057_123519</noduleID>
      <roi>
        <imageZposition>-80.0</imageZposition>
        <imageSOP_UID>1.3.6.1.4.1.14519.5.2.1.6279.6001.152611198557854178364128830837</imageSOP_UID>
        <inclusion>TRUE</inclusion>
        <edgeMap>
          <xCoord>132</xCoord>
          <yCoord>175</yCoord>
        </edgeMap>
      </roi>
    </unblindedReadNodule>
    <nonNodule>
      <nonNoduleID>IL057_123521</nonNoduleID>
      <imageZposition>-7.5</imageZposition>
      <imageSOP_UID>1.3.6.1.4.1.14519.5.2.1.6279.6001.254359821413869061649240073354</imageSOP_UID>
      <locus>
        <xCoord>190</xCoord>
        <yCoord>295</yCoord>
      </locus>
    </nonNodule>
  </readingSession>
<readingSession>
<annotationVersion>3.12</annotationVersion>
<servicingRadiologistID>anon</servicingRadiologistID>
<unblindedReadNodule>
<noduleID>10130</noduleID>
<characteristics>
<subtlety>5</subtlety>
<internalStructure>1</internalStructure>
<calcification>6</calcification>
<sphericity>4</sphericity>
<margin>4</margin>
<lobulation>2</lobulation>
<spiculation>2</spiculation>
<texture>5</texture>
<malignancy>3</malignancy>
</characteristics>
<roi>
<imageZposition>-67.5</imageZposition>
<imageSOP_UID>1.3.6.1.4.1.14519.5.2.1.6279.6001.350351941505513846950458562800</imageSOP_UID>
<inclusion>TRUE</inclusion>
<edgeMap>
<xCoord>104</xCoord>
<yCoord>226</yCoord>
</edgeMap>
<edgeMap>
<xCoord>105</xCoord>
<yCoord>225</yCoord>
</edgeMap>
<edgeMap>
<xCoord>105</xCoord>
<yCoord>224</yCoord>
</edgeMap>
<edgeMap>
<xCoord>105</xCoord>
<yCoord>223</yCoord>
</edgeMap>
<edgeMap>
<xCoord>105</xCoord>
<yCoord>222</yCoord>
</edgeMap>
<edgeMap>
<xCoord>104</xCoord>
<yCoord>221</yCoord>
</edgeMap>
<edgeMap>
<xCoord>103</xCoord>
<yCoord>221</yCoord>
</edgeMap>
<edgeMap>
<xCoord>102</xCoord>
<yCoord>221</yCoord>
</edgeMap>
<edgeMap>
<xCoord>101</xCoord>
<yCoord>221</yCoord>
</edgeMap>
<edgeMap>
<xCoord>100</xCoord>
<yCoord>222</yCoord>
</edgeMap>
<edgeMap>
<xCoord>100</xCoord>
<yCoord>223</yCoord>
</edgeMap>
<edgeMap>
<xCoord>100</xCoord>
<yCoord>224</yCoord>
</edgeMap>
<edgeMap>
<xCoord>101</xCoord>
<yCoord>225</yCoord>
</edgeMap>
<edgeMap>
<xCoord>102</xCoord>
<yCoord>226</yCoord>
</edgeMap>
<edgeMap>
<xCoord>103</xCoord>
<yCoord>226</yCoord>
</edgeMap>
<edgeMap>
<xCoord>104</xCoord>
<yCoord>226</yCoord>
</edgeMap>
</roi>
<roi>
<imageZposition>-70.0</imageZposition>
<imageSOP_UID>1.3.6.1.4.1.14519.5.2.1.6279.6001.338475249308705551893923535426</imageSOP_UID>
<inclusion>TRUE</inclusion>
<edgeMap>
<xCoord>106</xCoord>
<yCoord>227</yCoord>
</edgeMap>
<edgeMap>
<xCoord>107</xCoord>
<yCoord>226</yCoord>
</edgeMap>
<edgeMap>
<xCoord>107</xCoord>
<yCoord>225</yCoord>
</edgeMap>
<edgeMap>
<xCoord>108</xCoord>
<yCoord>224</yCoord>
</edgeMap>
<edgeMap>
<xCoord>108</xCoord>
<yCoord>223</yCoord>
</edgeMap>
<edgeMap>
<xCoord>107</xCoord>
<yCoord>222</yCoord>
</edgeMap>
<edgeMap>
<xCoord>106</xCoord>
<yCoord>221</yCoord>
</edgeMap>
<edgeMap>
<xCoord>105</xCoord>
<yCoord>220</yCoord>
</edgeMap>
<edgeMap>
<xCoord>104</xCoord>
<yCoord>220</yCoord>
</edgeMap>
<edgeMap>
<xCoord>103</xCoord>
<yCoord>220</yCoord>
</edgeMap>
<edgeMap>
<xCoord>102</xCoord>
<yCoord>220</yCoord>
</edgeMap>
<edgeMap>
<xCoord>101</xCoord>
<yCoord>221</yCoord>
</edgeMap>
<edgeMap>
<xCoord>100</xCoord>
<yCoord>221</yCoord>
</edgeMap>
<edgeMap>
<xCoord>99</xCoord>
<yCoord>222</yCoord>
</edgeMap>
<edgeMap>
<xCoord>99</xCoord>
<yCoord>223</yCoord>
</edgeMap>
<edgeMap>
<xCoord>99</xCoord>
<yCoord>224</yCoord>
</edgeMap>
<edgeMap>
<xCoord>100</xCoord>
<yCoord>225</yCoord>
</edgeMap>
<edgeMap>
<xCoord>100</xCoord>
<yCoord>226</yCoord>
</edgeMap>
<edgeMap>
<xCoord>101</xCoord>
<yCoord>227</yCoord>
</edgeMap>
<edgeMap>
<xCoord>102</xCoord>
<yCoord>227</yCoord>
</edgeMap>
<edgeMap>
<xCoord>103</xCoord>
<yCoord>227</yCoord>
</edgeMap>
<edgeMap>
<xCoord>104</xCoord>
<yCoord>227</yCoord>
</edgeMap>
<edgeMap>
<xCoord>105</xCoord>
<yCoord>227</yCoord>
</edgeMap>
<edgeMap>
<xCoord>106</xCoord>
<yCoord>227</yCoord>
</edgeMap>
</roi>
<roi>
<imageZposition>-72.5</imageZposition>
<imageSOP_UID>1.3.6.1.4.1.14519.5.2.1.6279.6001.371697975479647229809213956491</imageSOP_UID>
<inclusion>TRUE</inclusion>
<edgeMap>
<xCoord>106</xCoord>
<yCoord>227</yCoord>
</edgeMap>
<edgeMap>
<xCoord>107</xCoord>
<yCoord>226</yCoord>
</edgeMap>
<edgeMap>
<xCoord>107</xCoord>
<yCoord>225</yCoord>
</edgeMap>
<edgeMap>
<xCoord>107</xCoord>
<yCoord>224</yCoord>
</edgeMap>
<edgeMap>
<xCoord>107</xCoord>
<yCoord>223</yCoord>
</edgeMap>
<edgeMap>
<xCoord>106</xCoord>
<yCoord>222</yCoord>
</edgeMap>
<edgeMap>
<xCoord>105</xCoord>
<yCoord>221</yCoord>
</edgeMap>
<edgeMap>
<xCoord>104</xCoord>
<yCoord>221</yCoord>
</edgeMap>
<edgeMap>
<xCoord>103</xCoord>
<yCoord>220</yCoord>
</edgeMap>
<edgeMap>
<xCoord>102</xCoord>
<yCoord>221</yCoord>
</edgeMap>
<edgeMap>
<xCoord>101</xCoord>
<yCoord>221</yCoord>
</edgeMap>
<edgeMap>
<xCoord>100</xCoord>
<yCoord>222</yCoord>
</edgeMap>
<edgeMap>
<xCoord>100</xCoord>
<yCoord>223</yCoord>
</edgeMap>
<edgeMap>
<xCoord>100</xCoord>
<yCoord>224</yCoord>
</edgeMap>
<edgeMap>
<xCoord>100</xCoord>
<yCoord>225</yCoord>
</edgeMap>
<edgeMap>
<xCoord>101</xCoord>
<yCoord>226</yCoord>
</edgeMap>
<edgeMap>
<xCoord>102</xCoord>
<yCoord>227</yCoord>
</edgeMap>
<edgeMap>
<xCoord>103</xCoord>
<yCoord>227</yCoord>
</edgeMap>
<edgeMap>
<xCoord>104</xCoord>
<yCoord>227</yCoord>
</edgeMap>
<edgeMap>
<xCoord>105</xCoord>
<yCoord>227</yCoord>
</edgeMap>
<edgeMap>
<xCoord>106</xCoord>
<yCoord>227</yCoord>
</edgeMap>
</roi>
</unblindedReadNodule>
<unblindedReadNodule>
<noduleID>10125</noduleID>
<characteristics>
<subtlety>5</subtlety>
<internalStructure>1</internalStructure>
<calcification>6</calcification>
<sphericity>4</sphericity>
<margin>4</margin>
<lobulation>2</lobulation>
<spiculation>2</spiculation>
<texture>5</texture>
<malignancy>3</malignancy>
</characteristics>
<roi>
<imageZposition>-147.5</imageZposition>
<imageSOP_UID>1.3.6.1.4.1.14519.5.2.1.6279.6001.130914412360996431373778023809</imageSOP_UID>
<inclusion>TRUE</inclusion>
<edgeMap>
<xCoord>206</xCoord>
<yCoord>156</yCoord>
</edgeMap>
<edgeMap>
<xCoord>207</xCoord>
<yCoord>155</yCoord>
</edgeMap>
<edgeMap>
<xCoord>208</xCoord>
<yCoord>155</yCoord>
</edgeMap>
<edgeMap>
<xCoord>209</xCoord>
<yCoord>154</yCoord>
</edgeMap>
<edgeMap>
<xCoord>210</xCoord>
<yCoord>153</yCoord>
</edgeMap>
<edgeMap>
<xCoord>210</xCoord>
<yCoord>152</yCoord>
</edgeMap>
<edgeMap>
<xCoord>210</xCoord>
<yCoord>151</yCoord>
</edgeMap>
<edgeMap>
<xCoord>211</xCoord>
<yCoord>150</yCoord>
</edgeMap>
<edgeMap>
<xCoord>211</xCoord>
<yCoord>149</yCoord>
</edgeMap>
<edgeMap>
<xCoord>211</xCoord>
<yCoord>148</yCoord>
</edgeMap>
<edgeMap>
<xCoord>211</xCoord>
<yCoord>147</yCoord>
</edgeMap>
<edgeMap>
<xCoord>210</xCoord>
<yCoord>146</yCoord>
</edgeMap>
<edgeMap>
<xCoord>209</xCoord>
<yCoord>145</yCoord>
</edgeMap>
<edgeMap>
<xCoord>208</xCoord>
<yCoord>145</yCoord>
</edgeMap>
<edgeMap>
<xCoord>207</xCoord>
<yCoord>145</yCoord>
</edgeMap>
<edgeMap>
<xCoord>206</xCoord>
<yCoord>145</yCoord>
</edgeMap>
<edgeMap>
<xCoord>205</xCoord>
<yCoord>145</yCoord>
</edgeMap>
<edgeMap>
<xCoord>204</xCoord>
<yCoord>146</yCoord>
</edgeMap>
<edgeMap>
<xCoord>203</xCoord>
<yCoord>147</yCoord>
</edgeMap>
<edgeMap>
<xCoord>202</xCoord>
<yCoord>147</yCoord>
</edgeMap>
<edgeMap>
<xCoord>201</xCoord>
<yCoord>148</yCoord>
</edgeMap>
<edgeMap>
<xCoord>200</xCoord>
<yCoord>149</yCoord>
</edgeMap>
<edgeMap>
<xCoord>200</xCoord>
<yCoord>150</yCoord>
</edgeMap>
<edgeMap>
<xCoord>200</xCoord>
<yCoord>151</yCoord>
</edgeMap>
<edgeMap>
<xCoord>200</xCoord>
<yCoord>152</yCoord>
</edgeMap>
<edgeMap>
<xCoord>201</xCoord>
<yCoord>153</yCoord>
</edgeMap>
<edgeMap>
<xCoord>202</xCoord>
<yCoord>154</yCoord>
</edgeMap>
<edgeMap>
<xCoord>203</xCoord>
<yCoord>155</yCoord>
</edgeMap>
<edgeMap>
<xCoord>204</xCoord>
<yCoord>156</yCoord>
</edgeMap>
<edgeMap>
<xCoord>205</xCoord>
<yCoord>156</yCoord>
</edgeMap>
<edgeMap>
<xCoord>206</xCoord>
<yCoord>156</yCoord>
</edgeMap>
</roi>
<roi>
<imageZposition>-150.0</imageZposition>
<imageSOP_UID>1.3.6.1.4.1.14519.5.2.1.6279.6001.238038314388896083487078874255</imageSOP_UID>
<inclusion>TRUE</inclusion>
<edgeMap>
<xCoord>206</xCoord>
<yCoord>156</yCoord>
</edgeMap>
<edgeMap>
<xCoord>207</xCoord>
<yCoord>155</yCoord>
</edgeMap>
<edgeMap>
<xCoord>208</xCoord>
<yCoord>155</yCoord>
</edgeMap>
<edgeMap>
<xCoord>209</xCoord>
<yCoord>155</yCoord>
</edgeMap>
<edgeMap>
<xCoord>210</xCoord>
<yCoord>154</yCoord>
</edgeMap>
<edgeMap>
<xCoord>211</xCoord>
<yCoord>153</yCoord>
</edgeMap>
<edgeMap>
<xCoord>211</xCoord>
<yCoord>152</yCoord>
</edgeMap>
<edgeMap>
<xCoord>212</xCoord>
<yCoord>151</yCoord>
</edgeMap>
<edgeMap>
<xCoord>212</xCoord>
<yCoord>150</yCoord>
</edgeMap>
<edgeMap>
<xCoord>213</xCoord>
<yCoord>149</yCoord>
</edgeMap>
<edgeMap>
<xCoord>213</xCoord>
<yCoord>148</yCoord>
</edgeMap>
<edgeMap>
<xCoord>213</xCoord>
<yCoord>147</yCoord>
</edgeMap>
<edgeMap>
<xCoord>212</xCoord>
<yCoord>146</yCoord>
</edgeMap>
<edgeMap>
<xCoord>211</xCoord>
<yCoord>145</yCoord>
</edgeMap>
<edgeMap>
<xCoord>210</xCoord>
<yCoord>144</yCoord>
</edgeMap>
<edgeMap>
<xCoord>209</xCoord>
<yCoord>144</yCoord>
</edgeMap>
<edgeMap>
<xCoord>208</xCoord>
<yCoord>143</yCoord>
</edgeMap>
<edgeMap>
<xCoord>207</xCoord>
<yCoord>143</yCoord>
</edgeMap>
<edgeMap>
<xCoord>206</xCoord>
<yCoord>143</yCoord>
</edgeMap>
<edgeMap>
<xCoord>205</xCoord>
<yCoord>143</yCoord>
</edgeMap>
<edgeMap>
<xCoord>204</xCoord>
<yCoord>144</yCoord>
</edgeMap>
<edgeMap>
<xCoord>203</xCoord>
<yCoord>145</yCoord>
</edgeMap>
<edgeMap>
<xCoord>202</xCoord>
<yCoord>146</yCoord>
</edgeMap>
<edgeMap>
<xCoord>201</xCoord>
<yCoord>146</yCoord>
</edgeMap>
<edgeMap>
<xCoord>200</xCoord>
<yCoord>147</yCoord>
</edgeMap>
<edgeMap>
<xCoord>199</xCoord>
<yCoord>148</yCoord>
</edgeMap>
<edgeMap>
<xCoord>199</xCoord>
<yCoord>149</yCoord>
</edgeMap>
<edgeMap>
<xCoord>199</xCoord>
<yCoord>150</yCoord>
</edgeMap>
<edgeMap>
<xCoord>199</xCoord>
<yCoord>151</yCoord>
</edgeMap>
<edgeMap>
<xCoord>199</xCoord>
<yCoord>152</yCoord>
</edgeMap>
<edgeMap>
<xCoord>200</xCoord>
<yCoord>153</yCoord>
</edgeMap>
<edgeMap>
<xCoord>201</xCoord>
<yCoord>154</yCoord>
</edgeMap>
<edgeMap>
<xCoord>202</xCoord>
<yCoord>155</yCoord>
</edgeMap>
<edgeMap>
<xCoord>203</xCoord>
<yCoord>156</yCoord>
</edgeMap>
<edgeMap>
<xCoord>204</xCoord>
<yCoord>156</yCoord>
</edgeMap>
<edgeMap>
<xCoord>205</xCoord>
<yCoord>156</yCoord>
</edgeMap>
<edgeMap>
<xCoord>206</xCoord>
<yCoord>156</yCoord>
</edgeMap>
</roi>
<roi>
<imageZposition>-152.5</imageZposition>
<imageSOP_UID>1.3.6.1.4.1.14519.5.2.1.6279.6001.209286780682452625432568099613</imageSOP_UID>
<inclusion>TRUE</inclusion>
<edgeMap>
<xCoord>204</xCoord>
<yCoord>154</yCoord>
</edgeMap>
<edgeMap>
<xCoord>205</xCoord>
<yCoord>153</yCoord>
</edgeMap>
<edgeMap>
<xCoord>206</xCoord>
<yCoord>153</yCoord>
</edgeMap>
<edgeMap>
<xCoord>207</xCoord>
<yCoord>153</yCoord>
</edgeMap>
<edgeMap>
<xCoord>208</xCoord>
<yCoord>152</yCoord>
</edgeMap>
<edgeMap>
<xCoord>209</xCoord>
<yCoord>151</yCoord>
</edgeMap>
<edgeMap>
<xCoord>210</xCoord>
<yCoord>150</yCoord>
</edgeMap>
<edgeMap>
<xCoord>210</xCoord>
<yCoord>149</yCoord>
</edgeMap>
<edgeMap>
<xCoord>210</xCoord>
<yCoord>148</yCoord>
</edgeMap>
<edgeMap>
<xCoord>210</xCoord>
<yCoord>147</yCoord>
</edgeMap>
<edgeMap>
<xCoord>209</xCoord>
<yCoord>146</yCoord>
</edgeMap>
<edgeMap>
<xCoord>208</xCoord>
<yCoord>146</yCoord>
</edgeMap>
<edgeMap>
<xCoord>207</xCoord>
<yCoord>146</yCoord>
</edgeMap>
<edgeMap>
<xCoord>206</xCoord>
<yCoord>146</yCoord>
</edgeMap>
<edgeMap>
<xCoord>205</xCoord>
<yCoord>146</yCoord>
</edgeMap>
<edgeMap>
<xCoord>204</xCoord>
<yCoord>146</yCoord>
</edgeMap>
<edgeMap>
<xCoord>204</xCoord>
<yCoord>147</yCoord>
</edgeMap>
<edgeMap>
<xCoord>203</xCoord>
<yCoord>148</yCoord>
</edgeMap>
<edgeMap>
<xCoord>202</xCoord>
<yCoord>148</yCoord>
</edgeMap>
<edgeMap>
<xCoord>201</xCoord>
<yCoord>149</yCoord>
</edgeMap>
<edgeMap>
<xCoord>201</xCoord>
<yCoord>150</yCoord>
</edgeMap>
<edgeMap>
<xCoord>201</xCoord>
<yCoord>151</yCoord>
</edgeMap>
<edgeMap>
<xCoord>201</xCoord>
<yCoord>152</yCoord>
</edgeMap>
<edgeMap>
<xCoord>201</xCoord>
<yCoord>153</yCoord>
</edgeMap>
<edgeMap>
<xCoord>202</xCoord>
<yCoord>154</yCoord>
</edgeMap>
<edgeMap>
<xCoord>203</xCoord>
<yCoord>154</yCoord>
</edgeMap>
<edgeMap>
<xCoord>204</xCoord>
<yCoord>154</yCoord>
</edgeMap>
</roi>
</unblindedReadNodule>
<unblindedReadNodule>
<noduleID>10133</noduleID>
<characteristics>
<subtlety>5</subtlety>
<internalStructure>1</internalStructure>
<calcification>6</calcification>
<sphericity>5</sphericity>
<margin>4</margin>
<lobulation>2</lobulation>
<spiculation>2</spiculation>
<texture>5</texture>
<malignancy>3</malignancy>
</characteristics>
<roi>
<imageZposition>-125.0</imageZposition>
<imageSOP_UID>1.3.6.1.4.1.14519.5.2.1.6279.6001.224465567926954461372313079146</imageSOP_UID>
<inclusion>TRUE</inclusion>
<edgeMap>
<xCoord>131</xCoord>
<yCoord>276</yCoord>
</edgeMap>
<edgeMap>
<xCoord>132</xCoord>
<yCoord>275</yCoord>
</edgeMap>
<edgeMap>
<xCoord>132</xCoord>
<yCoord>274</yCoord>
</edgeMap>
<edgeMap>
<xCoord>133</xCoord>
<yCoord>273</yCoord>
</edgeMap>
<edgeMap>
<xCoord>133</xCoord>
<yCoord>272</yCoord>
</edgeMap>
<edgeMap>
<xCoord>132</xCoord>
<yCoord>271</yCoord>
</edgeMap>
<edgeMap>
<xCoord>131</xCoord>
<yCoord>270</yCoord>
</edgeMap>
<edgeMap>
<xCoord>130</xCoord>
<yCoord>270</yCoord>
</edgeMap>
<edgeMap>
<xCoord>129</xCoord>
<yCoord>270</yCoord>
</edgeMap>
<edgeMap>
<xCoord>128</xCoord>
<yCoord>270</yCoord>
</edgeMap>
<edgeMap>
<xCoord>127</xCoord>
<yCoord>271</yCoord>
</edgeMap>
<edgeMap>
<xCoord>127</xCoord>
<yCoord>272</yCoord>
</edgeMap>
<edgeMap>
<xCoord>127</xCoord>
<yCoord>273</yCoord>
</edgeMap>
<edgeMap>
<xCoord>127</xCoord>
<yCoord>274</yCoord>
</edgeMap>
<edgeMap>
<xCoord>128</xCoord>
<yCoord>275</yCoord>
</edgeMap>
<edgeMap>
<xCoord>129</xCoord>
<yCoord>275</yCoord>
</edgeMap>
<edgeMap>
<xCoord>130</xCoord>
<yCoord>276</yCoord>
</edgeMap>
<edgeMap>
<xCoord>131</xCoord>
<yCoord>276</yCoord>
</edgeMap>
</roi>
<roi>
<imageZposition>-127.5</imageZposition>
<imageSOP_UID>1.3.6.1.4.1.14519.5.2.1.6279.6001.306951824774953238822462586586</imageSOP_UID>
<inclusion>TRUE</inclusion>
<edgeMap>
<xCoord>132</xCoord>
<yCoord>276</yCoord>
</edgeMap>
<edgeMap>
<xCoord>133</xCoord>
<yCoord>275</yCoord>
</edgeMap>
<edgeMap>
<xCoord>134</xCoord>
<yCoord>274</yCoord>
</edgeMap>
<edgeMap>
<xCoord>134</xCoord>
<yCoord>273</yCoord>
</edgeMap>
<edgeMap>
<xCoord>133</xCoord>
<yCoord>272</yCoord>
</edgeMap>
<edgeMap>
<xCoord>132</xCoord>
<yCoord>271</yCoord>
</edgeMap>
<edgeMap>
<xCoord>131</xCoord>
<yCoord>270</yCoord>
</edgeMap>
<edgeMap>
<xCoord>130</xCoord>
<yCoord>269</yCoord>
</edgeMap>
<edgeMap>
<xCoord>129</xCoord>
<yCoord>269</yCoord>
</edgeMap>
<edgeMap>
<xCoord>128</xCoord>
<yCoord>270</yCoord>
</edgeMap>
<edgeMap>
<xCoord>127</xCoord>
<yCoord>271</yCoord>
</edgeMap>
<edgeMap>
<xCoord>127</xCoord>
<yCoord>272</yCoord>
</edgeMap>
<edgeMap>
<xCoord>127</xCoord>
<yCoord>273</yCoord>
</edgeMap>
<edgeMap>
<xCoord>127</xCoord>
<yCoord>274</yCoord>
</edgeMap>
<edgeMap>
<xCoord>128</xCoord>
<yCoord>275</yCoord>
</edgeMap>
<edgeMap>
<xCoord>129</xCoord>
<yCoord>276</yCoord>
</edgeMap>
<edgeMap>
<xCoord>130</xCoord>
<yCoord>276</yCoord>
</edgeMap>
<edgeMap>
<xCoord>131</xCoord>
<yCoord>276</yCoord>
</edgeMap>
<edgeMap>
<xCoord>132</xCoord>
<yCoord>276</yCoord>
</edgeMap>
</roi>
</unblindedReadNodule>
<unblindedReadNodule>
<noduleID>10134</noduleID>
<roi>
<imageZposition>-110.0</imageZposition>
<imageSOP_UID>1.3.6.1.4.1.14519.5.2.1.6279.6001.613096188965467004025693373650</imageSOP_UID>
<inclusion>TRUE</inclusion>
<edgeMap>
<xCoord>107</xCoord>
<yCoord>262</yCoord>
</edgeMap>
</roi>
</unblindedReadNodule>
<unblindedReadNodule>
<noduleID>10138</noduleID>
<roi>
<imageZposition>-80.0</imageZposition>
<imageSOP_UID>1.3.6.1.4.1.14519.5.2.1.6279.6001.152611198557854178364128830837</imageSOP_UID>
<inclusion>TRUE</inclusion>
<edgeMap>
<xCoord>132</xCoord>
<yCoord>175</yCoord>
</edgeMap>
</roi>
</unblindedReadNodule>
<unblindedReadNodule>
<noduleID>10139</noduleID>
<roi>
<imageZposition>-82.5</imageZposition>
<imageSOP_UID>1.3.6.1.4.1.14519.5.2.1.6279.6001.131548063464824349021836316973</imageSOP_UID>
<inclusion>TRUE</inclusion>
<edgeMap>
<xCoord>139</xCoord>
<yCoord>251</yCoord>
</edgeMap>
</roi>
</unblindedReadNodule>
<nonNodule>
<nonNoduleID>10136</nonNoduleID>
<imageZposition>-7.5</imageZposition>
<imageSOP_UID>1.3.6.1.4.1.14519.5.2.1.6279.6001.254359821413869061649240073354</imageSOP_UID>
<locus>
<xCoord>187</xCoord>
<yCoord>298</yCoord>
</locus>
</nonNodule>
</readingSession>
</LidcReadMessage>