<?xml version="1.0" encoding="UTF-8"?>
<LidcReadMessage uid="1.3.6.1.4.1.14519.5.2.1.6279.6001.1307390715782.0" xmlns="http://www.nih.gov" xmlns:xsi="http://www.w3.org/2001/XMLSchema-instance" xsi:schemaLocation="http://www.nih.gov       http://troll.rad.med.umich.edu/lidc/LidcReadMessage.xsd">
  <ResponseHeader>
    <Version>1.8</Version>
    <MessageId>UM1.3.6.1.4.1.9328.50.12.453224</MessageId>
    <DateRequest>2008-12-11</DateRequest>
    <TimeRequest>00:00:00</TimeRequest>
    <RequestingSite>removed</RequestingSite>
    <ServicingSite>removed</ServicingSite>
    <TaskDescription>Second unblinded read</TaskDescription>
    <CtImageFile>removed</CtImageFile>
    <SeriesInstanceUid>1.3.6.1.4.1.14519.5.2.1.6279.6001.200841000324240313648595016964</SeriesInstanceUid>
    <DateService>2008-12-11</DateService>
    <TimeService>00:00:00</TimeService>
    <ResponseDescription>1 - Reading complete</ResponseDescription>
  <StudyInstanceUID>1.3.6.1.4.1.14519.5.2.1.6279.6001.280531413986295071283803322793</StudyInstanceUID></ResponseHeader>
	<readingSession>
		<annotationVersion>3.12</annotationVersion>
		<servicingRadiologistID>anon</servicingRadiologistID>
			<unblindedReadNodule>
				<noduleID>0</noduleID>
				<characteristics>
					<subtlety>5</subtlety>
					<internalStructure>1</internalStructure>
					<calcification>3</calcification>
					<sphericity>5</sphericity>
					<margin>5</margin>
					<lobulation>1</lobulation>
					<spiculation>1</spiculation>
					<texture>5</texture>
					<malignancy>1</malignancy>
				</characteristics>
				<roi>
					<imageZposition>-103.75</imageZposition>
					<imageSOP_UID>1.3.6.1.4.1.14519.5.2.1.6279.6001.168421413574590235276812635697</imageSOP_UID>
					<inclusion>TRUE</inclusion>
					<edgeMap>
					<xCoord>122</xCoord>
					<yCoord>330</yCoord>
					</edgeMap>
					<edgeMap>
					<xCoord>123</xCoord>
					<yCoord>329</yCoord>
					</edgeMap>
					<edgeMap>
					<xCoord>123</xCoord>
					<yCoord>328</yCoord>
					</edgeMap>
					<edgeMap>
					<xCoord>124</xCoord>
					<yCoord>328</yCoord>
					</edgeMap>
					<edgeMap>
					<xCoord>125</xCoord>
					<yCoord>327</yCoord>
					</edgeMap>
					<edgeMap>
					<xCoord>126</xCoord>
					<yCoord>327</yCoord>
					</edgeMap>
					<edgeMap>
					<xCoord>127</xCoord>
					<yCoord>327</yCoord>
					</edgeMap>
					<edgeMap>
					<xCoord>128</xCoord>
					<yCoord>327</yCoord>
					</edgeMap>
					<edgeMap>
					<xCoord>129</xCoord>
					<yCoord>328</yCoord>
					</edgeMap>
					<edgeMap>
					<xCoord>130</xCoord>
					<yCoord>329</yCoord>
					</edgeMap>
					<edgeMap>
					<xCoord>130</xCoord>
					<yCoord>330</yCoord>
					</edgeMap>
					<edgeMap>
					<xCoord>130</xCoord>
					<yCoord>331</yCoord>
					</edgeMap>
					<edgeMap>
					<xCoord>131</xCoord>
					<yCoord>332</yCoord>
					</edgeMap>
					<edgeMap>
					<xCoord>130</xCoord>
					<yCoord>333</yCoord>
					</edgeMap>
					<edgeMap>
					<xCoord>129</xCoord>
					<yCoord>334</yCoord>
					</edgeMap>
					<edgeMap>
					<xCoord>128</xCoord>
					<yCoord>334</yCoord>
					</edgeMap>
					<edgeMap>
					<xCoord>127</xCoord>
					<yCoord>334</yCoord>
					</edgeMap>
					<edgeMap>
					<xCoord>126</xCoord>
					<yCoord>335</yCoord>
					</edgeMap>
					<edgeMap>
					<xCoord>125</xCoord>
					<yCoord>335</yCoord>
					</edgeMap>
					<edgeMap>
					<xCoord>124</xCoord>
					<yCoord>334</yCoord>
					</edgeMap>
					<edgeMap>
					<xCoord>123</xCoord>
					<yCoord>333</yCoord>
					</edgeMap>
					<edgeMap>
					<xCoord>122</xCoord>
					<yCoord>332</yCoord>
					</edgeMap>
					<edgeMap>
					<xCoord>122</xCoord>
					<yCoord>331</yCoord>
					</edgeMap>
					<edgeMap>
					<xCoord>122</xCoord>
					<yCoord>330</yCoord>
					</edgeMap>
				</roi>
				<roi>
					<imageZposition>-106.25</imageZposition>
					<imageSOP_UID>1.3.6.1.4.1.14519.5.2.1.6279.6001.206453631990525985512376654859</imageSOP_UID>
					<inclusion>TRUE</inclusion>
					<edgeMap>
					<xCoord>121</xCoord>
					<yCoord>330</yCoord>
					</edgeMap>
					<edgeMap>
					<xCoord>122</xCoord>
					<yCoord>329</yCoord>
					</edgeMap>
					<edgeMap>
					<xCoord>123</xCoord>
					<yCoord>328</yCoord>
					</edgeMap>
					<edgeMap>
					<xCoord>124</xCoord>
					<yCoord>328</yCoord>
					</edgeMap>
					<edgeMap>
					<xCoord>125</xCoord>
					<yCoord>327</yCoord>
					</edgeMap>
					<edgeMap>
					<xCoord>126</xCoord>
					<yCoord>327</yCoord>
					</edgeMap>
					<edgeMap>
					<xCoord>127</xCoord>
					<yCoord>328</yCoord>
					</edgeMap>
					<edgeMap>
					<xCoord>128</xCoord>
					<yCoord>328</yCoord>
					</edgeMap>
					<edgeMap>
					<xCoord>129</xCoord>
					<yCoord>328</yCoord>
					</edgeMap>
					<edgeMap>
					<xCoord>130</xCoord>
					<yCoord>329</yCoord>
					</edgeMap>
					<edgeMap>
					<xCoord>131</xCoord>
					<yCoord>330</yCoord>
					</edgeMap>
					<edgeMap>
					<xCoord>131</xCoord>
					<yCoord>331</yCoord>
					</edgeMap>
					<edgeMap>
					<xCoord>131</xCoord>
					<yCoord>332</yCoord>
					</edgeMap>
					<edgeMap>
					<xCoord>131</xCoord>
					<yCoord>333</yCoord>
					</edgeMap>
					<edgeMap>
					<xCoord>131</xCoord>
					<yCoord>334</yCoord>
					</edgeMap>
					<edgeMap>
					<xCoord>130</xCoord>
					<yCoord>335</yCoord>
					</edgeMap>
					<edgeMap>
					<xCoord>129</xCoord>
					<yCoord>335</yCoord>
					</edgeMap>
					<edgeMap>
					<xCoord>128</xCoord>
					<yCoord>335</yCoord>
					</edgeMap>
					<edgeMap>
					<xCoord>127</xCoord>
					<yCoord>336</yCoord>
					</edgeMap>
					<edgeMap>
					<xCoord>126</xCoord>
					<yCoord>336</yCoord>
					</edgeMap>
					<edgeMap>
					<xCoord>125</xCoord>
					<yCoord>336</yCoord>
					</edgeMap>
					<edgeMap>
					<xCoord>124</xCoord>
					<yCoord>335</yCoord>
					</edgeMap>
					<edgeMap>
					<xCoord>123</xCoord>
					<yCoord>335</yCoord>
					</edgeMap>
					<edgeMap>
					<xCoord>122</xCoord>
					<yCoord>334</yCoord>
					</edgeMap>
					<edgeMap>
					<xCoord>121</xCoord>
					<yCoord>333</yCoord>
					</edgeMap>
					<edgeMap>
					<xCoord>121</xCoord>
					<yCoord>332</yCoord>
					</edgeMap>
					<edgeMap>
					<xCoord>121</xCoord>
					<yCoord>331</yCoord>
					</edgeMap>
					<edgeMap>
					<xCoord>121</xCoord>
					<yCoord>330</yCoord>
					</edgeMap>
				</roi>
				<roi>
					<imageZposition>-108.75</imageZposition>
					<imageSOP_UID>1.3.6.1.4.1.14519.5.2.1.6279.6001.289175204906199109176445832451</imageSOP_UID>
					<inclusion>TRUE</inclusion>
					<edgeMap>
					<xCoord>121</xCoord>
					<yCoord>330</yCoord>
					</edgeMap>
					<edgeMap>
					<xCoord>122</xCoord>
					<yCoord>329</yCoord>
					</edgeMap>
					<edgeMap>
					<xCoord>123</xCoord>
					<yCoord>329</yCoord>
					</edgeMap>
					<edgeMap>
					<xCoord>123</xCoord>
					<yCoord>328</yCoord>
					</edgeMap>
					<edgeMap>
					<xCoord>124</xCoord>
					<yCoord>328</yCoord>
					</edgeMap>
					<edgeMap>
					<xCoord>125</xCoord>
					<yCoord>328</yCoord>
					</edgeMap>
					<edgeMap>
					<xCoord>126</xCoord>
					<yCoord>328</yCoord>
					</edgeMap>
					<edgeMap>
					<xCoord>127</xCoord>
					<yCoord>328</yCoord>
					</edgeMap>
					<edgeMap>
					<xCoord>128</xCoord>
					<yCoord>328</yCoord>
					</edgeMap>
					<edgeMap>
					<xCoord>129</xCoord>
					<yCoord>329</yCoord>
					</edgeMap>
					<edgeMap>
					<xCoord>130</xCoord>
					<yCoord>329</yCoord>
					</edgeMap>
					<edgeMap>
					<xCoord>131</xCoord>
					<yCoord>330</yCoord>
					</edgeMap>
					<edgeMap>
					<xCoord>131</xCoord>
					<yCoord>331</yCoord>
					</edgeMap>
					<edgeMap>
					<xCoord>132</xCoord>
					<yCoord>331</yCoord>
					</edgeMap>
					<edgeMap>
					<xCoord>131</xCoord>
					<yCoord>332</yCoord>
					</edgeMap>
					<edgeMap>
					<xCoord>130</xCoord>
					<yCoord>333</yCoord>
					</edgeMap>
					<edgeMap>
					<xCoord>130</xCoord>
					<yCoord>334</yCoord>
					</edgeMap>
					<edgeMap>
					<xCoord>129</xCoord>
					<yCoord>334</yCoord>
					</edgeMap>
					<edgeMap>
					<xCoord>128</xCoord>
					<yCoord>335</yCoord>
					</edgeMap>
					<edgeMap>
					<xCoord>127</xCoord>
					<yCoord>335</yCoord>
					</edgeMap>
					<edgeMap>
					<xCoord>126</xCoord>
					<yCoord>335</yCoord>
					</edgeMap>
					<edgeMap>
					<xCoord>125</xCoord>
					<yCoord>335</yCoord>
					</edgeMap>
					<edgeMap>
					<xCoord>124</xCoord>
					<yCoord>335</yCoord>
					</edgeMap>
					<edgeMap>
					<xCoord>123</xCoord>
					<yCoord>335</yCoord>
					</edgeMap>
					<edgeMap>
					<xCoord>122</xCoord>
					<yCoord>334</yCoord>
					</edgeMap>
					<edgeMap>
					<xCoord>121</xCoord>
					<yCoord>333</yCoord>
					</edgeMap>
					<edgeMap>
					<xCoord>120</xCoord>
					<yCoord>332</yCoord>
					</edgeMap>
					<edgeMap>
					<xCoord>120</xCoord>
					<yCoord>331</yCoord>
					</edgeMap>
					<edgeMap>
					<xCoord>121</xCoord>
					<yCoord>330</yCoord>
					</edgeMap>
				</roi>
				<roi>
					<imageZposition>-111.25</imageZposition>
					<imageSOP_UID>1.3.6.1.4.1.14519.5.2.1.6279.6001.281356069315747004564381472367</imageSOP_UID>
					<inclusion>TRUE</inclusion>
					<edgeMap>
					<xCoord>121</xCoord>
					<yCoord>329</yCoord>
					</edgeMap>
					<edgeMap>
					<xCoord>122</xCoord>
					<yCoord>329</yCoord>
					</edgeMap>
					<edgeMap>
					<xCoord>123</xCoord>
					<yCoord>328</yCoord>
					</edgeMap>
					<edgeMap>
					<xCoord>124</xCoord>
					<yCoord>328</yCoord>
					</edgeMap>
					<edgeMap>
					<xCoord>125</xCoord>
					<yCoord>328</yCoord>
					</edgeMap>
					<edgeMap>
					<xCoord>126</xCoord>
					<yCoord>328</yCoord>
					</edgeMap>
					<edgeMap>
					<xCoord>127</xCoord>
					<yCoord>328</yCoord>
					</edgeMap>
					<edgeMap>
					<xCoord>128</xCoord>
					<yCoord>328</yCoord>
					</edgeMap>
					<edgeMap>
					<xCoord>129</xCoord>
					<yCoord>328</yCoord>
					</edgeMap>
					<edgeMap>
					<xCoord>130</xCoord>
					<yCoord>328</yCoord>
					</edgeMap>
					<edgeMap>
					<xCoord>131</xCoord>
					<yCoord>329</yCoord>
					</edgeMap>
					<edgeMap>
					<xCoord>132</xCoord>
					<yCoord>330</yCoord>
					</edgeMap>
					<edgeMap>
					<xCoord>132</xCoord>
					<yCoord>331</yCoord>
					</edgeMap>
					<edgeMap>
					<xCoord>132</xCoord>
					<yCoord>332</yCoord>
					</edgeMap>
					<edgeMap>
					<xCoord>131</xCoord>
					<yCoord>333</yCoord>
					</edgeMap>
					<edgeMap>
					<xCoord>130</xCoord>
					<yCoord>333</yCoord>
					</edgeMap>
					<edgeMap>
					<xCoord>129</xCoord>
					<yCoord>334</yCoord>
					</edgeMap>
					<edgeMap>
					<xCoord>128</xCoord>
					<yCoord>334</yCoord>
					</edgeMap>
					<edgeMap>
					<xCoord>127</xCoord>
					<yCoord>334</yCoord>
					</edgeMap>
					<edgeMap>
					<xCoord>126</xCoord>
					<yCoord>335</yCoord>
					</edgeMap>
					<edgeMap>
					<xCoord>125</xCoord>
					<yCoord>335</yCoord>
					</edgeMap>
					<edgeMap>
					<xCoord>124</xCoord>
					<yCoord>334</yCoord>
					</edgeMap>
					<edgeMap>
					<xCoord>123</xCoord>
					<yCoord>334</yCoord>
					</edgeMap>
					<edgeMap>
					<xCoord>123</xCoord>
					<yCoord>333</yCoord>
					</edgeMap>
					<edgeMap>
					<xCoord>122</xCoord>
					<yCoord>332</yCoord>
					</edgeMap>
					<edgeMap>
					<xCoord>121</xCoord>
					<yCoord>331</yCoord>
					</edgeMap>
					<edgeMap>
					<xCoord>121</xCoord>
					<yCoord>330</yCoord>
					</edgeMap>
					<edgeMap>
					<xCoord>121</xCoord>
					<yCoord>329</yCoord>
					</edgeMap>
				</roi>
				<roi>
					<imageZposition>-113.75</imageZposition>
					<imageSOP_UID>1.3.6.1.4.1.14519.5.2.1.6279.6001.147107923241840368728732530731</imageSOP_UID>
					<inclusion>TRUE</inclusion>
					<edgeMap>
					<xCoord>124</xCoord>
					<yCoord>330</yCoord>
					</edgeMap>
					<edgeMap>
					<xCoord>125</xCoord>
					<yCoord>330</yCoord>
					</edgeMap>
					<edgeMap>
					<xCoord>125</xCoord>
					<yCoord>329</yCoord>
					</edgeMap>
					<edgeMap>
					<xCoord>126</xCoord>
					<yCoord>330</yCoord>
					</edgeMap>
					<edgeMap>
					<xCoord>127</xCoord>
					<yCoord>331</yCoord>
					</edgeMap>
					<edgeMap>
					<xCoord>128</xCoord>
					<yCoord>332</yCoord>
					</edgeMap>
					<edgeMap>
					<xCoord>128</xCoord>
					<yCoord>333</yCoord>
					</edgeMap>
					<edgeMap>
					<xCoord>127</xCoord>
					<yCoord>334</yCoord>
					</edgeMap>
					<edgeMap>
					<xCoord>127</xCoord>
					<yCoord>335</yCoord>
					</edgeMap>
					<edgeMap>
					<xCoord>126</xCoord>
					<yCoord>334</yCoord>
					</edgeMap>
					<edgeMap>
					<xCoord>125</xCoord>
					<yCoord>334</yCoord>
					</edgeMap>
					<edgeMap>
					<xCoord>125</xCoord>
					<yCoord>333</yCoord>
					</edgeMap>
					<edgeMap>
					<xCoord>124</xCoord>
					<yCoord>332</yCoord>
					</edgeMap>
					<edgeMap>
					<xCoord>124</xCoord>
					<yCoord>331</yCoord>
					</edgeMap>
					<edgeMap>
					<xCoord>124</xCoord>
					<yCoord>330</yCoord>
					</edgeMap>
				</roi>
			</unblindedReadNodule>
			<nonNodule>
				<nonNoduleID>1</nonNoduleID>
				<imageZposition>-166.25</imageZposition>
				<imageSOP_UID>1.3.6.1.4.1.14519.5.2.1.6279.6001.697438600376821772366600103083</imageSOP_UID>
				<locus>
					<xCoord>114</xCoord>
					<yCoord>328</yCoord>
				</locus>
			</nonNodule>
			<nonNodule>
				<nonNoduleID>2</nonNoduleID>
				<imageZposition>-178.75</imageZposition>
				<imageSOP_UID>1.3.6.1.4.1.14519.5.2.1.6279.6001.267016171319142735197924755244</imageSOP_UID>
				<locus>
					<xCoord>181</xCoord>
					<yCoord>394</yCoord>
				</locus>
			</nonNodule>
			<nonNodule>
				<nonNoduleID>3</nonNoduleID>
				<imageZposition>-216.25</imageZposition>
				<imageSOP_UID>1.3.6.1.4.1.14519.5.2.1.6279.6001.115446148079853620056438683078</imageSOP_UID>
				<locus>
					<xCoord>432</xCoord>
					<yCoord>210</yCoord>
				</locus>
			</nonNodule>
	</readingSession>
<readingSession>
<annotationVersion>3.12</annotationVersion>
<servicingRadiologistID>anon</servicingRadiologistID>
<unblindedReadNodule>
<noduleID>163209</noduleID>
<characteristics>
<subtlety>5</subtlety>
<internalStructure>1</internalStructure>
<calcification>3</calcification>
<sphericity>3</sphericity>
<margin>5</margin>
<lobulation>2</lobulation>
<spiculation>1</spiculation>
<texture>5</texture>
<malignancy>1</malignancy>
</characteristics>
<roi>
<imageZposition>-103.75</imageZposition>
<imageSOP_UID>1.3.6.1.4.1.14519.5.2.1.6279.6001.168421413574590235276812635697</imageSOP_UID>
<inclusion>TRUE</inclusion>
<edgeMap>
<xCoord>128</xCoord>
<yCoord>335</yCoord>
</edgeMap>
<edgeMap>
<xCoord>129</xCoord>
<yCoord>334</yCoord>
</edgeMap>
<edgeMap>
<xCoord>130</xCoord>
<yCoord>333</yCoord>
</edgeMap>
<edgeMap>
<xCoord>130</xCoord>
<yCoord>332</yCoord>
</edgeMap>
<edgeMap>
<xCoord>130</xCoord>
<yCoord>331</yCoord>
</edgeMap>
<edgeMap>
<xCoord>129</xCoord>
<yCoord>330</yCoord>
</edgeMap>
<edgeMap>
<xCoord>128</xCoord>
<yCoord>329</yCoord>
</edgeMap>
<edgeMap>
<xCoord>127</xCoord>
<yCoord>328</yCoord>
</edgeMap>
<edgeMap>
<xCoord>126</xCoord>
<yCoord>328</yCoord>
</edgeMap>
<edgeMap>
<xCoord>125</xCoord>
<yCoord>328</yCoord>
</edgeMap>
<edgeMap>
<xCoord>124</xCoord>
<yCoord>328</yCoord>
</edgeMap>
<edgeMap>
<xCoord>123</xCoord>
<yCoord>329</yCoord>
</edgeMap>
<edgeMap>
<xCoord>123</xCoord>
<yCoord>330</yCoord>
</edgeMap>
<edgeMap>
<xCoord>123</xCoord>
<yCoord>331</yCoord>
</edgeMap>
<edgeMap>
<xCoord>123</xCoord>
<yCoord>332</yCoord>
</edgeMap>
<edgeMap>
<xCoord>124</xCoord>
<yCoord>333</yCoord>
</edgeMap>
<edgeMap>
<xCoord>125</xCoord>
<yCoord>334</yCoord>
</edgeMap>
<edgeMap>
<xCoord>126</xCoord>
<yCoord>335</yCoord>
</edgeMap>
<edgeMap>
<xCoord>127</xCoord>
<yCoord>335</yCoord>
</edgeMap>
<edgeMap>
<xCoord>128</xCoord>
<yCoord>335</yCoord>
</edgeMap>
</roi>
<roi>
<imageZposition>-106.25</imageZposition>
<imageSOP_UID>1.3.6.1.4.1.14519.5.2.1.6279.6001.206453631990525985512376654859</imageSOP_UID>
<inclusion>TRUE</inclusion>
<edgeMap>
<xCoord>129</xCoord>
<yCoord>337</yCoord>
</edgeMap>
<edgeMap>
<xCoord>130</xCoord>
<yCoord>336</yCoord>
</edgeMap>
<edgeMap>
<xCoord>131</xCoord>
<yCoord>335</yCoord>
</edgeMap>
<edgeMap>
<xCoord>132</xCoord>
<yCoord>334</yCoord>
</edgeMap>
<edgeMap>
<xCoord>132</xCoord>
<yCoord>333</yCoord>
</edgeMap>
<edgeMap>
<xCoord>132</xCoord>
<yCoord>332</yCoord>
</edgeMap>
<edgeMap>
<xCoord>132</xCoord>
<yCoord>331</yCoord>
</edgeMap>
<edgeMap>
<xCoord>132</xCoord>
<yCoord>330</yCoord>
</edgeMap>
<edgeMap>
<xCoord>131</xCoord>
<yCoord>329</yCoord>
</edgeMap>
<edgeMap>
<xCoord>130</xCoord>
<yCoord>328</yCoord>
</edgeMap>
<edgeMap>
<xCoord>129</xCoord>
<yCoord>327</yCoord>
</edgeMap>
<edgeMap>
<xCoord>128</xCoord>
<yCoord>326</yCoord>
</edgeMap>
<edgeMap>
<xCoord>127</xCoord>
<yCoord>326</yCoord>
</edgeMap>
<edgeMap>
<xCoord>126</xCoord>
<yCoord>326</yCoord>
</edgeMap>
<edgeMap>
<xCoord>125</xCoord>
<yCoord>326</yCoord>
</edgeMap>
<edgeMap>
<xCoord>124</xCoord>
<yCoord>327</yCoord>
</edgeMap>
<edgeMap>
<xCoord>123</xCoord>
<yCoord>327</yCoord>
</edgeMap>
<edgeMap>
<xCoord>122</xCoord>
<yCoord>327</yCoord>
</edgeMap>
<edgeMap>
<xCoord>121</xCoord>
<yCoord>328</yCoord>
</edgeMap>
<edgeMap>
<xCoord>120</xCoord>
<yCoord>329</yCoord>
</edgeMap>
<edgeMap>
<xCoord>120</xCoord>
<yCoord>330</yCoord>
</edgeMap>
<edgeMap>
<xCoord>120</xCoord>
<yCoord>331</yCoord>
</edgeMap>
<edgeMap>
<xCoord>120</xCoord>
<yCoord>332</yCoord>
</edgeMap>
<edgeMap>
<xCoord>120</xCoord>
<yCoord>333</yCoord>
</edgeMap>
<edgeMap>
<xCoord>121</xCoord>
<yCoord>334</yCoord>
</edgeMap>
<edgeMap>
<xCoord>122</xCoord>
<yCoord>335</yCoord>
</edgeMap>
<edgeMap>
<xCoord>123</xCoord>
<yCoord>336</yCoord>
</edgeMap>
<edgeMap>
<xCoord>124</xCoord>
<yCoord>336</yCoord>
</edgeMap>
<edgeMap>
<xCoord>125</xCoord>
<yCoord>337</yCoord>
</edgeMap>
<edgeMap>
<xCoord>126</xCoord>
<yCoord>337</yCoord>
</edgeMap>
<edgeMap>
<xCoord>127</xCoord>
<yCoord>337</yCoord>
</edgeMap>
<edgeMap>
<xCoord>128</xCoord>
<yCoord>337</yCoord>
</edgeMap>
<edgeMap>
<xCoord>129</xCoord>
<yCoord>337</yCoord>
</edgeMap>
</roi>
<roi>
<imageZposition>-108.75</imageZposition>
<imageSOP_UID>1.3.6.1.4.1.14519.5.2.1.6279.6001.289175204906199109176445832451</imageSOP_UID>
<inclusion>TRUE</inclusion>
<edgeMap>
<xCoord>128</xCoord>
<yCoord>337</yCoord>
</edgeMap>
<edgeMap>
<xCoord>129</xCoord>
<yCoord>336</yCoord>
</edgeMap>
<edgeMap>
<xCoord>130</xCoord>
<yCoord>335</yCoord>
</edgeMap>
<edgeMap>
<xCoord>131</xCoord>
<yCoord>334</yCoord>
</edgeMap>
<edgeMap>
<xCoord>132</xCoord>
<yCoord>333</yCoord>
</edgeMap>
<edgeMap>
<xCoord>133</xCoord>
<yCoord>332</yCoord>
</edgeMap>
<edgeMap>
<xCoord>133</xCoord>
<yCoord>331</yCoord>
</edgeMap>
<edgeMap>
<xCoord>133</xCoord>
<yCoord>330</yCoord>
</edgeMap>
<edgeMap>
<xCoord>132</xCoord>
<yCoord>329</yCoord>
</edgeMap>
<edgeMap>
<xCoord>131</xCoord>
<yCoord>328</yCoord>
</edgeMap>
<edgeMap>
<xCoord>130</xCoord>
<yCoord>327</yCoord>
</edgeMap>
<edgeMap>
<xCoord>129</xCoord>
<yCoord>327</yCoord>
</edgeMap>
<edgeMap>
<xCoord>128</xCoord>
<yCoord>326</yCoord>
</edgeMap>
<edgeMap>
<xCoord>127</xCoord>
<yCoord>326</yCoord>
</edgeMap>
<edgeMap>
<xCoord>126</xCoord>
<yCoord>326</yCoord>
</edgeMap>
<edgeMap>
<xCoord>125</xCoord>
<yCoord>326</yCoord>
</edgeMap>
<edgeMap>
<xCoord>124</xCoord>
<yCoord>327</yCoord>
</edgeMap>
<edgeMap>
<xCoord>123</xCoord>
<yCoord>327</yCoord>
</edgeMap>
<edgeMap>
<xCoord>122</xCoord>
<yCoord>327</yCoord>
</edgeMap>
<edgeMap>
<xCoord>121</xCoord>
<yCoord>328</yCoord>
</edgeMap>
<edgeMap>
<xCoord>120</xCoord>
<yCoord>329</yCoord>
</edgeMap>
<edgeMap>
<xCoord>119</xCoord>
<yCoord>330</yCoord>
</edgeMap>
<edgeMap>
<xCoord>119</xCoord>
<yCoord>331</yCoord>
</edgeMap>
<edgeMap>
<xCoord>119</xCoord>
<yCoord>332</yCoord>
</edgeMap>
<edgeMap>
<xCoord>120</xCoord>
<yCoord>333</yCoord>
</edgeMap>
<edgeMap>
<xCoord>121</xCoord>
<yCoord>334</yCoord>
</edgeMap>
<edgeMap>
<xCoord>121</xCoord>
<yCoord>335</yCoord>
</edgeMap>
<edgeMap>
<xCoord>122</xCoord>
<yCoord>336</yCoord>
</edgeMap>
<edgeMap>
<xCoord>123</xCoord>
<yCoord>336</yCoord>
</edgeMap>
<edgeMap>
<xCoord>124</xCoord>
<yCoord>337</yCoord>
</edgeMap>
<edgeMap>
<xCoord>125</xCoord>
<yCoord>337</yCoord>
</edgeMap>
<edgeMap>
<xCoord>126</xCoord>
<yCoord>337</yCoord>
</edgeMap>
<edgeMap>
<xCoord>127</xCoord>
<yCoord>337</yCoord>
</edgeMap>
<edgeMap>
<xCoord>128</xCoord>
<yCoord>337</yCoord>
</edgeMap>
</roi>
<roi>
<imageZposition>-111.25</imageZposition>
<imageSOP_UID>1.3.6.1.4.1.14519.5.2.1.6279.6001.281356069315747004564381472367</imageSOP_UID>
<inclusion>TRUE</inclusion>
<edgeMap>
<xCoord>126</xCoord>
<yCoord>335</yCoord>
</edgeMap>
<edgeMap>
<xCoord>127</xCoord>
<yCoord>334</yCoord>
</edgeMap>
<edgeMap>
<xCoord>128</xCoord>
<yCoord>334</yCoord>
</edgeMap>
<edgeMap>
<xCoord>129</xCoord>
<yCoord>334</yCoord>
</edgeMap>
<edgeMap>
<xCoord>130</xCoord>
<yCoord>333</yCoord>
</edgeMap>
<edgeMap>
<xCoord>131</xCoord>
<yCoord>333</yCoord>
</edgeMap>
<edgeMap>
<xCoord>132</xCoord>
<yCoord>332</yCoord>
</edgeMap>
<edgeMap>
<xCoord>132</xCoord>
<yCoord>331</yCoord>
</edgeMap>
<edgeMap>
<xCoord>132</xCoord>
<yCoord>330</yCoord>
</edgeMap>
<edgeMap>
<xCoord>131</xCoord>
<yCoord>329</yCoord>
</edgeMap>
<edgeMap>
<xCoord>130</xCoord>
<yCoord>329</yCoord>
</edgeMap>
<edgeMap>
<xCoord>129</xCoord>
<yCoord>329</yCoord>
</edgeMap>
<edgeMap>
<xCoord>128</xCoord>
<yCoord>329</yCoord>
</edgeMap>
<edgeMap>
<xCoord>127</xCoord>
<yCoord>328</yCoord>
</edgeMap>
<edgeMap>
<xCoord>126</xCoord>
<yCoord>328</yCoord>
</edgeMap>
<edgeMap>
<xCoord>125</xCoord>
<yCoord>328</yCoord>
</edgeMap>
<edgeMap>
<xCoord>124</xCoord>
<yCoord>328</yCoord>
</edgeMap>
<edgeMap>
<xCoord>123</xCoord>
<yCoord>328</yCoord>
</edgeMap>
<edgeMap>
<xCoord>122</xCoord>
<yCoord>329</yCoord>
</edgeMap>
<edgeMap>
<xCoord>122</xCoord>
<yCoord>330</yCoord>
</edgeMap>
<edgeMap>
<xCoord>122</xCoord>
<yCoord>331</yCoord>
</edgeMap>
<edgeMap>
<xCoord>123</xCoord>
<yCoord>332</yCoord>
</edgeMap>
<edgeMap>
<xCoord>123</xCoord>
<yCoord>333</yCoord>
</edgeMap>
<edgeMap>
<xCoord>123</xCoord>
<yCoord>334</yCoord>
</edgeMap>
<edgeMap>
<xCoord>124</xCoord>
<yCoord>335</yCoord>
</edgeMap>
<edgeMap>
<xCoord>125</xCoord>
<yCoord>335</yCoord>
</edgeMap>
<edgeMap>
<xCoord>126</xCoord>
<yCoord>335</yCoord>
</edgeMap>
</roi>
</unblindedReadNodule>
<unblindedReadNodule>
<noduleID>163212</noduleID>
<roi>
<imageZposition>-178.75</imageZposition>
<imageSOP_UID>1.3.6.1.4.1.14519.5.2.1.6279.6001.267016171319142735197924755244</imageSOP_UID>
<inclusion>TRUE</inclusion>
<edgeMap>
<xCoord>179</xCoord>
<yCoord>392</yCoord>
</edgeMap>
</roi>
</unblindedReadNodule>
<nonNodule>
<nonNoduleID>163214</nonNoduleID>
<imageZposition>-208.75</imageZposition>
<imageSOP_UID>1.3.6.1.4.1.14519.5.2.1.6279.6001.226025007504692079407530819857</imageSOP_UID>
<locus>
<xCoord>170</xCoord>
<yCoord>250</yCoord>
</locus>
</nonNodule>
<nonNodule>
<nonNoduleID>163215</nonNoduleID>
<imageZposition>-146.25</imageZposition>
<imageSOP_UID>1.3.6.1.4.1.14519.5.2.1.6279.6001.231551584300015372642508864583</imageSOP_UID>
<locus>
<xCoord>147</xCoord>
<yCoord>377</yCoord>
</locus>
</nonNodule>
<nonNodule>
<nonNoduleID>163216</nonNoduleID>
<imageZposition>-216.25</imageZposition>
<imageSOP_UID>1.3.6.1.4.1.14519.5.2.1.6279.6001.115446148079853620056438683078</imageSOP_UID>
<locus>
<xCoord>431</xCoord>
<yCoord>205</yCoord>
</locus>
</nonNodule>
<nonNodule>
<nonNoduleID>163218</nonNoduleID>
<imageZposition>-216.25</imageZposition>
<imageSOP_UID>1.3.6.1.4.1.14519.5.2.1.6279.6001.115446148079853620056438683078</imageSOP_UID>
<locus>
<xCoord>442</xCoord>
<yCoord>244</yCoord>
</locus>
</nonNodule>
<nonNodule>
<nonNoduleID>163210</nonNoduleID>
<imageZposition>-166.25</imageZposition>
<imageSOP_UID>1.3.6.1.4.1.14519.5.2.1.6279.6001.697438600376821772366600103083</imageSOP_UID>
<locus>
<xCoord>114</xCoord>
<yCoord>328</yCoord>
</locus>
</nonNodule>
<nonNodule>
<nonNoduleID>163219</nonNoduleID>
<imageZposition>-221.25</imageZposition>
<imageSOP_UID>1.3.6.1.4.1.14519.5.2.1.6279.6001.262687287604216017924234161984</imageSOP_UID>
<locus>
<xCoord>422</xCoord>
<yCoord>210</yCoord>
</locus>
</nonNodule>
</readingSession>
  <readingSession>
    <annotationVersion>3.12</annotationVersion>
    <servicingRadiologistID>anon</servicingRadiologistID>
    <unblindedReadNodule>
      <noduleID>160722</noduleID>
      <characteristics>
        <subtlety>4</subtlety>
        <internalStructure>1</internalStructure>
        <calcification>3</calcification>
        <sphericity>4</sphericity>
        <margin>5</margin>
        <lobulation>1</lobulation>
        <spiculation>1</spiculation>
        <texture>5</texture>
        <malignancy>1</malignancy>
      </characteristics>
      <roi>
        <imageZposition>-103.75</imageZposition>
        <imageSOP_UID>1.3.6.1.4.1.14519.5.2.1.6279.6001.168421413574590235276812635697</imageSOP_UID>
        <inclusion>TRUE</inclusion>
        <edgeMap>
          <xCoord>127</xCoord>
          <yCoord>336</yCoord>
        </edgeMap>
        <edgeMap>
          <xCoord>128</xCoord>
          <yCoord>335</yCoord>
        </edgeMap>
        <edgeMap>
          <xCoord>129</xCoord>
          <yCoord>334</yCoord>
        </edgeMap>
        <edgeMap>
          <xCoord>129</xCoord>
          <yCoord>333</yCoord>
        </edgeMap>
        <edgeMap>
          <xCoord>129</xCoord>
          <yCoord>332</yCoord>
        </edgeMap>
        <edgeMap>
          <xCoord>129</xCoord>
          <yCoord>331</yCoord>
        </edgeMap>
        <edgeMap>
          <xCoord>128</xCoord>
          <yCoord>330</yCoord>
        </edgeMap>
        <edgeMap>
          <xCoord>127</xCoord>
          <yCoord>329</yCoord>
        </edgeMap>
        <edgeMap>
          <xCoord>126</xCoord>
          <yCoord>328</yCoord>
        </edgeMap>
        <edgeMap>
          <xCoord>125</xCoord>
          <yCoord>328</yCoord>
        </edgeMap>
        <edgeMap>
          <xCoord>124</xCoord>
          <yCoord>328</yCoord>
        </edgeMap>
        <edgeMap>
          <xCoord>123</xCoord>
          <yCoord>329</yCoord>
        </edgeMap>
        <edgeMap>
          <xCoord>122</xCoord>
          <yCoord>330</yCoord>
        </edgeMap>
        <edgeMap>
          <xCoord>121</xCoord>
          <yCoord>331</yCoord>
        </edgeMap>
        <edgeMap>
          <xCoord>121</xCoord>
          <yCoord>332</yCoord>
        </edgeMap>
        <edgeMap>
          <xCoord>122</xCoord>
          <yCoord>333</yCoord>
        </edgeMap>
        <edgeMap>
          <xCoord>123</xCoord>
          <yCoord>334</yCoord>
        </edgeMap>
        <edgeMap>
          <xCoord>124</xCoord>
          <yCoord>335</yCoord>
        </edgeMap>
        <edgeMap>
          <xCoord>125</xCoord>
          <yCoord>335</yCoord>
        </edgeMap>
        <edgeMap>
          <xCoord>126</xCoord>
          <yCoord>336</yCoord>
        </edgeMap>
        <edgeMap>
          <xCoord>127</xCoord>
          <yCoord>336</yCoord>
        </edgeMap>
      </roi>
      <roi>
        <imageZposition>-106.25</imageZposition>
        <imageSOP_UID>1.3.6.1.4.1.14519.5.2.1.6279.6001.206453631990525985512376654859</imageSOP_UID>
        <inclusion>TRUE</inclusion>
        <edgeMap>
          <xCoord>127</xCoord>
          <yCoord>338</yCoord>
        </edgeMap>
        <edgeMap>
          <xCoord>128</xCoord>
          <yCoord>337</yCoord>
        </edgeMap>
        <edgeMap>
          <xCoord>129</xCoord>
          <yCoord>336</yCoord>
        </edgeMap>
        <edgeMap>
          <xCoord>130</xCoord>
          <yCoord>335</yCoord>
        </edgeMap>
        <edgeMap>
          <xCoord>131</xCoord>
          <yCoord>334</yCoord>
        </edgeMap>
        <edgeMap>
          <xCoord>132</xCoord>
          <yCoord>333</yCoord>
        </edgeMap>
        <edgeMap>
          <xCoord>133</xCoord>
          <yCoord>332</yCoord>
        </edgeMap>
        <edgeMap>
          <xCoord>132</xCoord>
          <yCoord>331</yCoord>
        </edgeMap>
        <edgeMap>
          <xCoord>132</xCoord>
          <yCoord>330</yCoord>
        </edgeMap>
        <edgeMap>
          <xCoord>131</xCoord>
          <yCoord>329</yCoord>
        </edgeMap>
        <edgeMap>
          <xCoord>130</xCoord>
          <yCoord>328</yCoord>
        </edgeMap>
        <edgeMap>
          <xCoord>129</xCoord>
          <yCoord>327</yCoord>
        </edgeMap>
        <edgeMap>
          <xCoord>128</xCoord>
          <yCoord>326</yCoord>
        </edgeMap>
        <edgeMap>
          <xCoord>127</xCoord>
          <yCoord>326</yCoord>
        </edgeMap>
        <edgeMap>
          <xCoord>126</xCoord>
          <yCoord>326</yCoord>
        </edgeMap>
        <edgeMap>
          <xCoord>125</xCoord>
          <yCoord>326</yCoord>
        </edgeMap>
        <edgeMap>
          <xCoord>124</xCoord>
          <yCoord>326</yCoord>
        </edgeMap>
        <edgeMap>
          <xCoord>123</xCoord>
          <yCoord>327</yCoord>
        </edgeMap>
        <edgeMap>
          <xCoord>122</xCoord>
          <yCoord>327</yCoord>
        </edgeMap>
        <edgeMap>
          <xCoord>121</xCoord>
          <yCoord>328</yCoord>
        </edgeMap>
        <edgeMap>
          <xCoord>120</xCoord>
          <yCoord>329</yCoord>
        </edgeMap>
        <edgeMap>
          <xCoord>120</xCoord>
          <yCoord>330</yCoord>
        </edgeMap>
        <edgeMap>
          <xCoord>120</xCoord>
          <yCoord>331</yCoord>
        </edgeMap>
        <edgeMap>
          <xCoord>120</xCoord>
          <yCoord>332</yCoord>
        </edgeMap>
        <edgeMap>
          <xCoord>120</xCoord>
          <yCoord>333</yCoord>
        </edgeMap>
        <edgeMap>
          <xCoord>121</xCoord>
          <yCoord>334</yCoord>
        </edgeMap>
        <edgeMap>
          <xCoord>122</xCoord>
          <yCoord>335</yCoord>
        </edgeMap>
        <edgeMap>
          <xCoord>123</xCoord>
          <yCoord>336</yCoord>
        </edgeMap>
        <edgeMap>
          <xCoord>124</xCoord>
          <yCoord>337</yCoord>
        </edgeMap>
        <edgeMap>
          <xCoord>125</xCoord>
          <yCoord>337</yCoord>
        </edgeMap>
        <edgeMap>
          <xCoord>126</xCoord>
          <yCoord>337</yCoord>
        </edgeMap>
        <edgeMap>
          <xCoord>127</xCoord>
          <yCoord>338</yCoord>
        </edgeMap>
      </roi>
      <roi>
        <imageZposition>-108.75</imageZposition>
        <imageSOP_UID>1.3.6.1.4.1.14519.5.2.1.6279.6001.289175204906199109176445832451</imageSOP_UID>
        <inclusion>TRUE</inclusion>
        <edgeMap>
          <xCoord>127</xCoord>
          <yCoord>337</yCoord>
        </edgeMap>
        <edgeMap>
          <xCoord>128</xCoord>
          <yCoord>336</yCoord>
        </edgeMap>
        <edgeMap>
          <xCoord>129</xCoord>
          <yCoord>336</yCoord>
        </edgeMap>
        <edgeMap>
          <xCoord>130</xCoord>
          <yCoord>335</yCoord>
        </edgeMap>
        <edgeMap>
          <xCoord>131</xCoord>
          <yCoord>334</yCoord>
        </edgeMap>
        <edgeMap>
          <xCoord>132</xCoord>
          <yCoord>333</yCoord>
        </edgeMap>
        <edgeMap>
          <xCoord>132</xCoord>
          <yCoord>332</yCoord>
        </edgeMap>
        <edgeMap>
          <xCoord>133</xCoord>
          <yCoord>331</yCoord>
        </edgeMap>
        <edgeMap>
          <xCoord>132</xCoord>
          <yCoord>330</yCoord>
        </edgeMap>
        <edgeMap>
          <xCoord>131</xCoord>
          <yCoord>329</yCoord>
        </edgeMap>
        <edgeMap>
          <xCoord>130</xCoord>
          <yCoord>328</yCoord>
        </edgeMap>
        <edgeMap>
          <xCoord>129</xCoord>
          <yCoord>327</yCoord>
        </edgeMap>
        <edgeMap>
          <xCoord>128</xCoord>
          <yCoord>326</yCoord>
        </edgeMap>
        <edgeMap>
          <xCoord>127</xCoord>
          <yCoord>326</yCoord>
        </edgeMap>
        <edgeMap>
          <xCoord>126</xCoord>
          <yCoord>326</yCoord>
        </edgeMap>
        <edgeMap>
          <xCoord>125</xCoord>
          <yCoord>326</yCoord>
        </edgeMap>
        <edgeMap>
          <xCoord>124</xCoord>
          <yCoord>326</yCoord>
        </edgeMap>
        <edgeMap>
          <xCoord>123</xCoord>
          <yCoord>327</yCoord>
        </edgeMap>
        <edgeMap>
          <xCoord>122</xCoord>
          <yCoord>327</yCoord>
        </edgeMap>
        <edgeMap>
          <xCoord>121</xCoord>
          <yCoord>328</yCoord>
        </edgeMap>
        <edgeMap>
          <xCoord>120</xCoord>
          <yCoord>329</yCoord>
        </edgeMap>
        <edgeMap>
          <xCoord>119</xCoord>
          <yCoord>330</yCoord>
        </edgeMap>
        <edgeMap>
          <xCoord>119</xCoord>
          <yCoord>331</yCoord>
        </edgeMap>
        <edgeMap>
          <xCoord>120</xCoord>
          <yCoord>332</yCoord>
        </edgeMap>
        <edgeMap>
          <xCoord>120</xCoord>
          <yCoord>333</yCoord>
        </edgeMap>
        <edgeMap>
          <xCoord>121</xCoord>
          <yCoord>334</yCoord>
        </edgeMap>
        <edgeMap>
          <xCoord>122</xCoord>
          <yCoord>335</yCoord>
        </edgeMap>
        <edgeMap>
          <xCoord>123</xCoord>
          <yCoord>336</yCoord>
        </edgeMap>
        <edgeMap>
          <xCoord>124</xCoord>
          <yCoord>337</yCoord>
        </edgeMap>
        <edgeMap>
          <xCoord>125</xCoord>
          <yCoord>337</yCoord>
        </edgeMap>
        <edgeMap>
          <xCoord>126</xCoord>
          <yCoord>337</yCoord>
        </edgeMap>
        <edgeMap>
          <xCoord>127</xCoord>
          <yCoord>337</yCoord>
        </edgeMap>
      </roi>
      <roi>
        <imageZposition>-111.25</imageZposition>
        <imageSOP_UID>1.3.6.1.4.1.14519.5.2.1.6279.6001.281356069315747004564381472367</imageSOP_UID>
        <inclusion>TRUE</inclusion>
        <edgeMap>
          <xCoord>126</xCoord>
          <yCoord>334</yCoord>
        </edgeMap>
        <edgeMap>
          <xCoord>127</xCoord>
          <yCoord>333</yCoord>
        </edgeMap>
        <edgeMap>
          <xCoord>128</xCoord>
          <yCoord>332</yCoord>
        </edgeMap>
        <edgeMap>
          <xCoord>128</xCoord>
          <yCoord>331</yCoord>
        </edgeMap>
        <edgeMap>
          <xCoord>127</xCoord>
          <yCoord>330</yCoord>
        </edgeMap>
        <edgeMap>
          <xCoord>126</xCoord>
          <yCoord>329</yCoord>
        </edgeMap>
        <edgeMap>
          <xCoord>125</xCoord>
          <yCoord>329</yCoord>
        </edgeMap>
        <edgeMap>
          <xCoord>124</xCoord>
          <yCoord>330</yCoord>
        </edgeMap>
        <edgeMap>
          <xCoord>123</xCoord>
          <yCoord>331</yCoord>
        </edgeMap>
        <edgeMap>
          <xCoord>123</xCoord>
          <yCoord>332</yCoord>
        </edgeMap>
        <edgeMap>
          <xCoord>124</xCoord>
          <yCoord>333</yCoord>
        </edgeMap>
        <edgeMap>
          <xCoord>125</xCoord>
          <yCoord>334</yCoord>
        </edgeMap>
        <edgeMap>
          <xCoord>126</xCoord>
          <yCoord>334</yCoord>
        </edgeMap>
      </roi>
    </unblindedReadNodule>
    <nonNodule>
      <nonNoduleID>160734</nonNoduleID>
      <imageZposition>-221.25</imageZposition>
      <imageSOP_UID>1.3.6.1.4.1.14519.5.2.1.6279.6001.262687287604216017924234161984</imageSOP_UID>
      <locus>
        <xCoord>422</xCoord>
        <yCoord>210</yCoord>
      </locus>
    </nonNodule>
  </readingSession>
  <readingSession>
    <annotationVersion>3.12</annotationVersion>
    <servicingRadiologistID>anon</servicingRadiologistID>
    <unblindedReadNodule>
      <noduleID>Nodule 002</noduleID>
      <characteristics>
        <subtlety>4</subtlety>
        <internalStructure>1</internalStructure>
        <calcification>6</calcification>
        <sphericity>4</sphericity>
        <margin>5</margin>
        <lobulation>1</lobulation>
        <spiculation>1</spiculation>
        <texture>5</texture>
        <malignancy>2</malignancy>
      </characteristics>
      <roi>
        <imageZposition>-111.250000 </imageZposition>
        <imageSOP_UID>1.3.6.1.4.1.14519.5.2.1.6279.6001.281356069315747004564381472367</imageSOP_UID>
        <inclusion>TRUE</inclusion>
        <edgeMap>
          <xCoord>122</xCoord>
          <yCoord>328</yCoord>
        </edgeMap>
        <edgeMap>
          <xCoord>121</xCoord>
          <yCoord>329</yCoord>
        </edgeMap>
        <edgeMap>
          <xCoord>120</xCoord>
          <yCoord>330</yCoord>
        </edgeMap>
        <edgeMap>
          <xCoord>120</xCoord>
          <yCoord>331</yCoord>
        </edgeMap>
        <edgeMap>
          <xCoord>120</xCoord>
          <yCoord>332</yCoord>
        </edgeMap>
        <edgeMap>
          <xCoord>120</xCoord>
          <yCoord>333</yCoord>
        </edgeMap>
        <edgeMap>
          <xCoord>121</xCoord>
          <yCoord>334</yCoord>
        </edgeMap>
        <edgeMap>
          <xCoord>122</xCoord>
          <yCoord>334</yCoord>
        </edgeMap>
        <edgeMap>
          <xCoord>123</xCoord>
          <yCoord>334</yCoord>
        </edgeMap>
        <edgeMap>
          <xCoord>124</xCoord>
          <yCoord>334</yCoord>
        </edgeMap>
        <edgeMap>
          <xCoord>125</xCoord>
          <yCoord>334</yCoord>
        </edgeMap>
        <edgeMap>
          <xCoord>126</xCoord>
          <yCoord>334</yCoord>
        </edgeMap>
        <edgeMap>
          <xCoord>127</xCoord>
          <yCoord>334</yCoord>
        </edgeMap>
        <edgeMap>
          <xCoord>128</xCoord>
          <yCoord>334</yCoord>
        </edgeMap>
        <edgeMap>
          <xCoord>129</xCoord>
          <yCoord>334</yCoord>
        </edgeMap>
        <edgeMap>
          <xCoord>130</xCoord>
          <yCoord>333</yCoord>
        </edgeMap>
        <edgeMap>
          <xCoord>131</xCoord>
          <yCoord>332</yCoord>
        </edgeMap>
        <edgeMap>
          <xCoord>131</xCoord>
          <yCoord>331</yCoord>
        </edgeMap>
        <edgeMap>
          <xCoord>130</xCoord>
          <yCoord>330</yCoord>
        </edgeMap>
        <edgeMap>
          <xCoord>129</xCoord>
          <yCoord>329</yCoord>
        </edgeMap>
        <edgeMap>
          <xCoord>128</xCoord>
          <yCoord>328</yCoord>
        </edgeMap>
        <edgeMap>
          <xCoord>127</xCoord>
          <yCoord>328</yCoord>
        </edgeMap>
        <edgeMap>
          <xCoord>126</xCoord>
          <yCoord>328</yCoord>
        </edgeMap>
        <edgeMap>
          <xCoord>125</xCoord>
          <yCoord>328</yCoord>
        </edgeMap>
        <edgeMap>
          <xCoord>124</xCoord>
          <yCoord>328</yCoord>
        </edgeMap>
        <edgeMap>
          <xCoord>123</xCoord>
          <yCoord>328</yCoord>
        </edgeMap>
        <edgeMap>
          <xCoord>122</xCoord>
          <yCoord>328</yCoord>
        </edgeMap>
      </roi>
      <roi>
        <imageZposition>-108.750000 </imageZposition>
        <imageSOP_UID>1.3.6.1.4.1.14519.5.2.1.6279.6001.289175204906199109176445832451</imageSOP_UID>
        <inclusion>TRUE</inclusion>
        <edgeMap>
          <xCoord>121</xCoord>
          <yCoord>326</yCoord>
        </edgeMap>
        <edgeMap>
          <xCoord>120</xCoord>
          <yCoord>327</yCoord>
        </edgeMap>
        <edgeMap>
          <xCoord>119</xCoord>
          <yCoord>328</yCoord>
        </edgeMap>
        <edgeMap>
          <xCoord>119</xCoord>
          <yCoord>329</yCoord>
        </edgeMap>
        <edgeMap>
          <xCoord>118</xCoord>
          <yCoord>330</yCoord>
        </edgeMap>
        <edgeMap>
          <xCoord>118</xCoord>
          <yCoord>331</yCoord>
        </edgeMap>
        <edgeMap>
          <xCoord>118</xCoord>
          <yCoord>332</yCoord>
        </edgeMap>
        <edgeMap>
          <xCoord>118</xCoord>
          <yCoord>333</yCoord>
        </edgeMap>
        <edgeMap>
          <xCoord>118</xCoord>
          <yCoord>334</yCoord>
        </edgeMap>
        <edgeMap>
          <xCoord>119</xCoord>
          <yCoord>335</yCoord>
        </edgeMap>
        <edgeMap>
          <xCoord>120</xCoord>
          <yCoord>335</yCoord>
        </edgeMap>
        <edgeMap>
          <xCoord>121</xCoord>
          <yCoord>335</yCoord>
        </edgeMap>
        <edgeMap>
          <xCoord>122</xCoord>
          <yCoord>336</yCoord>
        </edgeMap>
        <edgeMap>
          <xCoord>123</xCoord>
          <yCoord>336</yCoord>
        </edgeMap>
        <edgeMap>
          <xCoord>124</xCoord>
          <yCoord>336</yCoord>
        </edgeMap>
        <edgeMap>
          <xCoord>125</xCoord>
          <yCoord>336</yCoord>
        </edgeMap>
        <edgeMap>
          <xCoord>126</xCoord>
          <yCoord>336</yCoord>
        </edgeMap>
        <edgeMap>
          <xCoord>127</xCoord>
          <yCoord>336</yCoord>
        </edgeMap>
        <edgeMap>
          <xCoord>128</xCoord>
          <yCoord>336</yCoord>
        </edgeMap>
        <edgeMap>
          <xCoord>129</xCoord>
          <yCoord>335</yCoord>
        </edgeMap>
        <edgeMap>
          <xCoord>130</xCoord>
          <yCoord>334</yCoord>
        </edgeMap>
        <edgeMap>
          <xCoord>131</xCoord>
          <yCoord>333</yCoord>
        </edgeMap>
        <edgeMap>
          <xCoord>131</xCoord>
          <yCoord>332</yCoord>
        </edgeMap>
        <edgeMap>
          <xCoord>131</xCoord>
          <yCoord>331</yCoord>
        </edgeMap>
        <edgeMap>
          <xCoord>131</xCoord>
          <yCoord>330</yCoord>
        </edgeMap>
        <edgeMap>
          <xCoord>130</xCoord>
          <yCoord>329</yCoord>
        </edgeMap>
        <edgeMap>
          <xCoord>130</xCoord>
          <yCoord>328</yCoord>
        </edgeMap>
        <edgeMap>
          <xCoord>129</xCoord>
          <yCoord>327</yCoord>
        </edgeMap>
        <edgeMap>
          <xCoord>128</xCoord>
          <yCoord>327</yCoord>
        </edgeMap>
        <edgeMap>
          <xCoord>127</xCoord>
          <yCoord>326</yCoord>
        </edgeMap>
        <edgeMap>
          <xCoord>126</xCoord>
          <yCoord>326</yCoord>
        </edgeMap>
        <edgeMap>
          <xCoord>125</xCoord>
          <yCoord>326</yCoord>
        </edgeMap>
        <edgeMap>
          <xCoord>124</xCoord>
          <yCoord>326</yCoord>
        </edgeMap>
        <edgeMap>
          <xCoord>123</xCoord>
          <yCoord>326</yCoord>
        </edgeMap>
        <edgeMap>
          <xCoord>122</xCoord>
          <yCoord>326</yCoord>
        </edgeMap>
        <edgeMap>
          <xCoord>121</xCoord>
          <yCoord>326</yCoord>
        </edgeMap>
      </roi>
      <roi>
        <imageZposition>-106.250000 </imageZposition>
        <imageSOP_UID>1.3.6.1.4.1.14519.5.2.1.6279.6001.206453631990525985512376654859</imageSOP_UID>
        <inclusion>TRUE</inclusion>
        <edgeMap>
          <xCoord>124</xCoord>
          <yCoord>326</yCoord>
        </edgeMap>
        <edgeMap>
          <xCoord>123</xCoord>
          <yCoord>327</yCoord>
        </edgeMap>
        <edgeMap>
          <xCoord>122</xCoord>
          <yCoord>328</yCoord>
        </edgeMap>
        <edgeMap>
          <xCoord>121</xCoord>
          <yCoord>329</yCoord>
        </edgeMap>
        <edgeMap>
          <xCoord>120</xCoord>
          <yCoord>330</yCoord>
        </edgeMap>
        <edgeMap>
          <xCoord>119</xCoord>
          <yCoord>331</yCoord>
        </edgeMap>
        <edgeMap>
          <xCoord>119</xCoord>
          <yCoord>332</yCoord>
        </edgeMap>
        <edgeMap>
          <xCoord>119</xCoord>
          <yCoord>333</yCoord>
        </edgeMap>
        <edgeMap>
          <xCoord>119</xCoord>
          <yCoord>334</yCoord>
        </edgeMap>
        <edgeMap>
          <xCoord>120</xCoord>
          <yCoord>335</yCoord>
        </edgeMap>
        <edgeMap>
          <xCoord>121</xCoord>
          <yCoord>336</yCoord>
        </edgeMap>
        <edgeMap>
          <xCoord>122</xCoord>
          <yCoord>336</yCoord>
        </edgeMap>
        <edgeMap>
          <xCoord>123</xCoord>
          <yCoord>336</yCoord>
        </edgeMap>
        <edgeMap>
          <xCoord>124</xCoord>
          <yCoord>337</yCoord>
        </edgeMap>
        <edgeMap>
          <xCoord>125</xCoord>
          <yCoord>337</yCoord>
        </edgeMap>
        <edgeMap>
          <xCoord>126</xCoord>
          <yCoord>338</yCoord>
        </edgeMap>
        <edgeMap>
          <xCoord>127</xCoord>
          <yCoord>338</yCoord>
        </edgeMap>
        <edgeMap>
          <xCoord>128</xCoord>
          <yCoord>338</yCoord>
        </edgeMap>
        <edgeMap>
          <xCoord>129</xCoord>
          <yCoord>337</yCoord>
        </edgeMap>
        <edgeMap>
          <xCoord>130</xCoord>
          <yCoord>337</yCoord>
        </edgeMap>
        <edgeMap>
          <xCoord>131</xCoord>
          <yCoord>336</yCoord>
        </edgeMap>
        <edgeMap>
          <xCoord>132</xCoord>
          <yCoord>335</yCoord>
        </edgeMap>
        <edgeMap>
          <xCoord>133</xCoord>
          <yCoord>334</yCoord>
        </edgeMap>
        <edgeMap>
          <xCoord>133</xCoord>
          <yCoord>333</yCoord>
        </edgeMap>
        <edgeMap>
          <xCoord>133</xCoord>
          <yCoord>332</yCoord>
        </edgeMap>
        <edgeMap>
          <xCoord>133</xCoord>
          <yCoord>331</yCoord>
        </edgeMap>
        <edgeMap>
          <xCoord>132</xCoord>
          <yCoord>330</yCoord>
        </edgeMap>
        <edgeMap>
          <xCoord>132</xCoord>
          <yCoord>329</yCoord>
        </edgeMap>
        <edgeMap>
          <xCoord>131</xCoord>
          <yCoord>328</yCoord>
        </edgeMap>
        <edgeMap>
          <xCoord>130</xCoord>
          <yCoord>327</yCoord>
        </edgeMap>
        <edgeMap>
          <xCoord>129</xCoord>
          <yCoord>327</yCoord>
        </edgeMap>
        <edgeMap>
          <xCoord>128</xCoord>
          <yCoord>327</yCoord>
        </edgeMap>
        <edgeMap>
          <xCoord>127</xCoord>
          <yCoord>327</yCoord>
        </edgeMap>
        <edgeMap>
          <xCoord>126</xCoord>
          <yCoord>326</yCoord>
        </edgeMap>
        <edgeMap>
          <xCoord>125</xCoord>
          <yCoord>326</yCoord>
        </edgeMap>
        <edgeMap>
          <xCoord>124</xCoord>
          <yCoord>326</yCoord>
        </edgeMap>
      </roi>
      <roi>
        <imageZposition>-103.750000 </imageZposition>
        <imageSOP_UID>1.3.6.1.4.1.14519.5.2.1.6279.6001.168421413574590235276812635697</imageSOP_UID>
        <inclusion>TRUE</inclusion>
        <edgeMap>
          <xCoord>123</xCoord>
          <yCoord>328</yCoord>
        </edgeMap>
        <edgeMap>
          <xCoord>122</xCoord>
          <yCoord>329</yCoord>
        </edgeMap>
        <edgeMap>
          <xCoord>121</xCoord>
          <yCoord>330</yCoord>
        </edgeMap>
        <edgeMap>
          <xCoord>121</xCoord>
          <yCoord>331</yCoord>
        </edgeMap>
        <edgeMap>
          <xCoord>121</xCoord>
          <yCoord>332</yCoord>
        </edgeMap>
        <edgeMap>
          <xCoord>122</xCoord>
          <yCoord>333</yCoord>
        </edgeMap>
        <edgeMap>
          <xCoord>123</xCoord>
          <yCoord>334</yCoord>
        </edgeMap>
        <edgeMap>
          <xCoord>124</xCoord>
          <yCoord>334</yCoord>
        </edgeMap>
        <edgeMap>
          <xCoord>125</xCoord>
          <yCoord>335</yCoord>
        </edgeMap>
        <edgeMap>
          <xCoord>126</xCoord>
          <yCoord>335</yCoord>
        </edgeMap>
        <edgeMap>
          <xCoord>127</xCoord>
          <yCoord>336</yCoord>
        </edgeMap>
        <edgeMap>
          <xCoord>128</xCoord>
          <yCoord>336</yCoord>
        </edgeMap>
        <edgeMap>
          <xCoord>129</xCoord>
          <yCoord>336</yCoord>
        </edgeMap>
        <edgeMap>
          <xCoord>130</xCoord>
          <yCoord>335</yCoord>
        </edgeMap>
        <edgeMap>
          <xCoord>131</xCoord>
          <yCoord>334</yCoord>
        </edgeMap>
        <edgeMap>
          <xCoord>131</xCoord>
          <yCoord>333</yCoord>
        </edgeMap>
        <edgeMap>
          <xCoord>131</xCoord>
          <yCoord>332</yCoord>
        </edgeMap>
        <edgeMap>
          <xCoord>131</xCoord>
          <yCoord>331</yCoord>
        </edgeMap>
        <edgeMap>
          <xCoord>130</xCoord>
          <yCoord>330</yCoord>
        </edgeMap>
        <edgeMap>
          <xCoord>129</xCoord>
          <yCoord>329</yCoord>
        </edgeMap>
        <edgeMap>
          <xCoord>128</xCoord>
          <yCoord>328</yCoord>
        </edgeMap>
        <edgeMap>
          <xCoord>127</xCoord>
          <yCoord>328</yCoord>
        </edgeMap>
        <edgeMap>
          <xCoord>126</xCoord>
          <yCoord>328</yCoord>
        </edgeMap>
        <edgeMap>
          <xCoord>125</xCoord>
          <yCoord>328</yCoord>
        </edgeMap>
        <edgeMap>
          <xCoord>124</xCoord>
          <yCoord>328</yCoord>
        </edgeMap>
        <edgeMap>
          <xCoord>123</xCoord>
          <yCoord>328</yCoord>
        </edgeMap>
      </roi>
    </unblindedReadNodule>
    <unblindedReadNodule>
      <noduleID>Nodule 001</noduleID>
      <roi>
        <imageZposition>-178.750000 </imageZposition>
        <imageSOP_UID>1.3.6.1.4.1.14519.5.2.1.6279.6001.267016171319142735197924755244</imageSOP_UID>
        <inclusion>TRUE</inclusion>
        <edgeMap>
          <xCoord>179</xCoord>
          <yCoord>392</yCoord>
        </edgeMap>
      </roi>
    </unblindedReadNodule>
    <nonNodule>
      <nonNoduleID>_Non-nodule 001</nonNoduleID>
      <imageZposition>-216.250000 </imageZposition>
      <imageSOP_UID>1.3.6.1.4.1.14519.5.2.1.6279.6001.115446148079853620056438683078</imageSOP_UID>
      <locus>
        <xCoord>430</xCoord>
        <yCoord>205</yCoord>
      </locus>
    </nonNodule>
    <nonNodule>
      <nonNoduleID>_Non-nodule 002</nonNoduleID>
      <imageZposition>-216.250000 </imageZposition>
      <imageSOP_UID>1.3.6.1.4.1.14519.5.2.1.6279.6001.115446148079853620056438683078</imageSOP_UID>
      <locus>
        <xCoord>442</xCoord>
        <yCoord>243</yCoord>
      </locus>
    </nonNodule>
    <nonNodule>
      <nonNoduleID>_Non-nodule 003</nonNoduleID>
      <imageZposition>-146.250000 </imageZposition>
      <imageSOP_UID>1.3.6.1.4.1.14519.5.2.1.6279.6001.231551584300015372642508864583</imageSOP_UID>
      <locus>
        <xCoord>146</xCoord>
        <yCoord>377</yCoord>
      </locus>
    </nonNodule>
  </readingSession>
</LidcReadMessage>