<?xml version="1.0" encoding="UTF-8"?>
<LidcReadMessage uid="1.3.6.1.4.1.14519.5.2.1.6279.6001.1307390735330.0" xmlns="http://www.nih.gov" xmlns:xsi="http://www.w3.org/2001/XMLSchema-instance" xsi:schemaLocation="http://www.nih.gov  http://troll.rad.med.umich.edu/lidc/LidcReadMessage.xsd">
<ResponseHeader>
	<Version>1.8</Version>
	<MessageId>NIH226</MessageId>
        <DateRequest>2006-02-16</DateRequest>
        <TimeRequest>00:00:00</TimeRequest>
	<RequestingSite>removed</RequestingSite>
	<ServicingSite>removed</ServicingSite>
	<TaskDescription>Second unblinded read</TaskDescription>
	<CtImageFile>removed</CtImageFile>
	<SeriesInstanceUid>1.3.6.1.4.1.14519.5.2.1.6279.6001.337845202462615014431060697507</SeriesInstanceUid>
	<DateService>2008-08-29</DateService>
	<TimeService>13:13:42</TimeService>
<ResponseDescription>1 - Reading complete</ResponseDescription>
<StudyInstanceUID>1.3.6.1.4.1.14519.5.2.1.6279.6001.185466477130333115741807427373</StudyInstanceUID></ResponseHeader>
<readingSession>
<annotationVersion>3.12</annotationVersion>
<servicingRadiologistID>anon</servicingRadiologistID>
<unblindedReadNodule>
<noduleID>9762</noduleID>
<roi>
<imageZposition>-88.5</imageZposition>
<imageSOP_UID>1.3.6.1.4.1.14519.5.2.1.6279.6001.208365440643678082940044903221</imageSOP_UID>
<inclusion>TRUE</inclusion>
<edgeMap>
<xCoord>173</xCoord>
<yCoord>255</yCoord>
</edgeMap>
</roi>
</unblindedReadNodule>
<unblindedReadNodule>
<noduleID>9756</noduleID>
<characteristics>
<subtlety>5</subtlety>
<internalStructure>1</internalStructure>
<calcification>6</calcification>
<sphericity>4</sphericity>
<margin>1</margin>
<lobulation>1</lobulation>
<spiculation>1</spiculation>
<texture>4</texture>
<malignancy>4</malignancy>
</characteristics>
<roi>
<imageZposition>-73.5</imageZposition>
<imageSOP_UID>1.3.6.1.4.1.14519.5.2.1.6279.6001.958971041551247998817684852443</imageSOP_UID>
<inclusion>TRUE</inclusion>
<edgeMap>
<xCoord>382</xCoord>
<yCoord>274</yCoord>
</edgeMap>
<edgeMap>
<xCoord>383</xCoord>
<yCoord>273</yCoord>
</edgeMap>
<edgeMap>
<xCoord>384</xCoord>
<yCoord>272</yCoord>
</edgeMap>
<edgeMap>
<xCoord>385</xCoord>
<yCoord>271</yCoord>
</edgeMap>
<edgeMap>
<xCoord>386</xCoord>
<yCoord>270</yCoord>
</edgeMap>
<edgeMap>
<xCoord>386</xCoord>
<yCoord>269</yCoord>
</edgeMap>
<edgeMap>
<xCoord>385</xCoord>
<yCoord>268</yCoord>
</edgeMap>
<edgeMap>
<xCoord>385</xCoord>
<yCoord>267</yCoord>
</edgeMap>
<edgeMap>
<xCoord>384</xCoord>
<yCoord>266</yCoord>
</edgeMap>
<edgeMap>
<xCoord>383</xCoord>
<yCoord>266</yCoord>
</edgeMap>
<edgeMap>
<xCoord>382</xCoord>
<yCoord>265</yCoord>
</edgeMap>
<edgeMap>
<xCoord>381</xCoord>
<yCoord>265</yCoord>
</edgeMap>
<edgeMap>
<xCoord>380</xCoord>
<yCoord>265</yCoord>
</edgeMap>
<edgeMap>
<xCoord>379</xCoord>
<yCoord>266</yCoord>
</edgeMap>
<edgeMap>
<xCoord>378</xCoord>
<yCoord>266</yCoord>
</edgeMap>
<edgeMap>
<xCoord>377</xCoord>
<yCoord>267</yCoord>
</edgeMap>
<edgeMap>
<xCoord>376</xCoord>
<yCoord>267</yCoord>
</edgeMap>
<edgeMap>
<xCoord>376</xCoord>
<yCoord>268</yCoord>
</edgeMap>
<edgeMap>
<xCoord>375</xCoord>
<yCoord>269</yCoord>
</edgeMap>
<edgeMap>
<xCoord>375</xCoord>
<yCoord>270</yCoord>
</edgeMap>
<edgeMap>
<xCoord>376</xCoord>
<yCoord>271</yCoord>
</edgeMap>
<edgeMap>
<xCoord>377</xCoord>
<yCoord>272</yCoord>
</edgeMap>
<edgeMap>
<xCoord>378</xCoord>
<yCoord>273</yCoord>
</edgeMap>
<edgeMap>
<xCoord>379</xCoord>
<yCoord>273</yCoord>
</edgeMap>
<edgeMap>
<xCoord>380</xCoord>
<yCoord>274</yCoord>
</edgeMap>
<edgeMap>
<xCoord>381</xCoord>
<yCoord>274</yCoord>
</edgeMap>
<edgeMap>
<xCoord>382</xCoord>
<yCoord>274</yCoord>
</edgeMap>
</roi>
<roi>
<imageZposition>-76.0</imageZposition>
<imageSOP_UID>1.3.6.1.4.1.14519.5.2.1.6279.6001.215173048221820585101368215459</imageSOP_UID>
<inclusion>TRUE</inclusion>
<edgeMap>
<xCoord>384</xCoord>
<yCoord>275</yCoord>
</edgeMap>
<edgeMap>
<xCoord>385</xCoord>
<yCoord>274</yCoord>
</edgeMap>
<edgeMap>
<xCoord>386</xCoord>
<yCoord>273</yCoord>
</edgeMap>
<edgeMap>
<xCoord>387</xCoord>
<yCoord>272</yCoord>
</edgeMap>
<edgeMap>
<xCoord>388</xCoord>
<yCoord>272</yCoord>
</edgeMap>
<edgeMap>
<xCoord>388</xCoord>
<yCoord>271</yCoord>
</edgeMap>
<edgeMap>
<xCoord>388</xCoord>
<yCoord>270</yCoord>
</edgeMap>
<edgeMap>
<xCoord>388</xCoord>
<yCoord>269</yCoord>
</edgeMap>
<edgeMap>
<xCoord>388</xCoord>
<yCoord>268</yCoord>
</edgeMap>
<edgeMap>
<xCoord>387</xCoord>
<yCoord>267</yCoord>
</edgeMap>
<edgeMap>
<xCoord>386</xCoord>
<yCoord>266</yCoord>
</edgeMap>
<edgeMap>
<xCoord>385</xCoord>
<yCoord>265</yCoord>
</edgeMap>
<edgeMap>
<xCoord>384</xCoord>
<yCoord>264</yCoord>
</edgeMap>
<edgeMap>
<xCoord>383</xCoord>
<yCoord>264</yCoord>
</edgeMap>
<edgeMap>
<xCoord>382</xCoord>
<yCoord>264</yCoord>
</edgeMap>
<edgeMap>
<xCoord>381</xCoord>
<yCoord>263</yCoord>
</edgeMap>
<edgeMap>
<xCoord>380</xCoord>
<yCoord>263</yCoord>
</edgeMap>
<edgeMap>
<xCoord>379</xCoord>
<yCoord>263</yCoord>
</edgeMap>
<edgeMap>
<xCoord>378</xCoord>
<yCoord>263</yCoord>
</edgeMap>
<edgeMap>
<xCoord>377</xCoord>
<yCoord>264</yCoord>
</edgeMap>
<edgeMap>
<xCoord>376</xCoord>
<yCoord>265</yCoord>
</edgeMap>
<edgeMap>
<xCoord>375</xCoord>
<yCoord>266</yCoord>
</edgeMap>
<edgeMap>
<xCoord>374</xCoord>
<yCoord>266</yCoord>
</edgeMap>
<edgeMap>
<xCoord>374</xCoord>
<yCoord>267</yCoord>
</edgeMap>
<edgeMap>
<xCoord>374</xCoord>
<yCoord>268</yCoord>
</edgeMap>
<edgeMap>
<xCoord>374</xCoord>
<yCoord>269</yCoord>
</edgeMap>
<edgeMap>
<xCoord>374</xCoord>
<yCoord>270</yCoord>
</edgeMap>
<edgeMap>
<xCoord>374</xCoord>
<yCoord>271</yCoord>
</edgeMap>
<edgeMap>
<xCoord>375</xCoord>
<yCoord>272</yCoord>
</edgeMap>
<edgeMap>
<xCoord>376</xCoord>
<yCoord>273</yCoord>
</edgeMap>
<edgeMap>
<xCoord>377</xCoord>
<yCoord>273</yCoord>
</edgeMap>
<edgeMap>
<xCoord>378</xCoord>
<yCoord>274</yCoord>
</edgeMap>
<edgeMap>
<xCoord>379</xCoord>
<yCoord>274</yCoord>
</edgeMap>
<edgeMap>
<xCoord>380</xCoord>
<yCoord>275</yCoord>
</edgeMap>
<edgeMap>
<xCoord>381</xCoord>
<yCoord>275</yCoord>
</edgeMap>
<edgeMap>
<xCoord>382</xCoord>
<yCoord>275</yCoord>
</edgeMap>
<edgeMap>
<xCoord>383</xCoord>
<yCoord>275</yCoord>
</edgeMap>
<edgeMap>
<xCoord>384</xCoord>
<yCoord>275</yCoord>
</edgeMap>
</roi>
<roi>
<imageZposition>-78.5</imageZposition>
<imageSOP_UID>1.3.6.1.4.1.14519.5.2.1.6279.6001.224776493590626403575386308799</imageSOP_UID>
<inclusion>TRUE</inclusion>
<edgeMap>
<xCoord>381</xCoord>
<yCoord>276</yCoord>
</edgeMap>
<edgeMap>
<xCoord>382</xCoord>
<yCoord>275</yCoord>
</edgeMap>
<edgeMap>
<xCoord>383</xCoord>
<yCoord>275</yCoord>
</edgeMap>
<edgeMap>
<xCoord>384</xCoord>
<yCoord>275</yCoord>
</edgeMap>
<edgeMap>
<xCoord>385</xCoord>
<yCoord>275</yCoord>
</edgeMap>
<edgeMap>
<xCoord>386</xCoord>
<yCoord>275</yCoord>
</edgeMap>
<edgeMap>
<xCoord>386</xCoord>
<yCoord>274</yCoord>
</edgeMap>
<edgeMap>
<xCoord>387</xCoord>
<yCoord>273</yCoord>
</edgeMap>
<edgeMap>
<xCoord>388</xCoord>
<yCoord>273</yCoord>
</edgeMap>
<edgeMap>
<xCoord>389</xCoord>
<yCoord>272</yCoord>
</edgeMap>
<edgeMap>
<xCoord>390</xCoord>
<yCoord>271</yCoord>
</edgeMap>
<edgeMap>
<xCoord>390</xCoord>
<yCoord>270</yCoord>
</edgeMap>
<edgeMap>
<xCoord>390</xCoord>
<yCoord>269</yCoord>
</edgeMap>
<edgeMap>
<xCoord>390</xCoord>
<yCoord>268</yCoord>
</edgeMap>
<edgeMap>
<xCoord>389</xCoord>
<yCoord>268</yCoord>
</edgeMap>
<edgeMap>
<xCoord>388</xCoord>
<yCoord>267</yCoord>
</edgeMap>
<edgeMap>
<xCoord>387</xCoord>
<yCoord>266</yCoord>
</edgeMap>
<edgeMap>
<xCoord>386</xCoord>
<yCoord>266</yCoord>
</edgeMap>
<edgeMap>
<xCoord>385</xCoord>
<yCoord>265</yCoord>
</edgeMap>
<edgeMap>
<xCoord>384</xCoord>
<yCoord>265</yCoord>
</edgeMap>
<edgeMap>
<xCoord>383</xCoord>
<yCoord>264</yCoord>
</edgeMap>
<edgeMap>
<xCoord>382</xCoord>
<yCoord>263</yCoord>
</edgeMap>
<edgeMap>
<xCoord>381</xCoord>
<yCoord>263</yCoord>
</edgeMap>
<edgeMap>
<xCoord>380</xCoord>
<yCoord>263</yCoord>
</edgeMap>
<edgeMap>
<xCoord>379</xCoord>
<yCoord>263</yCoord>
</edgeMap>
<edgeMap>
<xCoord>378</xCoord>
<yCoord>263</yCoord>
</edgeMap>
<edgeMap>
<xCoord>377</xCoord>
<yCoord>264</yCoord>
</edgeMap>
<edgeMap>
<xCoord>376</xCoord>
<yCoord>265</yCoord>
</edgeMap>
<edgeMap>
<xCoord>375</xCoord>
<yCoord>266</yCoord>
</edgeMap>
<edgeMap>
<xCoord>374</xCoord>
<yCoord>267</yCoord>
</edgeMap>
<edgeMap>
<xCoord>374</xCoord>
<yCoord>268</yCoord>
</edgeMap>
<edgeMap>
<xCoord>374</xCoord>
<yCoord>269</yCoord>
</edgeMap>
<edgeMap>
<xCoord>374</xCoord>
<yCoord>270</yCoord>
</edgeMap>
<edgeMap>
<xCoord>374</xCoord>
<yCoord>271</yCoord>
</edgeMap>
<edgeMap>
<xCoord>374</xCoord>
<yCoord>272</yCoord>
</edgeMap>
<edgeMap>
<xCoord>375</xCoord>
<yCoord>273</yCoord>
</edgeMap>
<edgeMap>
<xCoord>376</xCoord>
<yCoord>274</yCoord>
</edgeMap>
<edgeMap>
<xCoord>377</xCoord>
<yCoord>274</yCoord>
</edgeMap>
<edgeMap>
<xCoord>378</xCoord>
<yCoord>275</yCoord>
</edgeMap>
<edgeMap>
<xCoord>379</xCoord>
<yCoord>276</yCoord>
</edgeMap>
<edgeMap>
<xCoord>380</xCoord>
<yCoord>276</yCoord>
</edgeMap>
<edgeMap>
<xCoord>381</xCoord>
<yCoord>276</yCoord>
</edgeMap>
</roi>
<roi>
<imageZposition>-81.0</imageZposition>
<imageSOP_UID>1.3.6.1.4.1.14519.5.2.1.6279.6001.337047173995756976454090856244</imageSOP_UID>
<inclusion>TRUE</inclusion>
<edgeMap>
<xCoord>385</xCoord>
<yCoord>275</yCoord>
</edgeMap>
<edgeMap>
<xCoord>386</xCoord>
<yCoord>274</yCoord>
</edgeMap>
<edgeMap>
<xCoord>387</xCoord>
<yCoord>273</yCoord>
</edgeMap>
<edgeMap>
<xCoord>388</xCoord>
<yCoord>272</yCoord>
</edgeMap>
<edgeMap>
<xCoord>389</xCoord>
<yCoord>272</yCoord>
</edgeMap>
<edgeMap>
<xCoord>390</xCoord>
<yCoord>271</yCoord>
</edgeMap>
<edgeMap>
<xCoord>390</xCoord>
<yCoord>270</yCoord>
</edgeMap>
<edgeMap>
<xCoord>390</xCoord>
<yCoord>269</yCoord>
</edgeMap>
<edgeMap>
<xCoord>389</xCoord>
<yCoord>268</yCoord>
</edgeMap>
<edgeMap>
<xCoord>388</xCoord>
<yCoord>267</yCoord>
</edgeMap>
<edgeMap>
<xCoord>388</xCoord>
<yCoord>266</yCoord>
</edgeMap>
<edgeMap>
<xCoord>387</xCoord>
<yCoord>265</yCoord>
</edgeMap>
<edgeMap>
<xCoord>386</xCoord>
<yCoord>265</yCoord>
</edgeMap>
<edgeMap>
<xCoord>385</xCoord>
<yCoord>264</yCoord>
</edgeMap>
<edgeMap>
<xCoord>384</xCoord>
<yCoord>264</yCoord>
</edgeMap>
<edgeMap>
<xCoord>383</xCoord>
<yCoord>264</yCoord>
</edgeMap>
<edgeMap>
<xCoord>382</xCoord>
<yCoord>264</yCoord>
</edgeMap>
<edgeMap>
<xCoord>381</xCoord>
<yCoord>264</yCoord>
</edgeMap>
<edgeMap>
<xCoord>380</xCoord>
<yCoord>264</yCoord>
</edgeMap>
<edgeMap>
<xCoord>379</xCoord>
<yCoord>264</yCoord>
</edgeMap>
<edgeMap>
<xCoord>378</xCoord>
<yCoord>264</yCoord>
</edgeMap>
<edgeMap>
<xCoord>377</xCoord>
<yCoord>264</yCoord>
</edgeMap>
<edgeMap>
<xCoord>376</xCoord>
<yCoord>265</yCoord>
</edgeMap>
<edgeMap>
<xCoord>375</xCoord>
<yCoord>265</yCoord>
</edgeMap>
<edgeMap>
<xCoord>374</xCoord>
<yCoord>265</yCoord>
</edgeMap>
<edgeMap>
<xCoord>374</xCoord>
<yCoord>266</yCoord>
</edgeMap>
<edgeMap>
<xCoord>374</xCoord>
<yCoord>267</yCoord>
</edgeMap>
<edgeMap>
<xCoord>374</xCoord>
<yCoord>268</yCoord>
</edgeMap>
<edgeMap>
<xCoord>374</xCoord>
<yCoord>269</yCoord>
</edgeMap>
<edgeMap>
<xCoord>374</xCoord>
<yCoord>270</yCoord>
</edgeMap>
<edgeMap>
<xCoord>374</xCoord>
<yCoord>271</yCoord>
</edgeMap>
<edgeMap>
<xCoord>374</xCoord>
<yCoord>272</yCoord>
</edgeMap>
<edgeMap>
<xCoord>375</xCoord>
<yCoord>273</yCoord>
</edgeMap>
<edgeMap>
<xCoord>376</xCoord>
<yCoord>273</yCoord>
</edgeMap>
<edgeMap>
<xCoord>377</xCoord>
<yCoord>274</yCoord>
</edgeMap>
<edgeMap>
<xCoord>378</xCoord>
<yCoord>275</yCoord>
</edgeMap>
<edgeMap>
<xCoord>379</xCoord>
<yCoord>275</yCoord>
</edgeMap>
<edgeMap>
<xCoord>380</xCoord>
<yCoord>275</yCoord>
</edgeMap>
<edgeMap>
<xCoord>381</xCoord>
<yCoord>275</yCoord>
</edgeMap>
<edgeMap>
<xCoord>382</xCoord>
<yCoord>275</yCoord>
</edgeMap>
<edgeMap>
<xCoord>383</xCoord>
<yCoord>275</yCoord>
</edgeMap>
<edgeMap>
<xCoord>384</xCoord>
<yCoord>275</yCoord>
</edgeMap>
<edgeMap>
<xCoord>385</xCoord>
<yCoord>275</yCoord>
</edgeMap>
</roi>
<roi>
<imageZposition>-83.5</imageZposition>
<imageSOP_UID>1.3.6.1.4.1.14519.5.2.1.6279.6001.169143722405634103979784085254</imageSOP_UID>
<inclusion>TRUE</inclusion>
<edgeMap>
<xCoord>381</xCoord>
<yCoord>274</yCoord>
</edgeMap>
<edgeMap>
<xCoord>382</xCoord>
<yCoord>273</yCoord>
</edgeMap>
<edgeMap>
<xCoord>383</xCoord>
<yCoord>273</yCoord>
</edgeMap>
<edgeMap>
<xCoord>384</xCoord>
<yCoord>273</yCoord>
</edgeMap>
<edgeMap>
<xCoord>385</xCoord>
<yCoord>272</yCoord>
</edgeMap>
<edgeMap>
<xCoord>386</xCoord>
<yCoord>271</yCoord>
</edgeMap>
<edgeMap>
<xCoord>387</xCoord>
<yCoord>271</yCoord>
</edgeMap>
<edgeMap>
<xCoord>388</xCoord>
<yCoord>270</yCoord>
</edgeMap>
<edgeMap>
<xCoord>388</xCoord>
<yCoord>269</yCoord>
</edgeMap>
<edgeMap>
<xCoord>388</xCoord>
<yCoord>268</yCoord>
</edgeMap>
<edgeMap>
<xCoord>388</xCoord>
<yCoord>267</yCoord>
</edgeMap>
<edgeMap>
<xCoord>387</xCoord>
<yCoord>267</yCoord>
</edgeMap>
<edgeMap>
<xCoord>386</xCoord>
<yCoord>267</yCoord>
</edgeMap>
<edgeMap>
<xCoord>385</xCoord>
<yCoord>267</yCoord>
</edgeMap>
<edgeMap>
<xCoord>384</xCoord>
<yCoord>267</yCoord>
</edgeMap>
<edgeMap>
<xCoord>383</xCoord>
<yCoord>266</yCoord>
</edgeMap>
<edgeMap>
<xCoord>382</xCoord>
<yCoord>266</yCoord>
</edgeMap>
<edgeMap>
<xCoord>381</xCoord>
<yCoord>266</yCoord>
</edgeMap>
<edgeMap>
<xCoord>380</xCoord>
<yCoord>266</yCoord>
</edgeMap>
<edgeMap>
<xCoord>379</xCoord>
<yCoord>266</yCoord>
</edgeMap>
<edgeMap>
<xCoord>378</xCoord>
<yCoord>266</yCoord>
</edgeMap>
<edgeMap>
<xCoord>377</xCoord>
<yCoord>266</yCoord>
</edgeMap>
<edgeMap>
<xCoord>377</xCoord>
<yCoord>267</yCoord>
</edgeMap>
<edgeMap>
<xCoord>377</xCoord>
<yCoord>268</yCoord>
</edgeMap>
<edgeMap>
<xCoord>378</xCoord>
<yCoord>269</yCoord>
</edgeMap>
<edgeMap>
<xCoord>379</xCoord>
<yCoord>270</yCoord>
</edgeMap>
<edgeMap>
<xCoord>378</xCoord>
<yCoord>271</yCoord>
</edgeMap>
<edgeMap>
<xCoord>377</xCoord>
<yCoord>271</yCoord>
</edgeMap>
<edgeMap>
<xCoord>377</xCoord>
<yCoord>272</yCoord>
</edgeMap>
<edgeMap>
<xCoord>377</xCoord>
<yCoord>273</yCoord>
</edgeMap>
<edgeMap>
<xCoord>378</xCoord>
<yCoord>274</yCoord>
</edgeMap>
<edgeMap>
<xCoord>379</xCoord>
<yCoord>274</yCoord>
</edgeMap>
<edgeMap>
<xCoord>380</xCoord>
<yCoord>274</yCoord>
</edgeMap>
<edgeMap>
<xCoord>381</xCoord>
<yCoord>274</yCoord>
</edgeMap>
</roi>
</unblindedReadNodule>
<unblindedReadNodule>
<noduleID>9763</noduleID>
<roi>
<imageZposition>-113.5</imageZposition>
<imageSOP_UID>1.3.6.1.4.1.14519.5.2.1.6279.6001.708326485270638795079398485366</imageSOP_UID>
<inclusion>TRUE</inclusion>
<edgeMap>
<xCoord>321</xCoord>
<yCoord>184</yCoord>
</edgeMap>
</roi>
</unblindedReadNodule>
<unblindedReadNodule>
<noduleID>9764</noduleID>
<roi>
<imageZposition>-143.5</imageZposition>
<imageSOP_UID>1.3.6.1.4.1.14519.5.2.1.6279.6001.269213126611943825150245070267</imageSOP_UID>
<inclusion>TRUE</inclusion>
<edgeMap>
<xCoord>422</xCoord>
<yCoord>240</yCoord>
</edgeMap>
</roi>
</unblindedReadNodule>
<unblindedReadNodule>
<noduleID>9758</noduleID>
<roi>
<imageZposition>-173.5</imageZposition>
<imageSOP_UID>1.3.6.1.4.1.14519.5.2.1.6279.6001.133724801132508306442965747392</imageSOP_UID>
<inclusion>TRUE</inclusion>
<edgeMap>
<xCoord>138</xCoord>
<yCoord>353</yCoord>
</edgeMap>
</roi>
</unblindedReadNodule>
<nonNodule>
<nonNoduleID>9765</nonNoduleID>
<imageZposition>-166.0</imageZposition>
<imageSOP_UID>1.3.6.1.4.1.14519.5.2.1.6279.6001.244140438244495275212623146827</imageSOP_UID>
<locus>
<xCoord>161</xCoord>
<yCoord>176</yCoord>
</locus>
</nonNodule>
<nonNodule>
<nonNoduleID>9767</nonNoduleID>
<imageZposition>-106.0</imageZposition>
<imageSOP_UID>1.3.6.1.4.1.14519.5.2.1.6279.6001.836979960592923461437862360839</imageSOP_UID>
<locus>
<xCoord>209</xCoord>
<yCoord>367</yCoord>
</locus>
</nonNodule>
<nonNodule>
<nonNoduleID>9768</nonNoduleID>
<imageZposition>-206.0</imageZposition>
<imageSOP_UID>1.3.6.1.4.1.14519.5.2.1.6279.6001.163850154815144767875249387398</imageSOP_UID>
<locus>
<xCoord>151</xCoord>
<yCoord>397</yCoord>
</locus>
</nonNodule>
<nonNodule>
<nonNoduleID>9769</nonNoduleID>
<imageZposition>-221.0</imageZposition>
<imageSOP_UID>1.3.6.1.4.1.14519.5.2.1.6279.6001.209346070791767735134010445963</imageSOP_UID>
<locus>
<xCoord>378</xCoord>
<yCoord>384</yCoord>
</locus>
</nonNodule>
<nonNodule>
<nonNoduleID>9759</nonNoduleID>
<imageZposition>-221.0</imageZposition>
<imageSOP_UID>1.3.6.1.4.1.14519.5.2.1.6279.6001.209346070791767735134010445963</imageSOP_UID>
<locus>
<xCoord>376</xCoord>
<yCoord>386</yCoord>
</locus>
</nonNodule>
<nonNodule>
<nonNoduleID>9760</nonNoduleID>
<imageZposition>-221.0</imageZposition>
<imageSOP_UID>1.3.6.1.4.1.14519.5.2.1.6279.6001.209346070791767735134010445963</imageSOP_UID>
<locus>
<xCoord>128</xCoord>
<yCoord>390</yCoord>
</locus>
</nonNodule>
<nonNodule>
<nonNoduleID>9761</nonNoduleID>
<imageZposition>-233.5</imageZposition>
<imageSOP_UID>1.3.6.1.4.1.14519.5.2.1.6279.6001.279600748376334842223877157995</imageSOP_UID>
<locus>
<xCoord>407</xCoord>
<yCoord>148</yCoord>
</locus>
</nonNodule>
<nonNodule>
<nonNoduleID>9771</nonNoduleID>
<imageZposition>-216.0</imageZposition>
<imageSOP_UID>1.3.6.1.4.1.14519.5.2.1.6279.6001.184929006589103611103223946474</imageSOP_UID>
<locus>
<xCoord>373</xCoord>
<yCoord>390</yCoord>
</locus>
</nonNodule>
<nonNodule>
<nonNoduleID>9772</nonNoduleID>
<imageZposition>-208.5</imageZposition>
<imageSOP_UID>1.3.6.1.4.1.14519.5.2.1.6279.6001.918793188280782133499555666298</imageSOP_UID>
<locus>
<xCoord>146</xCoord>
<yCoord>393</yCoord>
</locus>
</nonNodule>
</readingSession>
  <readingSession>
    <annotationVersion>3.12</annotationVersion>
<servicingRadiologistID>anon</servicingRadiologistID>
    <unblindedReadNodule>
      <noduleID>Nodule 002</noduleID>
      <characteristics>
        <subtlety>5</subtlety>
        <internalStructure>1</internalStructure>
        <calcification>6</calcification>
        <sphericity>3</sphericity>
        <margin>4</margin>
        <lobulation>2</lobulation>
        <spiculation>1</spiculation>
        <texture>5</texture>
        <malignancy>4</malignancy>
      </characteristics>
      <roi>
        <imageZposition>-83.500000</imageZposition>
        <imageSOP_UID>1.3.6.1.4.1.14519.5.2.1.6279.6001.169143722405634103979784085254</imageSOP_UID>
        <inclusion>TRUE</inclusion>
        <edgeMap>
          <xCoord>378</xCoord>
          <yCoord>265</yCoord>
        </edgeMap>
        <edgeMap>
          <xCoord>377</xCoord>
          <yCoord>266</yCoord>
        </edgeMap>
        <edgeMap>
          <xCoord>376</xCoord>
          <yCoord>267</yCoord>
        </edgeMap>
        <edgeMap>
          <xCoord>376</xCoord>
          <yCoord>268</yCoord>
        </edgeMap>
        <edgeMap>
          <xCoord>376</xCoord>
          <yCoord>269</yCoord>
        </edgeMap>
        <edgeMap>
          <xCoord>376</xCoord>
          <yCoord>270</yCoord>
        </edgeMap>
        <edgeMap>
          <xCoord>376</xCoord>
          <yCoord>271</yCoord>
        </edgeMap>
        <edgeMap>
          <xCoord>376</xCoord>
          <yCoord>272</yCoord>
        </edgeMap>
        <edgeMap>
          <xCoord>377</xCoord>
          <yCoord>273</yCoord>
        </edgeMap>
        <edgeMap>
          <xCoord>378</xCoord>
          <yCoord>273</yCoord>
        </edgeMap>
        <edgeMap>
          <xCoord>379</xCoord>
          <yCoord>273</yCoord>
        </edgeMap>
        <edgeMap>
          <xCoord>380</xCoord>
          <yCoord>273</yCoord>
        </edgeMap>
        <edgeMap>
          <xCoord>381</xCoord>
          <yCoord>273</yCoord>
        </edgeMap>
        <edgeMap>
          <xCoord>382</xCoord>
          <yCoord>273</yCoord>
        </edgeMap>
        <edgeMap>
          <xCoord>383</xCoord>
          <yCoord>273</yCoord>
        </edgeMap>
        <edgeMap>
          <xCoord>384</xCoord>
          <yCoord>273</yCoord>
        </edgeMap>
        <edgeMap>
          <xCoord>385</xCoord>
          <yCoord>272</yCoord>
        </edgeMap>
        <edgeMap>
          <xCoord>386</xCoord>
          <yCoord>271</yCoord>
        </edgeMap>
        <edgeMap>
          <xCoord>387</xCoord>
          <yCoord>270</yCoord>
        </edgeMap>
        <edgeMap>
          <xCoord>388</xCoord>
          <yCoord>269</yCoord>
        </edgeMap>
        <edgeMap>
          <xCoord>387</xCoord>
          <yCoord>268</yCoord>
        </edgeMap>
        <edgeMap>
          <xCoord>387</xCoord>
          <yCoord>267</yCoord>
        </edgeMap>
        <edgeMap>
          <xCoord>386</xCoord>
          <yCoord>266</yCoord>
        </edgeMap>
        <edgeMap>
          <xCoord>385</xCoord>
          <yCoord>265</yCoord>
        </edgeMap>
        <edgeMap>
          <xCoord>384</xCoord>
          <yCoord>265</yCoord>
        </edgeMap>
        <edgeMap>
          <xCoord>383</xCoord>
          <yCoord>265</yCoord>
        </edgeMap>
        <edgeMap>
          <xCoord>382</xCoord>
          <yCoord>265</yCoord>
        </edgeMap>
        <edgeMap>
          <xCoord>381</xCoord>
          <yCoord>265</yCoord>
        </edgeMap>
        <edgeMap>
          <xCoord>380</xCoord>
          <yCoord>265</yCoord>
        </edgeMap>
        <edgeMap>
          <xCoord>379</xCoord>
          <yCoord>265</yCoord>
        </edgeMap>
        <edgeMap>
          <xCoord>378</xCoord>
          <yCoord>265</yCoord>
        </edgeMap>
      </roi>
      <roi>
        <imageZposition>-81.000000</imageZposition>
        <imageSOP_UID>1.3.6.1.4.1.14519.5.2.1.6279.6001.337047173995756976454090856244</imageSOP_UID>
        <inclusion>TRUE</inclusion>
        <edgeMap>
          <xCoord>375</xCoord>
          <yCoord>264</yCoord>
        </edgeMap>
        <edgeMap>
          <xCoord>374</xCoord>
          <yCoord>265</yCoord>
        </edgeMap>
        <edgeMap>
          <xCoord>373</xCoord>
          <yCoord>266</yCoord>
        </edgeMap>
        <edgeMap>
          <xCoord>372</xCoord>
          <yCoord>267</yCoord>
        </edgeMap>
        <edgeMap>
          <xCoord>372</xCoord>
          <yCoord>268</yCoord>
        </edgeMap>
        <edgeMap>
          <xCoord>372</xCoord>
          <yCoord>269</yCoord>
        </edgeMap>
        <edgeMap>
          <xCoord>372</xCoord>
          <yCoord>270</yCoord>
        </edgeMap>
        <edgeMap>
          <xCoord>373</xCoord>
          <yCoord>271</yCoord>
        </edgeMap>
        <edgeMap>
          <xCoord>373</xCoord>
          <yCoord>272</yCoord>
        </edgeMap>
        <edgeMap>
          <xCoord>374</xCoord>
          <yCoord>273</yCoord>
        </edgeMap>
        <edgeMap>
          <xCoord>375</xCoord>
          <yCoord>274</yCoord>
        </edgeMap>
        <edgeMap>
          <xCoord>376</xCoord>
          <yCoord>275</yCoord>
        </edgeMap>
        <edgeMap>
          <xCoord>377</xCoord>
          <yCoord>275</yCoord>
        </edgeMap>
        <edgeMap>
          <xCoord>378</xCoord>
          <yCoord>275</yCoord>
        </edgeMap>
        <edgeMap>
          <xCoord>379</xCoord>
          <yCoord>275</yCoord>
        </edgeMap>
        <edgeMap>
          <xCoord>380</xCoord>
          <yCoord>275</yCoord>
        </edgeMap>
        <edgeMap>
          <xCoord>381</xCoord>
          <yCoord>275</yCoord>
        </edgeMap>
        <edgeMap>
          <xCoord>382</xCoord>
          <yCoord>275</yCoord>
        </edgeMap>
        <edgeMap>
          <xCoord>383</xCoord>
          <yCoord>275</yCoord>
        </edgeMap>
        <edgeMap>
          <xCoord>384</xCoord>
          <yCoord>274</yCoord>
        </edgeMap>
        <edgeMap>
          <xCoord>385</xCoord>
          <yCoord>273</yCoord>
        </edgeMap>
        <edgeMap>
          <xCoord>386</xCoord>
          <yCoord>273</yCoord>
        </edgeMap>
        <edgeMap>
          <xCoord>387</xCoord>
          <yCoord>273</yCoord>
        </edgeMap>
        <edgeMap>
          <xCoord>388</xCoord>
          <yCoord>273</yCoord>
        </edgeMap>
        <edgeMap>
          <xCoord>389</xCoord>
          <yCoord>272</yCoord>
        </edgeMap>
        <edgeMap>
          <xCoord>389</xCoord>
          <yCoord>271</yCoord>
        </edgeMap>
        <edgeMap>
          <xCoord>388</xCoord>
          <yCoord>270</yCoord>
        </edgeMap>
        <edgeMap>
          <xCoord>388</xCoord>
          <yCoord>269</yCoord>
        </edgeMap>
        <edgeMap>
          <xCoord>387</xCoord>
          <yCoord>268</yCoord>
        </edgeMap>
        <edgeMap>
          <xCoord>387</xCoord>
          <yCoord>267</yCoord>
        </edgeMap>
        <edgeMap>
          <xCoord>387</xCoord>
          <yCoord>266</yCoord>
        </edgeMap>
        <edgeMap>
          <xCoord>386</xCoord>
          <yCoord>265</yCoord>
        </edgeMap>
        <edgeMap>
          <xCoord>385</xCoord>
          <yCoord>264</yCoord>
        </edgeMap>
        <edgeMap>
          <xCoord>384</xCoord>
          <yCoord>264</yCoord>
        </edgeMap>
        <edgeMap>
          <xCoord>383</xCoord>
          <yCoord>264</yCoord>
        </edgeMap>
        <edgeMap>
          <xCoord>382</xCoord>
          <yCoord>264</yCoord>
        </edgeMap>
        <edgeMap>
          <xCoord>381</xCoord>
          <yCoord>264</yCoord>
        </edgeMap>
        <edgeMap>
          <xCoord>380</xCoord>
          <yCoord>264</yCoord>
        </edgeMap>
        <edgeMap>
          <xCoord>379</xCoord>
          <yCoord>264</yCoord>
        </edgeMap>
        <edgeMap>
          <xCoord>378</xCoord>
          <yCoord>264</yCoord>
        </edgeMap>
        <edgeMap>
          <xCoord>377</xCoord>
          <yCoord>264</yCoord>
        </edgeMap>
        <edgeMap>
          <xCoord>376</xCoord>
          <yCoord>264</yCoord>
        </edgeMap>
        <edgeMap>
          <xCoord>375</xCoord>
          <yCoord>264</yCoord>
        </edgeMap>
      </roi>
      <roi>
        <imageZposition>-78.500000</imageZposition>
        <imageSOP_UID>1.3.6.1.4.1.14519.5.2.1.6279.6001.224776493590626403575386308799</imageSOP_UID>
        <inclusion>TRUE</inclusion>
        <edgeMap>
          <xCoord>375</xCoord>
          <yCoord>263</yCoord>
        </edgeMap>
        <edgeMap>
          <xCoord>374</xCoord>
          <yCoord>264</yCoord>
        </edgeMap>
        <edgeMap>
          <xCoord>373</xCoord>
          <yCoord>265</yCoord>
        </edgeMap>
        <edgeMap>
          <xCoord>373</xCoord>
          <yCoord>266</yCoord>
        </edgeMap>
        <edgeMap>
          <xCoord>373</xCoord>
          <yCoord>267</yCoord>
        </edgeMap>
        <edgeMap>
          <xCoord>373</xCoord>
          <yCoord>268</yCoord>
        </edgeMap>
        <edgeMap>
          <xCoord>373</xCoord>
          <yCoord>269</yCoord>
        </edgeMap>
        <edgeMap>
          <xCoord>373</xCoord>
          <yCoord>270</yCoord>
        </edgeMap>
        <edgeMap>
          <xCoord>373</xCoord>
          <yCoord>271</yCoord>
        </edgeMap>
        <edgeMap>
          <xCoord>374</xCoord>
          <yCoord>272</yCoord>
        </edgeMap>
        <edgeMap>
          <xCoord>375</xCoord>
          <yCoord>273</yCoord>
        </edgeMap>
        <edgeMap>
          <xCoord>376</xCoord>
          <yCoord>274</yCoord>
        </edgeMap>
        <edgeMap>
          <xCoord>377</xCoord>
          <yCoord>274</yCoord>
        </edgeMap>
        <edgeMap>
          <xCoord>378</xCoord>
          <yCoord>275</yCoord>
        </edgeMap>
        <edgeMap>
          <xCoord>379</xCoord>
          <yCoord>275</yCoord>
        </edgeMap>
        <edgeMap>
          <xCoord>380</xCoord>
          <yCoord>275</yCoord>
        </edgeMap>
        <edgeMap>
          <xCoord>381</xCoord>
          <yCoord>275</yCoord>
        </edgeMap>
        <edgeMap>
          <xCoord>382</xCoord>
          <yCoord>275</yCoord>
        </edgeMap>
        <edgeMap>
          <xCoord>383</xCoord>
          <yCoord>274</yCoord>
        </edgeMap>
        <edgeMap>
          <xCoord>384</xCoord>
          <yCoord>273</yCoord>
        </edgeMap>
        <edgeMap>
          <xCoord>385</xCoord>
          <yCoord>273</yCoord>
        </edgeMap>
        <edgeMap>
          <xCoord>386</xCoord>
          <yCoord>273</yCoord>
        </edgeMap>
        <edgeMap>
          <xCoord>387</xCoord>
          <yCoord>273</yCoord>
        </edgeMap>
        <edgeMap>
          <xCoord>388</xCoord>
          <yCoord>272</yCoord>
        </edgeMap>
        <edgeMap>
          <xCoord>389</xCoord>
          <yCoord>271</yCoord>
        </edgeMap>
        <edgeMap>
          <xCoord>389</xCoord>
          <yCoord>270</yCoord>
        </edgeMap>
        <edgeMap>
          <xCoord>390</xCoord>
          <yCoord>269</yCoord>
        </edgeMap>
        <edgeMap>
          <xCoord>390</xCoord>
          <yCoord>268</yCoord>
        </edgeMap>
        <edgeMap>
          <xCoord>389</xCoord>
          <yCoord>267</yCoord>
        </edgeMap>
        <edgeMap>
          <xCoord>388</xCoord>
          <yCoord>267</yCoord>
        </edgeMap>
        <edgeMap>
          <xCoord>387</xCoord>
          <yCoord>267</yCoord>
        </edgeMap>
        <edgeMap>
          <xCoord>386</xCoord>
          <yCoord>267</yCoord>
        </edgeMap>
        <edgeMap>
          <xCoord>385</xCoord>
          <yCoord>266</yCoord>
        </edgeMap>
        <edgeMap>
          <xCoord>384</xCoord>
          <yCoord>265</yCoord>
        </edgeMap>
        <edgeMap>
          <xCoord>384</xCoord>
          <yCoord>264</yCoord>
        </edgeMap>
        <edgeMap>
          <xCoord>383</xCoord>
          <yCoord>263</yCoord>
        </edgeMap>
        <edgeMap>
          <xCoord>382</xCoord>
          <yCoord>263</yCoord>
        </edgeMap>
        <edgeMap>
          <xCoord>381</xCoord>
          <yCoord>263</yCoord>
        </edgeMap>
        <edgeMap>
          <xCoord>380</xCoord>
          <yCoord>263</yCoord>
        </edgeMap>
        <edgeMap>
          <xCoord>379</xCoord>
          <yCoord>263</yCoord>
        </edgeMap>
        <edgeMap>
          <xCoord>378</xCoord>
          <yCoord>263</yCoord>
        </edgeMap>
        <edgeMap>
          <xCoord>377</xCoord>
          <yCoord>263</yCoord>
        </edgeMap>
        <edgeMap>
          <xCoord>376</xCoord>
          <yCoord>263</yCoord>
        </edgeMap>
        <edgeMap>
          <xCoord>375</xCoord>
          <yCoord>263</yCoord>
        </edgeMap>
      </roi>
      <roi>
        <imageZposition>-76.000000</imageZposition>
        <imageSOP_UID>1.3.6.1.4.1.14519.5.2.1.6279.6001.215173048221820585101368215459</imageSOP_UID>
        <inclusion>TRUE</inclusion>
        <edgeMap>
          <xCoord>375</xCoord>
          <yCoord>264</yCoord>
        </edgeMap>
        <edgeMap>
          <xCoord>374</xCoord>
          <yCoord>265</yCoord>
        </edgeMap>
        <edgeMap>
          <xCoord>373</xCoord>
          <yCoord>266</yCoord>
        </edgeMap>
        <edgeMap>
          <xCoord>373</xCoord>
          <yCoord>267</yCoord>
        </edgeMap>
        <edgeMap>
          <xCoord>373</xCoord>
          <yCoord>268</yCoord>
        </edgeMap>
        <edgeMap>
          <xCoord>373</xCoord>
          <yCoord>269</yCoord>
        </edgeMap>
        <edgeMap>
          <xCoord>373</xCoord>
          <yCoord>270</yCoord>
        </edgeMap>
        <edgeMap>
          <xCoord>374</xCoord>
          <yCoord>271</yCoord>
        </edgeMap>
        <edgeMap>
          <xCoord>374</xCoord>
          <yCoord>272</yCoord>
        </edgeMap>
        <edgeMap>
          <xCoord>375</xCoord>
          <yCoord>273</yCoord>
        </edgeMap>
        <edgeMap>
          <xCoord>376</xCoord>
          <yCoord>274</yCoord>
        </edgeMap>
        <edgeMap>
          <xCoord>377</xCoord>
          <yCoord>274</yCoord>
        </edgeMap>
        <edgeMap>
          <xCoord>378</xCoord>
          <yCoord>274</yCoord>
        </edgeMap>
        <edgeMap>
          <xCoord>379</xCoord>
          <yCoord>274</yCoord>
        </edgeMap>
        <edgeMap>
          <xCoord>380</xCoord>
          <yCoord>274</yCoord>
        </edgeMap>
        <edgeMap>
          <xCoord>381</xCoord>
          <yCoord>274</yCoord>
        </edgeMap>
        <edgeMap>
          <xCoord>382</xCoord>
          <yCoord>274</yCoord>
        </edgeMap>
        <edgeMap>
          <xCoord>383</xCoord>
          <yCoord>274</yCoord>
        </edgeMap>
        <edgeMap>
          <xCoord>384</xCoord>
          <yCoord>274</yCoord>
        </edgeMap>
        <edgeMap>
          <xCoord>385</xCoord>
          <yCoord>274</yCoord>
        </edgeMap>
        <edgeMap>
          <xCoord>386</xCoord>
          <yCoord>273</yCoord>
        </edgeMap>
        <edgeMap>
          <xCoord>387</xCoord>
          <yCoord>272</yCoord>
        </edgeMap>
        <edgeMap>
          <xCoord>387</xCoord>
          <yCoord>271</yCoord>
        </edgeMap>
        <edgeMap>
          <xCoord>388</xCoord>
          <yCoord>270</yCoord>
        </edgeMap>
        <edgeMap>
          <xCoord>388</xCoord>
          <yCoord>269</yCoord>
        </edgeMap>
        <edgeMap>
          <xCoord>387</xCoord>
          <yCoord>268</yCoord>
        </edgeMap>
        <edgeMap>
          <xCoord>386</xCoord>
          <yCoord>267</yCoord>
        </edgeMap>
        <edgeMap>
          <xCoord>385</xCoord>
          <yCoord>267</yCoord>
        </edgeMap>
        <edgeMap>
          <xCoord>384</xCoord>
          <yCoord>266</yCoord>
        </edgeMap>
        <edgeMap>
          <xCoord>384</xCoord>
          <yCoord>265</yCoord>
        </edgeMap>
        <edgeMap>
          <xCoord>383</xCoord>
          <yCoord>264</yCoord>
        </edgeMap>
        <edgeMap>
          <xCoord>382</xCoord>
          <yCoord>264</yCoord>
        </edgeMap>
        <edgeMap>
          <xCoord>381</xCoord>
          <yCoord>264</yCoord>
        </edgeMap>
        <edgeMap>
          <xCoord>380</xCoord>
          <yCoord>264</yCoord>
        </edgeMap>
        <edgeMap>
          <xCoord>379</xCoord>
          <yCoord>264</yCoord>
        </edgeMap>
        <edgeMap>
          <xCoord>378</xCoord>
          <yCoord>264</yCoord>
        </edgeMap>
        <edgeMap>
          <xCoord>377</xCoord>
          <yCoord>264</yCoord>
        </edgeMap>
        <edgeMap>
          <xCoord>376</xCoord>
          <yCoord>264</yCoord>
        </edgeMap>
        <edgeMap>
          <xCoord>375</xCoord>
          <yCoord>264</yCoord>
        </edgeMap>
      </roi>
      <roi>
        <imageZposition>-73.500000</imageZposition>
        <imageSOP_UID>1.3.6.1.4.1.14519.5.2.1.6279.6001.958971041551247998817684852443</imageSOP_UID>
        <inclusion>TRUE</inclusion>
        <edgeMap>
          <xCoord>380</xCoord>
          <yCoord>265</yCoord>
        </edgeMap>
        <edgeMap>
          <xCoord>379</xCoord>
          <yCoord>266</yCoord>
        </edgeMap>
        <edgeMap>
          <xCoord>378</xCoord>
          <yCoord>267</yCoord>
        </edgeMap>
        <edgeMap>
          <xCoord>377</xCoord>
          <yCoord>268</yCoord>
        </edgeMap>
        <edgeMap>
          <xCoord>377</xCoord>
          <yCoord>269</yCoord>
        </edgeMap>
        <edgeMap>
          <xCoord>377</xCoord>
          <yCoord>270</yCoord>
        </edgeMap>
        <edgeMap>
          <xCoord>377</xCoord>
          <yCoord>271</yCoord>
        </edgeMap>
        <edgeMap>
          <xCoord>378</xCoord>
          <yCoord>272</yCoord>
        </edgeMap>
        <edgeMap>
          <xCoord>378</xCoord>
          <yCoord>273</yCoord>
        </edgeMap>
        <edgeMap>
          <xCoord>379</xCoord>
          <yCoord>274</yCoord>
        </edgeMap>
        <edgeMap>
          <xCoord>380</xCoord>
          <yCoord>274</yCoord>
        </edgeMap>
        <edgeMap>
          <xCoord>381</xCoord>
          <yCoord>274</yCoord>
        </edgeMap>
        <edgeMap>
          <xCoord>382</xCoord>
          <yCoord>274</yCoord>
        </edgeMap>
        <edgeMap>
          <xCoord>383</xCoord>
          <yCoord>273</yCoord>
        </edgeMap>
        <edgeMap>
          <xCoord>384</xCoord>
          <yCoord>272</yCoord>
        </edgeMap>
        <edgeMap>
          <xCoord>385</xCoord>
          <yCoord>271</yCoord>
        </edgeMap>
        <edgeMap>
          <xCoord>385</xCoord>
          <yCoord>270</yCoord>
        </edgeMap>
        <edgeMap>
          <xCoord>385</xCoord>
          <yCoord>269</yCoord>
        </edgeMap>
        <edgeMap>
          <xCoord>386</xCoord>
          <yCoord>268</yCoord>
        </edgeMap>
        <edgeMap>
          <xCoord>386</xCoord>
          <yCoord>267</yCoord>
        </edgeMap>
        <edgeMap>
          <xCoord>386</xCoord>
          <yCoord>266</yCoord>
        </edgeMap>
        <edgeMap>
          <xCoord>385</xCoord>
          <yCoord>265</yCoord>
        </edgeMap>
        <edgeMap>
          <xCoord>384</xCoord>
          <yCoord>265</yCoord>
        </edgeMap>
        <edgeMap>
          <xCoord>383</xCoord>
          <yCoord>265</yCoord>
        </edgeMap>
        <edgeMap>
          <xCoord>382</xCoord>
          <yCoord>265</yCoord>
        </edgeMap>
        <edgeMap>
          <xCoord>381</xCoord>
          <yCoord>265</yCoord>
        </edgeMap>
        <edgeMap>
          <xCoord>380</xCoord>
          <yCoord>265</yCoord>
        </edgeMap>
      </roi>
    </unblindedReadNodule>
    <unblindedReadNodule>
      <noduleID>Nodule 001</noduleID>
      <roi>
        <imageZposition>-173.500000 </imageZposition>
        <imageSOP_UID>1.3.6.1.4.1.14519.5.2.1.6279.6001.133724801132508306442965747392</imageSOP_UID>
        <inclusion>TRUE</inclusion>
        <edgeMap>
          <xCoord>138</xCoord>
          <yCoord>353</yCoord>
        </edgeMap>
      </roi>
    </unblindedReadNodule>
    <unblindedReadNodule>
      <noduleID>Nodule 003</noduleID>
      <roi>
        <imageZposition>-143.500000 </imageZposition>
        <imageSOP_UID>1.3.6.1.4.1.14519.5.2.1.6279.6001.269213126611943825150245070267</imageSOP_UID>
        <inclusion>TRUE</inclusion>
        <edgeMap>
          <xCoord>421</xCoord>
          <yCoord>240</yCoord>
        </edgeMap>
      </roi>
    </unblindedReadNodule>
    <unblindedReadNodule>
      <noduleID>Nodule 004</noduleID>
      <roi>
        <imageZposition>-113.500000 </imageZposition>
        <imageSOP_UID>1.3.6.1.4.1.14519.5.2.1.6279.6001.708326485270638795079398485366</imageSOP_UID>
        <inclusion>TRUE</inclusion>
        <edgeMap>
          <xCoord>321</xCoord>
          <yCoord>184</yCoord>
        </edgeMap>
      </roi>
    </unblindedReadNodule>
    <unblindedReadNodule>
      <noduleID>Nodule 005</noduleID>
      <roi>
        <imageZposition>-166.000000 </imageZposition>
        <imageSOP_UID>1.3.6.1.4.1.14519.5.2.1.6279.6001.244140438244495275212623146827</imageSOP_UID>
        <inclusion>TRUE</inclusion>
        <edgeMap>
          <xCoord>161</xCoord>
          <yCoord>176</yCoord>
        </edgeMap>
      </roi>
    </unblindedReadNodule>
    <nonNodule>
      <nonNoduleID>_Non-nodule 001</nonNoduleID>
      <imageZposition>-221.000000 </imageZposition>
      <imageSOP_UID>1.3.6.1.4.1.14519.5.2.1.6279.6001.209346070791767735134010445963</imageSOP_UID>
      <locus>
        <xCoord>376</xCoord>
        <yCoord>386</yCoord>
      </locus>
    </nonNodule>
    <nonNodule>
      <nonNoduleID>_Non-nodule 002</nonNoduleID>
      <imageZposition>-221.000000 </imageZposition>
      <imageSOP_UID>1.3.6.1.4.1.14519.5.2.1.6279.6001.209346070791767735134010445963</imageSOP_UID>
      <locus>
        <xCoord>128</xCoord>
        <yCoord>390</yCoord>
      </locus>
    </nonNodule>
    <nonNodule>
      <nonNoduleID>_Non-nodule 003</nonNoduleID>
      <imageZposition>-233.500000 </imageZposition>
      <imageSOP_UID>1.3.6.1.4.1.14519.5.2.1.6279.6001.279600748376334842223877157995</imageSOP_UID>
      <locus>
        <xCoord>407</xCoord>
        <yCoord>148</yCoord>
      </locus>
    </nonNodule>
    <nonNodule>
      <nonNoduleID>_Non-nodule 004</nonNoduleID>
      <imageZposition>-106.000000 </imageZposition>
      <imageSOP_UID>1.3.6.1.4.1.14519.5.2.1.6279.6001.836979960592923461437862360839</imageSOP_UID>
      <locus>
        <xCoord>208</xCoord>
        <yCoord>368</yCoord>
      </locus>
    </nonNodule>
  </readingSession>
<readingSession>
<annotationVersion>3.12</annotationVersion>
<servicingRadiologistID>anon</servicingRadiologistID>
<unblindedReadNodule>
<noduleID>61763</noduleID>
<characteristics>
<subtlety>5</subtlety>
<internalStructure>1</internalStructure>
<calcification>6</calcification>
<sphericity>3</sphericity>
<margin>4</margin>
<lobulation>2</lobulation>
<spiculation>3</spiculation>
<texture>5</texture>
<malignancy>3</malignancy>
</characteristics>
<roi>
<imageZposition>-73.5</imageZposition>
<imageSOP_UID>1.3.6.1.4.1.14519.5.2.1.6279.6001.958971041551247998817684852443</imageSOP_UID>
<inclusion>TRUE</inclusion>
<edgeMap>
<xCoord>381</xCoord>
<yCoord>273</yCoord>
</edgeMap>
<edgeMap>
<xCoord>382</xCoord>
<yCoord>272</yCoord>
</edgeMap>
<edgeMap>
<xCoord>383</xCoord>
<yCoord>272</yCoord>
</edgeMap>
<edgeMap>
<xCoord>384</xCoord>
<yCoord>271</yCoord>
</edgeMap>
<edgeMap>
<xCoord>385</xCoord>
<yCoord>270</yCoord>
</edgeMap>
<edgeMap>
<xCoord>386</xCoord>
<yCoord>269</yCoord>
</edgeMap>
<edgeMap>
<xCoord>386</xCoord>
<yCoord>268</yCoord>
</edgeMap>
<edgeMap>
<xCoord>386</xCoord>
<yCoord>267</yCoord>
</edgeMap>
<edgeMap>
<xCoord>385</xCoord>
<yCoord>266</yCoord>
</edgeMap>
<edgeMap>
<xCoord>384</xCoord>
<yCoord>265</yCoord>
</edgeMap>
<edgeMap>
<xCoord>383</xCoord>
<yCoord>264</yCoord>
</edgeMap>
<edgeMap>
<xCoord>382</xCoord>
<yCoord>264</yCoord>
</edgeMap>
<edgeMap>
<xCoord>381</xCoord>
<yCoord>264</yCoord>
</edgeMap>
<edgeMap>
<xCoord>380</xCoord>
<yCoord>263</yCoord>
</edgeMap>
<edgeMap>
<xCoord>379</xCoord>
<yCoord>263</yCoord>
</edgeMap>
<edgeMap>
<xCoord>378</xCoord>
<yCoord>263</yCoord>
</edgeMap>
<edgeMap>
<xCoord>377</xCoord>
<yCoord>264</yCoord>
</edgeMap>
<edgeMap>
<xCoord>376</xCoord>
<yCoord>265</yCoord>
</edgeMap>
<edgeMap>
<xCoord>375</xCoord>
<yCoord>266</yCoord>
</edgeMap>
<edgeMap>
<xCoord>375</xCoord>
<yCoord>267</yCoord>
</edgeMap>
<edgeMap>
<xCoord>375</xCoord>
<yCoord>268</yCoord>
</edgeMap>
<edgeMap>
<xCoord>375</xCoord>
<yCoord>269</yCoord>
</edgeMap>
<edgeMap>
<xCoord>375</xCoord>
<yCoord>270</yCoord>
</edgeMap>
<edgeMap>
<xCoord>376</xCoord>
<yCoord>271</yCoord>
</edgeMap>
<edgeMap>
<xCoord>377</xCoord>
<yCoord>272</yCoord>
</edgeMap>
<edgeMap>
<xCoord>378</xCoord>
<yCoord>272</yCoord>
</edgeMap>
<edgeMap>
<xCoord>379</xCoord>
<yCoord>272</yCoord>
</edgeMap>
<edgeMap>
<xCoord>380</xCoord>
<yCoord>272</yCoord>
</edgeMap>
<edgeMap>
<xCoord>381</xCoord>
<yCoord>273</yCoord>
</edgeMap>
</roi>
<roi>
<imageZposition>-76.0</imageZposition>
<imageSOP_UID>1.3.6.1.4.1.14519.5.2.1.6279.6001.215173048221820585101368215459</imageSOP_UID>
<inclusion>TRUE</inclusion>
<edgeMap>
<xCoord>382</xCoord>
<yCoord>275</yCoord>
</edgeMap>
<edgeMap>
<xCoord>383</xCoord>
<yCoord>274</yCoord>
</edgeMap>
<edgeMap>
<xCoord>384</xCoord>
<yCoord>274</yCoord>
</edgeMap>
<edgeMap>
<xCoord>385</xCoord>
<yCoord>274</yCoord>
</edgeMap>
<edgeMap>
<xCoord>386</xCoord>
<yCoord>273</yCoord>
</edgeMap>
<edgeMap>
<xCoord>387</xCoord>
<yCoord>272</yCoord>
</edgeMap>
<edgeMap>
<xCoord>388</xCoord>
<yCoord>271</yCoord>
</edgeMap>
<edgeMap>
<xCoord>388</xCoord>
<yCoord>270</yCoord>
</edgeMap>
<edgeMap>
<xCoord>387</xCoord>
<yCoord>269</yCoord>
</edgeMap>
<edgeMap>
<xCoord>387</xCoord>
<yCoord>268</yCoord>
</edgeMap>
<edgeMap>
<xCoord>386</xCoord>
<yCoord>267</yCoord>
</edgeMap>
<edgeMap>
<xCoord>385</xCoord>
<yCoord>266</yCoord>
</edgeMap>
<edgeMap>
<xCoord>384</xCoord>
<yCoord>265</yCoord>
</edgeMap>
<edgeMap>
<xCoord>383</xCoord>
<yCoord>265</yCoord>
</edgeMap>
<edgeMap>
<xCoord>382</xCoord>
<yCoord>264</yCoord>
</edgeMap>
<edgeMap>
<xCoord>381</xCoord>
<yCoord>264</yCoord>
</edgeMap>
<edgeMap>
<xCoord>380</xCoord>
<yCoord>264</yCoord>
</edgeMap>
<edgeMap>
<xCoord>379</xCoord>
<yCoord>264</yCoord>
</edgeMap>
<edgeMap>
<xCoord>378</xCoord>
<yCoord>264</yCoord>
</edgeMap>
<edgeMap>
<xCoord>377</xCoord>
<yCoord>265</yCoord>
</edgeMap>
<edgeMap>
<xCoord>376</xCoord>
<yCoord>266</yCoord>
</edgeMap>
<edgeMap>
<xCoord>375</xCoord>
<yCoord>267</yCoord>
</edgeMap>
<edgeMap>
<xCoord>374</xCoord>
<yCoord>268</yCoord>
</edgeMap>
<edgeMap>
<xCoord>374</xCoord>
<yCoord>269</yCoord>
</edgeMap>
<edgeMap>
<xCoord>375</xCoord>
<yCoord>270</yCoord>
</edgeMap>
<edgeMap>
<xCoord>375</xCoord>
<yCoord>271</yCoord>
</edgeMap>
<edgeMap>
<xCoord>376</xCoord>
<yCoord>272</yCoord>
</edgeMap>
<edgeMap>
<xCoord>377</xCoord>
<yCoord>273</yCoord>
</edgeMap>
<edgeMap>
<xCoord>378</xCoord>
<yCoord>274</yCoord>
</edgeMap>
<edgeMap>
<xCoord>379</xCoord>
<yCoord>274</yCoord>
</edgeMap>
<edgeMap>
<xCoord>380</xCoord>
<yCoord>274</yCoord>
</edgeMap>
<edgeMap>
<xCoord>381</xCoord>
<yCoord>275</yCoord>
</edgeMap>
<edgeMap>
<xCoord>382</xCoord>
<yCoord>275</yCoord>
</edgeMap>
</roi>
<roi>
<imageZposition>-78.5</imageZposition>
<imageSOP_UID>1.3.6.1.4.1.14519.5.2.1.6279.6001.224776493590626403575386308799</imageSOP_UID>
<inclusion>TRUE</inclusion>
<edgeMap>
<xCoord>380</xCoord>
<yCoord>276</yCoord>
</edgeMap>
<edgeMap>
<xCoord>381</xCoord>
<yCoord>275</yCoord>
</edgeMap>
<edgeMap>
<xCoord>382</xCoord>
<yCoord>275</yCoord>
</edgeMap>
<edgeMap>
<xCoord>383</xCoord>
<yCoord>275</yCoord>
</edgeMap>
<edgeMap>
<xCoord>384</xCoord>
<yCoord>275</yCoord>
</edgeMap>
<edgeMap>
<xCoord>385</xCoord>
<yCoord>274</yCoord>
</edgeMap>
<edgeMap>
<xCoord>386</xCoord>
<yCoord>274</yCoord>
</edgeMap>
<edgeMap>
<xCoord>387</xCoord>
<yCoord>273</yCoord>
</edgeMap>
<edgeMap>
<xCoord>388</xCoord>
<yCoord>272</yCoord>
</edgeMap>
<edgeMap>
<xCoord>389</xCoord>
<yCoord>272</yCoord>
</edgeMap>
<edgeMap>
<xCoord>390</xCoord>
<yCoord>271</yCoord>
</edgeMap>
<edgeMap>
<xCoord>390</xCoord>
<yCoord>270</yCoord>
</edgeMap>
<edgeMap>
<xCoord>389</xCoord>
<yCoord>269</yCoord>
</edgeMap>
<edgeMap>
<xCoord>388</xCoord>
<yCoord>268</yCoord>
</edgeMap>
<edgeMap>
<xCoord>387</xCoord>
<yCoord>267</yCoord>
</edgeMap>
<edgeMap>
<xCoord>386</xCoord>
<yCoord>266</yCoord>
</edgeMap>
<edgeMap>
<xCoord>385</xCoord>
<yCoord>266</yCoord>
</edgeMap>
<edgeMap>
<xCoord>384</xCoord>
<yCoord>265</yCoord>
</edgeMap>
<edgeMap>
<xCoord>383</xCoord>
<yCoord>264</yCoord>
</edgeMap>
<edgeMap>
<xCoord>382</xCoord>
<yCoord>264</yCoord>
</edgeMap>
<edgeMap>
<xCoord>381</xCoord>
<yCoord>264</yCoord>
</edgeMap>
<edgeMap>
<xCoord>380</xCoord>
<yCoord>263</yCoord>
</edgeMap>
<edgeMap>
<xCoord>379</xCoord>
<yCoord>264</yCoord>
</edgeMap>
<edgeMap>
<xCoord>378</xCoord>
<yCoord>264</yCoord>
</edgeMap>
<edgeMap>
<xCoord>377</xCoord>
<yCoord>264</yCoord>
</edgeMap>
<edgeMap>
<xCoord>376</xCoord>
<yCoord>265</yCoord>
</edgeMap>
<edgeMap>
<xCoord>375</xCoord>
<yCoord>266</yCoord>
</edgeMap>
<edgeMap>
<xCoord>375</xCoord>
<yCoord>267</yCoord>
</edgeMap>
<edgeMap>
<xCoord>374</xCoord>
<yCoord>268</yCoord>
</edgeMap>
<edgeMap>
<xCoord>374</xCoord>
<yCoord>269</yCoord>
</edgeMap>
<edgeMap>
<xCoord>374</xCoord>
<yCoord>270</yCoord>
</edgeMap>
<edgeMap>
<xCoord>374</xCoord>
<yCoord>271</yCoord>
</edgeMap>
<edgeMap>
<xCoord>374</xCoord>
<yCoord>272</yCoord>
</edgeMap>
<edgeMap>
<xCoord>375</xCoord>
<yCoord>273</yCoord>
</edgeMap>
<edgeMap>
<xCoord>376</xCoord>
<yCoord>273</yCoord>
</edgeMap>
<edgeMap>
<xCoord>377</xCoord>
<yCoord>274</yCoord>
</edgeMap>
<edgeMap>
<xCoord>378</xCoord>
<yCoord>274</yCoord>
</edgeMap>
<edgeMap>
<xCoord>379</xCoord>
<yCoord>275</yCoord>
</edgeMap>
<edgeMap>
<xCoord>380</xCoord>
<yCoord>276</yCoord>
</edgeMap>
</roi>
<roi>
<imageZposition>-81.0</imageZposition>
<imageSOP_UID>1.3.6.1.4.1.14519.5.2.1.6279.6001.337047173995756976454090856244</imageSOP_UID>
<inclusion>TRUE</inclusion>
<edgeMap>
<xCoord>384</xCoord>
<yCoord>276</yCoord>
</edgeMap>
<edgeMap>
<xCoord>385</xCoord>
<yCoord>275</yCoord>
</edgeMap>
<edgeMap>
<xCoord>386</xCoord>
<yCoord>275</yCoord>
</edgeMap>
<edgeMap>
<xCoord>387</xCoord>
<yCoord>274</yCoord>
</edgeMap>
<edgeMap>
<xCoord>388</xCoord>
<yCoord>273</yCoord>
</edgeMap>
<edgeMap>
<xCoord>389</xCoord>
<yCoord>272</yCoord>
</edgeMap>
<edgeMap>
<xCoord>390</xCoord>
<yCoord>271</yCoord>
</edgeMap>
<edgeMap>
<xCoord>391</xCoord>
<yCoord>270</yCoord>
</edgeMap>
<edgeMap>
<xCoord>390</xCoord>
<yCoord>269</yCoord>
</edgeMap>
<edgeMap>
<xCoord>389</xCoord>
<yCoord>268</yCoord>
</edgeMap>
<edgeMap>
<xCoord>389</xCoord>
<yCoord>267</yCoord>
</edgeMap>
<edgeMap>
<xCoord>388</xCoord>
<yCoord>266</yCoord>
</edgeMap>
<edgeMap>
<xCoord>387</xCoord>
<yCoord>265</yCoord>
</edgeMap>
<edgeMap>
<xCoord>386</xCoord>
<yCoord>265</yCoord>
</edgeMap>
<edgeMap>
<xCoord>385</xCoord>
<yCoord>265</yCoord>
</edgeMap>
<edgeMap>
<xCoord>384</xCoord>
<yCoord>264</yCoord>
</edgeMap>
<edgeMap>
<xCoord>383</xCoord>
<yCoord>264</yCoord>
</edgeMap>
<edgeMap>
<xCoord>382</xCoord>
<yCoord>264</yCoord>
</edgeMap>
<edgeMap>
<xCoord>381</xCoord>
<yCoord>263</yCoord>
</edgeMap>
<edgeMap>
<xCoord>380</xCoord>
<yCoord>263</yCoord>
</edgeMap>
<edgeMap>
<xCoord>379</xCoord>
<yCoord>263</yCoord>
</edgeMap>
<edgeMap>
<xCoord>378</xCoord>
<yCoord>263</yCoord>
</edgeMap>
<edgeMap>
<xCoord>377</xCoord>
<yCoord>264</yCoord>
</edgeMap>
<edgeMap>
<xCoord>376</xCoord>
<yCoord>264</yCoord>
</edgeMap>
<edgeMap>
<xCoord>375</xCoord>
<yCoord>264</yCoord>
</edgeMap>
<edgeMap>
<xCoord>374</xCoord>
<yCoord>265</yCoord>
</edgeMap>
<edgeMap>
<xCoord>373</xCoord>
<yCoord>266</yCoord>
</edgeMap>
<edgeMap>
<xCoord>373</xCoord>
<yCoord>267</yCoord>
</edgeMap>
<edgeMap>
<xCoord>373</xCoord>
<yCoord>268</yCoord>
</edgeMap>
<edgeMap>
<xCoord>373</xCoord>
<yCoord>269</yCoord>
</edgeMap>
<edgeMap>
<xCoord>373</xCoord>
<yCoord>270</yCoord>
</edgeMap>
<edgeMap>
<xCoord>374</xCoord>
<yCoord>271</yCoord>
</edgeMap>
<edgeMap>
<xCoord>375</xCoord>
<yCoord>272</yCoord>
</edgeMap>
<edgeMap>
<xCoord>376</xCoord>
<yCoord>273</yCoord>
</edgeMap>
<edgeMap>
<xCoord>377</xCoord>
<yCoord>274</yCoord>
</edgeMap>
<edgeMap>
<xCoord>378</xCoord>
<yCoord>275</yCoord>
</edgeMap>
<edgeMap>
<xCoord>379</xCoord>
<yCoord>276</yCoord>
</edgeMap>
<edgeMap>
<xCoord>380</xCoord>
<yCoord>276</yCoord>
</edgeMap>
<edgeMap>
<xCoord>381</xCoord>
<yCoord>276</yCoord>
</edgeMap>
<edgeMap>
<xCoord>382</xCoord>
<yCoord>276</yCoord>
</edgeMap>
<edgeMap>
<xCoord>383</xCoord>
<yCoord>276</yCoord>
</edgeMap>
<edgeMap>
<xCoord>384</xCoord>
<yCoord>276</yCoord>
</edgeMap>
</roi>
<roi>
<imageZposition>-83.5</imageZposition>
<imageSOP_UID>1.3.6.1.4.1.14519.5.2.1.6279.6001.169143722405634103979784085254</imageSOP_UID>
<inclusion>TRUE</inclusion>
<edgeMap>
<xCoord>381</xCoord>
<yCoord>275</yCoord>
</edgeMap>
<edgeMap>
<xCoord>382</xCoord>
<yCoord>274</yCoord>
</edgeMap>
<edgeMap>
<xCoord>383</xCoord>
<yCoord>274</yCoord>
</edgeMap>
<edgeMap>
<xCoord>384</xCoord>
<yCoord>274</yCoord>
</edgeMap>
<edgeMap>
<xCoord>385</xCoord>
<yCoord>273</yCoord>
</edgeMap>
<edgeMap>
<xCoord>386</xCoord>
<yCoord>272</yCoord>
</edgeMap>
<edgeMap>
<xCoord>387</xCoord>
<yCoord>272</yCoord>
</edgeMap>
<edgeMap>
<xCoord>388</xCoord>
<yCoord>271</yCoord>
</edgeMap>
<edgeMap>
<xCoord>389</xCoord>
<yCoord>270</yCoord>
</edgeMap>
<edgeMap>
<xCoord>389</xCoord>
<yCoord>269</yCoord>
</edgeMap>
<edgeMap>
<xCoord>389</xCoord>
<yCoord>268</yCoord>
</edgeMap>
<edgeMap>
<xCoord>388</xCoord>
<yCoord>267</yCoord>
</edgeMap>
<edgeMap>
<xCoord>387</xCoord>
<yCoord>266</yCoord>
</edgeMap>
<edgeMap>
<xCoord>386</xCoord>
<yCoord>266</yCoord>
</edgeMap>
<edgeMap>
<xCoord>385</xCoord>
<yCoord>267</yCoord>
</edgeMap>
<edgeMap>
<xCoord>384</xCoord>
<yCoord>267</yCoord>
</edgeMap>
<edgeMap>
<xCoord>383</xCoord>
<yCoord>267</yCoord>
</edgeMap>
<edgeMap>
<xCoord>382</xCoord>
<yCoord>266</yCoord>
</edgeMap>
<edgeMap>
<xCoord>381</xCoord>
<yCoord>266</yCoord>
</edgeMap>
<edgeMap>
<xCoord>380</xCoord>
<yCoord>266</yCoord>
</edgeMap>
<edgeMap>
<xCoord>379</xCoord>
<yCoord>265</yCoord>
</edgeMap>
<edgeMap>
<xCoord>378</xCoord>
<yCoord>265</yCoord>
</edgeMap>
<edgeMap>
<xCoord>377</xCoord>
<yCoord>266</yCoord>
</edgeMap>
<edgeMap>
<xCoord>376</xCoord>
<yCoord>267</yCoord>
</edgeMap>
<edgeMap>
<xCoord>376</xCoord>
<yCoord>268</yCoord>
</edgeMap>
<edgeMap>
<xCoord>377</xCoord>
<yCoord>269</yCoord>
</edgeMap>
<edgeMap>
<xCoord>378</xCoord>
<yCoord>270</yCoord>
</edgeMap>
<edgeMap>
<xCoord>378</xCoord>
<yCoord>271</yCoord>
</edgeMap>
<edgeMap>
<xCoord>377</xCoord>
<yCoord>272</yCoord>
</edgeMap>
<edgeMap>
<xCoord>377</xCoord>
<yCoord>273</yCoord>
</edgeMap>
<edgeMap>
<xCoord>378</xCoord>
<yCoord>274</yCoord>
</edgeMap>
<edgeMap>
<xCoord>379</xCoord>
<yCoord>275</yCoord>
</edgeMap>
<edgeMap>
<xCoord>380</xCoord>
<yCoord>275</yCoord>
</edgeMap>
<edgeMap>
<xCoord>381</xCoord>
<yCoord>275</yCoord>
</edgeMap>
</roi>
</unblindedReadNodule>
<unblindedReadNodule>
<noduleID>61771</noduleID>
<roi>
<imageZposition>-88.5</imageZposition>
<imageSOP_UID>1.3.6.1.4.1.14519.5.2.1.6279.6001.208365440643678082940044903221</imageSOP_UID>
<inclusion>TRUE</inclusion>
<edgeMap>
<xCoord>173</xCoord>
<yCoord>255</yCoord>
</edgeMap>
</roi>
</unblindedReadNodule>
<nonNodule>
<nonNoduleID>61775</nonNoduleID>
<imageZposition>-166.0</imageZposition>
<imageSOP_UID>1.3.6.1.4.1.14519.5.2.1.6279.6001.244140438244495275212623146827</imageSOP_UID>
<locus>
<xCoord>163</xCoord>
<yCoord>176</yCoord>
</locus>
</nonNodule>
<nonNodule>
<nonNoduleID>61778</nonNoduleID>
<imageZposition>-216.0</imageZposition>
<imageSOP_UID>1.3.6.1.4.1.14519.5.2.1.6279.6001.184929006589103611103223946474</imageSOP_UID>
<locus>
<xCoord>372</xCoord>
<yCoord>391</yCoord>
</locus>
</nonNodule>
<nonNodule>
<nonNoduleID>61780</nonNoduleID>
<imageZposition>-208.5</imageZposition>
<imageSOP_UID>1.3.6.1.4.1.14519.5.2.1.6279.6001.918793188280782133499555666298</imageSOP_UID>
<locus>
<xCoord>146</xCoord>
<yCoord>393</yCoord>
</locus>
</nonNodule>
<nonNodule>
<nonNoduleID>61770</nonNoduleID>
<imageZposition>-233.5</imageZposition>
<imageSOP_UID>1.3.6.1.4.1.14519.5.2.1.6279.6001.279600748376334842223877157995</imageSOP_UID>
<locus>
<xCoord>407</xCoord>
<yCoord>148</yCoord>
</locus>
</nonNodule>
<nonNodule>
<nonNoduleID>61776</nonNoduleID>
<imageZposition>-106.0</imageZposition>
<imageSOP_UID>1.3.6.1.4.1.14519.5.2.1.6279.6001.836979960592923461437862360839</imageSOP_UID>
<locus>
<xCoord>209</xCoord>
<yCoord>367</yCoord>
</locus>
</nonNodule>
</readingSession>
  <readingSession>
    <annotationVersion>3.12</annotationVersion>
<servicingRadiologistID>anon</servicingRadiologistID>
    <unblindedReadNodule>
      <noduleID>IL057_157729</noduleID>
      <characteristics>
        <subtlety>4</subtlety>
        <internalStructure>1</internalStructure>
        <calcification>6</calcification>
        <sphericity>3</sphericity>
        <margin>5</margin>
        <lobulation>2</lobulation>
        <spiculation>2</spiculation>
        <texture>5</texture>
        <malignancy>3</malignancy>
      </characteristics>
      <roi>
        <imageZposition>-76.0</imageZposition>
        <imageSOP_UID>1.3.6.1.4.1.14519.5.2.1.6279.6001.215173048221820585101368215459</imageSOP_UID>
        <inclusion>TRUE</inclusion>
        <edgeMap>
          <xCoord>382</xCoord>
          <yCoord>275</yCoord>
        </edgeMap>
        <edgeMap>
          <xCoord>383</xCoord>
          <yCoord>274</yCoord>
        </edgeMap>
        <edgeMap>
          <xCoord>384</xCoord>
          <yCoord>274</yCoord>
        </edgeMap>
        <edgeMap>
          <xCoord>385</xCoord>
          <yCoord>274</yCoord>
        </edgeMap>
        <edgeMap>
          <xCoord>386</xCoord>
          <yCoord>273</yCoord>
        </edgeMap>
        <edgeMap>
          <xCoord>387</xCoord>
          <yCoord>272</yCoord>
        </edgeMap>
        <edgeMap>
          <xCoord>388</xCoord>
          <yCoord>271</yCoord>
        </edgeMap>
        <edgeMap>
          <xCoord>388</xCoord>
          <yCoord>270</yCoord>
        </edgeMap>
        <edgeMap>
          <xCoord>387</xCoord>
          <yCoord>269</yCoord>
        </edgeMap>
        <edgeMap>
          <xCoord>387</xCoord>
          <yCoord>268</yCoord>
        </edgeMap>
        <edgeMap>
          <xCoord>386</xCoord>
          <yCoord>267</yCoord>
        </edgeMap>
        <edgeMap>
          <xCoord>385</xCoord>
          <yCoord>266</yCoord>
        </edgeMap>
        <edgeMap>
          <xCoord>384</xCoord>
          <yCoord>265</yCoord>
        </edgeMap>
        <edgeMap>
          <xCoord>383</xCoord>
          <yCoord>265</yCoord>
        </edgeMap>
        <edgeMap>
          <xCoord>382</xCoord>
          <yCoord>264</yCoord>
        </edgeMap>
        <edgeMap>
          <xCoord>381</xCoord>
          <yCoord>264</yCoord>
        </edgeMap>
        <edgeMap>
          <xCoord>380</xCoord>
          <yCoord>264</yCoord>
        </edgeMap>
        <edgeMap>
          <xCoord>379</xCoord>
          <yCoord>264</yCoord>
        </edgeMap>
        <edgeMap>
          <xCoord>378</xCoord>
          <yCoord>264</yCoord>
        </edgeMap>
        <edgeMap>
          <xCoord>377</xCoord>
          <yCoord>265</yCoord>
        </edgeMap>
        <edgeMap>
          <xCoord>376</xCoord>
          <yCoord>266</yCoord>
        </edgeMap>
        <edgeMap>
          <xCoord>375</xCoord>
          <yCoord>267</yCoord>
        </edgeMap>
        <edgeMap>
          <xCoord>374</xCoord>
          <yCoord>268</yCoord>
        </edgeMap>
        <edgeMap>
          <xCoord>374</xCoord>
          <yCoord>269</yCoord>
        </edgeMap>
        <edgeMap>
          <xCoord>375</xCoord>
          <yCoord>270</yCoord>
        </edgeMap>
        <edgeMap>
          <xCoord>375</xCoord>
          <yCoord>271</yCoord>
        </edgeMap>
        <edgeMap>
          <xCoord>376</xCoord>
          <yCoord>272</yCoord>
        </edgeMap>
        <edgeMap>
          <xCoord>377</xCoord>
          <yCoord>273</yCoord>
        </edgeMap>
        <edgeMap>
          <xCoord>378</xCoord>
          <yCoord>274</yCoord>
        </edgeMap>
        <edgeMap>
          <xCoord>379</xCoord>
          <yCoord>274</yCoord>
        </edgeMap>
        <edgeMap>
          <xCoord>380</xCoord>
          <yCoord>274</yCoord>
        </edgeMap>
        <edgeMap>
          <xCoord>381</xCoord>
          <yCoord>275</yCoord>
        </edgeMap>
        <edgeMap>
          <xCoord>382</xCoord>
          <yCoord>275</yCoord>
        </edgeMap>
      </roi>
      <roi>
        <imageZposition>-78.5</imageZposition>
        <imageSOP_UID>1.3.6.1.4.1.14519.5.2.1.6279.6001.224776493590626403575386308799</imageSOP_UID>
        <inclusion>TRUE</inclusion>
        <edgeMap>
          <xCoord>380</xCoord>
          <yCoord>276</yCoord>
        </edgeMap>
        <edgeMap>
          <xCoord>381</xCoord>
          <yCoord>275</yCoord>
        </edgeMap>
        <edgeMap>
          <xCoord>382</xCoord>
          <yCoord>275</yCoord>
        </edgeMap>
        <edgeMap>
          <xCoord>383</xCoord>
          <yCoord>275</yCoord>
        </edgeMap>
        <edgeMap>
          <xCoord>384</xCoord>
          <yCoord>275</yCoord>
        </edgeMap>
        <edgeMap>
          <xCoord>385</xCoord>
          <yCoord>274</yCoord>
        </edgeMap>
        <edgeMap>
          <xCoord>386</xCoord>
          <yCoord>274</yCoord>
        </edgeMap>
        <edgeMap>
          <xCoord>387</xCoord>
          <yCoord>273</yCoord>
        </edgeMap>
        <edgeMap>
          <xCoord>388</xCoord>
          <yCoord>272</yCoord>
        </edgeMap>
        <edgeMap>
          <xCoord>389</xCoord>
          <yCoord>272</yCoord>
        </edgeMap>
        <edgeMap>
          <xCoord>390</xCoord>
          <yCoord>271</yCoord>
        </edgeMap>
        <edgeMap>
          <xCoord>390</xCoord>
          <yCoord>270</yCoord>
        </edgeMap>
        <edgeMap>
          <xCoord>389</xCoord>
          <yCoord>269</yCoord>
        </edgeMap>
        <edgeMap>
          <xCoord>388</xCoord>
          <yCoord>268</yCoord>
        </edgeMap>
        <edgeMap>
          <xCoord>387</xCoord>
          <yCoord>267</yCoord>
        </edgeMap>
        <edgeMap>
          <xCoord>386</xCoord>
          <yCoord>266</yCoord>
        </edgeMap>
        <edgeMap>
          <xCoord>385</xCoord>
          <yCoord>266</yCoord>
        </edgeMap>
        <edgeMap>
          <xCoord>384</xCoord>
          <yCoord>265</yCoord>
        </edgeMap>
        <edgeMap>
          <xCoord>383</xCoord>
          <yCoord>264</yCoord>
        </edgeMap>
        <edgeMap>
          <xCoord>382</xCoord>
          <yCoord>264</yCoord>
        </edgeMap>
        <edgeMap>
          <xCoord>381</xCoord>
          <yCoord>264</yCoord>
        </edgeMap>
        <edgeMap>
          <xCoord>380</xCoord>
          <yCoord>263</yCoord>
        </edgeMap>
        <edgeMap>
          <xCoord>379</xCoord>
          <yCoord>264</yCoord>
        </edgeMap>
        <edgeMap>
          <xCoord>378</xCoord>
          <yCoord>264</yCoord>
        </edgeMap>
        <edgeMap>
          <xCoord>377</xCoord>
          <yCoord>264</yCoord>
        </edgeMap>
        <edgeMap>
          <xCoord>376</xCoord>
          <yCoord>265</yCoord>
        </edgeMap>
        <edgeMap>
          <xCoord>375</xCoord>
          <yCoord>266</yCoord>
        </edgeMap>
        <edgeMap>
          <xCoord>375</xCoord>
          <yCoord>267</yCoord>
        </edgeMap>
        <edgeMap>
          <xCoord>374</xCoord>
          <yCoord>268</yCoord>
        </edgeMap>
        <edgeMap>
          <xCoord>374</xCoord>
          <yCoord>269</yCoord>
        </edgeMap>
        <edgeMap>
          <xCoord>374</xCoord>
          <yCoord>270</yCoord>
        </edgeMap>
        <edgeMap>
          <xCoord>375</xCoord>
          <yCoord>271</yCoord>
        </edgeMap>
        <edgeMap>
          <xCoord>374</xCoord>
          <yCoord>272</yCoord>
        </edgeMap>
        <edgeMap>
          <xCoord>375</xCoord>
          <yCoord>273</yCoord>
        </edgeMap>
        <edgeMap>
          <xCoord>376</xCoord>
          <yCoord>273</yCoord>
        </edgeMap>
        <edgeMap>
          <xCoord>377</xCoord>
          <yCoord>274</yCoord>
        </edgeMap>
        <edgeMap>
          <xCoord>378</xCoord>
          <yCoord>274</yCoord>
        </edgeMap>
        <edgeMap>
          <xCoord>379</xCoord>
          <yCoord>275</yCoord>
        </edgeMap>
        <edgeMap>
          <xCoord>380</xCoord>
          <yCoord>276</yCoord>
        </edgeMap>
      </roi>
      <roi>
        <imageZposition>-81.0</imageZposition>
        <imageSOP_UID>1.3.6.1.4.1.14519.5.2.1.6279.6001.337047173995756976454090856244</imageSOP_UID>
        <inclusion>TRUE</inclusion>
        <edgeMap>
          <xCoord>384</xCoord>
          <yCoord>275</yCoord>
        </edgeMap>
        <edgeMap>
          <xCoord>385</xCoord>
          <yCoord>274</yCoord>
        </edgeMap>
        <edgeMap>
          <xCoord>386</xCoord>
          <yCoord>274</yCoord>
        </edgeMap>
        <edgeMap>
          <xCoord>387</xCoord>
          <yCoord>273</yCoord>
        </edgeMap>
        <edgeMap>
          <xCoord>388</xCoord>
          <yCoord>272</yCoord>
        </edgeMap>
        <edgeMap>
          <xCoord>389</xCoord>
          <yCoord>271</yCoord>
        </edgeMap>
        <edgeMap>
          <xCoord>390</xCoord>
          <yCoord>270</yCoord>
        </edgeMap>
        <edgeMap>
          <xCoord>389</xCoord>
          <yCoord>269</yCoord>
        </edgeMap>
        <edgeMap>
          <xCoord>388</xCoord>
          <yCoord>268</yCoord>
        </edgeMap>
        <edgeMap>
          <xCoord>388</xCoord>
          <yCoord>267</yCoord>
        </edgeMap>
        <edgeMap>
          <xCoord>387</xCoord>
          <yCoord>266</yCoord>
        </edgeMap>
        <edgeMap>
          <xCoord>386</xCoord>
          <yCoord>266</yCoord>
        </edgeMap>
        <edgeMap>
          <xCoord>385</xCoord>
          <yCoord>266</yCoord>
        </edgeMap>
        <edgeMap>
          <xCoord>384</xCoord>
          <yCoord>265</yCoord>
        </edgeMap>
        <edgeMap>
          <xCoord>383</xCoord>
          <yCoord>265</yCoord>
        </edgeMap>
        <edgeMap>
          <xCoord>382</xCoord>
          <yCoord>265</yCoord>
        </edgeMap>
        <edgeMap>
          <xCoord>381</xCoord>
          <yCoord>264</yCoord>
        </edgeMap>
        <edgeMap>
          <xCoord>380</xCoord>
          <yCoord>264</yCoord>
        </edgeMap>
        <edgeMap>
          <xCoord>379</xCoord>
          <yCoord>264</yCoord>
        </edgeMap>
        <edgeMap>
          <xCoord>378</xCoord>
          <yCoord>264</yCoord>
        </edgeMap>
        <edgeMap>
          <xCoord>377</xCoord>
          <yCoord>265</yCoord>
        </edgeMap>
        <edgeMap>
          <xCoord>376</xCoord>
          <yCoord>265</yCoord>
        </edgeMap>
        <edgeMap>
          <xCoord>375</xCoord>
          <yCoord>265</yCoord>
        </edgeMap>
        <edgeMap>
          <xCoord>374</xCoord>
          <yCoord>266</yCoord>
        </edgeMap>
        <edgeMap>
          <xCoord>374</xCoord>
          <yCoord>267</yCoord>
        </edgeMap>
        <edgeMap>
          <xCoord>374</xCoord>
          <yCoord>268</yCoord>
        </edgeMap>
        <edgeMap>
          <xCoord>374</xCoord>
          <yCoord>269</yCoord>
        </edgeMap>
        <edgeMap>
          <xCoord>374</xCoord>
          <yCoord>270</yCoord>
        </edgeMap>
        <edgeMap>
          <xCoord>375</xCoord>
          <yCoord>271</yCoord>
        </edgeMap>
        <edgeMap>
          <xCoord>376</xCoord>
          <yCoord>272</yCoord>
        </edgeMap>
        <edgeMap>
          <xCoord>377</xCoord>
          <yCoord>273</yCoord>
        </edgeMap>
        <edgeMap>
          <xCoord>378</xCoord>
          <yCoord>274</yCoord>
        </edgeMap>
        <edgeMap>
          <xCoord>379</xCoord>
          <yCoord>275</yCoord>
        </edgeMap>
        <edgeMap>
          <xCoord>380</xCoord>
          <yCoord>275</yCoord>
        </edgeMap>
        <edgeMap>
          <xCoord>381</xCoord>
          <yCoord>275</yCoord>
        </edgeMap>
        <edgeMap>
          <xCoord>382</xCoord>
          <yCoord>275</yCoord>
        </edgeMap>
        <edgeMap>
          <xCoord>383</xCoord>
          <yCoord>275</yCoord>
        </edgeMap>
        <edgeMap>
          <xCoord>384</xCoord>
          <yCoord>275</yCoord>
        </edgeMap>
      </roi>
      <roi>
        <imageZposition>-83.5</imageZposition>
        <imageSOP_UID>1.3.6.1.4.1.14519.5.2.1.6279.6001.169143722405634103979784085254</imageSOP_UID>
        <inclusion>TRUE</inclusion>
        <edgeMap>
          <xCoord>381</xCoord>
          <yCoord>274</yCoord>
        </edgeMap>
        <edgeMap>
          <xCoord>382</xCoord>
          <yCoord>273</yCoord>
        </edgeMap>
        <edgeMap>
          <xCoord>383</xCoord>
          <yCoord>273</yCoord>
        </edgeMap>
        <edgeMap>
          <xCoord>384</xCoord>
          <yCoord>273</yCoord>
        </edgeMap>
        <edgeMap>
          <xCoord>385</xCoord>
          <yCoord>272</yCoord>
        </edgeMap>
        <edgeMap>
          <xCoord>386</xCoord>
          <yCoord>271</yCoord>
        </edgeMap>
        <edgeMap>
          <xCoord>387</xCoord>
          <yCoord>271</yCoord>
        </edgeMap>
        <edgeMap>
          <xCoord>388</xCoord>
          <yCoord>270</yCoord>
        </edgeMap>
        <edgeMap>
          <xCoord>388</xCoord>
          <yCoord>269</yCoord>
        </edgeMap>
        <edgeMap>
          <xCoord>388</xCoord>
          <yCoord>268</yCoord>
        </edgeMap>
        <edgeMap>
          <xCoord>387</xCoord>
          <yCoord>267</yCoord>
        </edgeMap>
        <edgeMap>
          <xCoord>386</xCoord>
          <yCoord>268</yCoord>
        </edgeMap>
        <edgeMap>
          <xCoord>385</xCoord>
          <yCoord>269</yCoord>
        </edgeMap>
        <edgeMap>
          <xCoord>384</xCoord>
          <yCoord>269</yCoord>
        </edgeMap>
        <edgeMap>
          <xCoord>383</xCoord>
          <yCoord>269</yCoord>
        </edgeMap>
        <edgeMap>
          <xCoord>382</xCoord>
          <yCoord>268</yCoord>
        </edgeMap>
        <edgeMap>
          <xCoord>381</xCoord>
          <yCoord>269</yCoord>
        </edgeMap>
        <edgeMap>
          <xCoord>380</xCoord>
          <yCoord>269</yCoord>
        </edgeMap>
        <edgeMap>
          <xCoord>379</xCoord>
          <yCoord>269</yCoord>
        </edgeMap>
        <edgeMap>
          <xCoord>378</xCoord>
          <yCoord>269</yCoord>
        </edgeMap>
        <edgeMap>
          <xCoord>379</xCoord>
          <yCoord>270</yCoord>
        </edgeMap>
        <edgeMap>
          <xCoord>379</xCoord>
          <yCoord>271</yCoord>
        </edgeMap>
        <edgeMap>
          <xCoord>378</xCoord>
          <yCoord>272</yCoord>
        </edgeMap>
        <edgeMap>
          <xCoord>378</xCoord>
          <yCoord>273</yCoord>
        </edgeMap>
        <edgeMap>
          <xCoord>379</xCoord>
          <yCoord>274</yCoord>
        </edgeMap>
        <edgeMap>
          <xCoord>380</xCoord>
          <yCoord>274</yCoord>
        </edgeMap>
        <edgeMap>
          <xCoord>381</xCoord>
          <yCoord>274</yCoord>
        </edgeMap>
      </roi>
    </unblindedReadNodule>
    <unblindedReadNodule>
      <noduleID>IL057_157735</noduleID>
      <roi>
        <imageZposition>-88.5</imageZposition>
        <imageSOP_UID>1.3.6.1.4.1.14519.5.2.1.6279.6001.208365440643678082940044903221</imageSOP_UID>
        <inclusion>TRUE</inclusion>
        <edgeMap>
          <xCoord>173</xCoord>
          <yCoord>255</yCoord>
        </edgeMap>
      </roi>
    </unblindedReadNodule>
    <unblindedReadNodule>
      <noduleID>IL057_157737</noduleID>
      <roi>
        <imageZposition>-143.5</imageZposition>
        <imageSOP_UID>1.3.6.1.4.1.14519.5.2.1.6279.6001.269213126611943825150245070267</imageSOP_UID>
        <inclusion>TRUE</inclusion>
        <edgeMap>
          <xCoord>422</xCoord>
          <yCoord>240</yCoord>
        </edgeMap>
      </roi>
    </unblindedReadNodule>
    <nonNodule>
      <nonNoduleID>IL057_157743</nonNoduleID>
      <imageZposition>-216.0</imageZposition>
      <imageSOP_UID>1.3.6.1.4.1.14519.5.2.1.6279.6001.184929006589103611103223946474</imageSOP_UID>
      <locus>
        <xCoord>373</xCoord>
        <yCoord>390</yCoord>
      </locus>
    </nonNodule>
  </readingSession>
</LidcReadMessage>