<?xml version="1.0" encoding="UTF-8"?>
<LidcReadMessage uid="1.3.6.1.4.1.14519.5.2.1.6279.6001.1307390642339.0" xmlns="http://www.nih.gov" xmlns:xsi="http://www.w3.org/2001/XMLSchema-instance" xsi:schemaLocation="http://www.nih.gov       http://troll.rad.med.umich.edu/lidc/LidcReadMessage.xsd">
  <ResponseHeader>
    <Version>1.8</Version>
    <MessageId>UM1.3.6.1.4.1.9328.50.12.488476</MessageId>
    <DateRequest>2009-01-26</DateRequest>
    <TimeRequest>00:00:00</TimeRequest>
    <RequestingSite>removed</RequestingSite>
    <ServicingSite>removed</ServicingSite>
    <TaskDescription>Second unblinded read</TaskDescription>
    <CtImageFile>removed</CtImageFile>
    <SeriesInstanceUid>1.3.6.1.4.1.14519.5.2.1.6279.6001.328944769569002417592093467626</SeriesInstanceUid>
    <DateService>2009-01-26</DateService>
    <TimeService>00:00:00</TimeService>
    <ResponseDescription>1 - Reading complete</ResponseDescription>
  <StudyInstanceUID>1.3.6.1.4.1.14519.5.2.1.6279.6001.135649280843401063699693855484</StudyInstanceUID></ResponseHeader>
<readingSession>
<annotationVersion>3.12</annotationVersion>
<servicingRadiologistID>anon</servicingRadiologistID>
<unblindedReadNodule>
<noduleID>174023</noduleID>
<characteristics>
<subtlety>5</subtlety>
<internalStructure>1</internalStructure>
<calcification>6</calcification>
<sphericity>4</sphericity>
<margin>4</margin>
<lobulation>2</lobulation>
<spiculation>1</spiculation>
<texture>5</texture>
<malignancy>3</malignancy>
</characteristics>
<roi>
<imageZposition>-137.0</imageZposition>
<imageSOP_UID>1.3.6.1.4.1.14519.5.2.1.6279.6001.278279496602672638955160018752</imageSOP_UID>
<inclusion>TRUE</inclusion>
<edgeMap>
<xCoord>114</xCoord>
<yCoord>251</yCoord>
</edgeMap>
<edgeMap>
<xCoord>115</xCoord>
<yCoord>250</yCoord>
</edgeMap>
<edgeMap>
<xCoord>116</xCoord>
<yCoord>250</yCoord>
</edgeMap>
<edgeMap>
<xCoord>117</xCoord>
<yCoord>249</yCoord>
</edgeMap>
<edgeMap>
<xCoord>117</xCoord>
<yCoord>248</yCoord>
</edgeMap>
<edgeMap>
<xCoord>116</xCoord>
<yCoord>247</yCoord>
</edgeMap>
<edgeMap>
<xCoord>115</xCoord>
<yCoord>246</yCoord>
</edgeMap>
<edgeMap>
<xCoord>114</xCoord>
<yCoord>246</yCoord>
</edgeMap>
<edgeMap>
<xCoord>113</xCoord>
<yCoord>246</yCoord>
</edgeMap>
<edgeMap>
<xCoord>112</xCoord>
<yCoord>246</yCoord>
</edgeMap>
<edgeMap>
<xCoord>111</xCoord>
<yCoord>247</yCoord>
</edgeMap>
<edgeMap>
<xCoord>110</xCoord>
<yCoord>248</yCoord>
</edgeMap>
<edgeMap>
<xCoord>110</xCoord>
<yCoord>249</yCoord>
</edgeMap>
<edgeMap>
<xCoord>111</xCoord>
<yCoord>250</yCoord>
</edgeMap>
<edgeMap>
<xCoord>112</xCoord>
<yCoord>251</yCoord>
</edgeMap>
<edgeMap>
<xCoord>113</xCoord>
<yCoord>251</yCoord>
</edgeMap>
<edgeMap>
<xCoord>114</xCoord>
<yCoord>251</yCoord>
</edgeMap>
</roi>
<roi>
<imageZposition>-139.5</imageZposition>
<imageSOP_UID>1.3.6.1.4.1.14519.5.2.1.6279.6001.256112319704713589295333098796</imageSOP_UID>
<inclusion>TRUE</inclusion>
<edgeMap>
<xCoord>116</xCoord>
<yCoord>253</yCoord>
</edgeMap>
<edgeMap>
<xCoord>117</xCoord>
<yCoord>252</yCoord>
</edgeMap>
<edgeMap>
<xCoord>118</xCoord>
<yCoord>251</yCoord>
</edgeMap>
<edgeMap>
<xCoord>118</xCoord>
<yCoord>250</yCoord>
</edgeMap>
<edgeMap>
<xCoord>118</xCoord>
<yCoord>249</yCoord>
</edgeMap>
<edgeMap>
<xCoord>118</xCoord>
<yCoord>248</yCoord>
</edgeMap>
<edgeMap>
<xCoord>118</xCoord>
<yCoord>247</yCoord>
</edgeMap>
<edgeMap>
<xCoord>117</xCoord>
<yCoord>246</yCoord>
</edgeMap>
<edgeMap>
<xCoord>116</xCoord>
<yCoord>245</yCoord>
</edgeMap>
<edgeMap>
<xCoord>115</xCoord>
<yCoord>244</yCoord>
</edgeMap>
<edgeMap>
<xCoord>114</xCoord>
<yCoord>244</yCoord>
</edgeMap>
<edgeMap>
<xCoord>113</xCoord>
<yCoord>244</yCoord>
</edgeMap>
<edgeMap>
<xCoord>112</xCoord>
<yCoord>244</yCoord>
</edgeMap>
<edgeMap>
<xCoord>111</xCoord>
<yCoord>245</yCoord>
</edgeMap>
<edgeMap>
<xCoord>110</xCoord>
<yCoord>246</yCoord>
</edgeMap>
<edgeMap>
<xCoord>109</xCoord>
<yCoord>247</yCoord>
</edgeMap>
<edgeMap>
<xCoord>109</xCoord>
<yCoord>248</yCoord>
</edgeMap>
<edgeMap>
<xCoord>109</xCoord>
<yCoord>249</yCoord>
</edgeMap>
<edgeMap>
<xCoord>109</xCoord>
<yCoord>250</yCoord>
</edgeMap>
<edgeMap>
<xCoord>110</xCoord>
<yCoord>251</yCoord>
</edgeMap>
<edgeMap>
<xCoord>111</xCoord>
<yCoord>252</yCoord>
</edgeMap>
<edgeMap>
<xCoord>112</xCoord>
<yCoord>253</yCoord>
</edgeMap>
<edgeMap>
<xCoord>113</xCoord>
<yCoord>253</yCoord>
</edgeMap>
<edgeMap>
<xCoord>114</xCoord>
<yCoord>253</yCoord>
</edgeMap>
<edgeMap>
<xCoord>115</xCoord>
<yCoord>253</yCoord>
</edgeMap>
<edgeMap>
<xCoord>116</xCoord>
<yCoord>253</yCoord>
</edgeMap>
</roi>
<roi>
<imageZposition>-142.0</imageZposition>
<imageSOP_UID>1.3.6.1.4.1.14519.5.2.1.6279.6001.973562426638464105124825706616</imageSOP_UID>
<inclusion>TRUE</inclusion>
<edgeMap>
<xCoord>116</xCoord>
<yCoord>251</yCoord>
</edgeMap>
<edgeMap>
<xCoord>117</xCoord>
<yCoord>250</yCoord>
</edgeMap>
<edgeMap>
<xCoord>117</xCoord>
<yCoord>249</yCoord>
</edgeMap>
<edgeMap>
<xCoord>117</xCoord>
<yCoord>248</yCoord>
</edgeMap>
<edgeMap>
<xCoord>117</xCoord>
<yCoord>247</yCoord>
</edgeMap>
<edgeMap>
<xCoord>116</xCoord>
<yCoord>246</yCoord>
</edgeMap>
<edgeMap>
<xCoord>115</xCoord>
<yCoord>246</yCoord>
</edgeMap>
<edgeMap>
<xCoord>114</xCoord>
<yCoord>246</yCoord>
</edgeMap>
<edgeMap>
<xCoord>113</xCoord>
<yCoord>246</yCoord>
</edgeMap>
<edgeMap>
<xCoord>112</xCoord>
<yCoord>247</yCoord>
</edgeMap>
<edgeMap>
<xCoord>112</xCoord>
<yCoord>248</yCoord>
</edgeMap>
<edgeMap>
<xCoord>112</xCoord>
<yCoord>249</yCoord>
</edgeMap>
<edgeMap>
<xCoord>113</xCoord>
<yCoord>250</yCoord>
</edgeMap>
<edgeMap>
<xCoord>114</xCoord>
<yCoord>251</yCoord>
</edgeMap>
<edgeMap>
<xCoord>115</xCoord>
<yCoord>251</yCoord>
</edgeMap>
<edgeMap>
<xCoord>116</xCoord>
<yCoord>251</yCoord>
</edgeMap>
</roi>
</unblindedReadNodule>
<unblindedReadNodule>
<noduleID>174029</noduleID>
<roi>
<imageZposition>-32.0</imageZposition>
<imageSOP_UID>1.3.6.1.4.1.14519.5.2.1.6279.6001.158464189016118663180871745202</imageSOP_UID>
<inclusion>TRUE</inclusion>
<edgeMap>
<xCoord>170</xCoord>
<yCoord>305</yCoord>
</edgeMap>
</roi>
</unblindedReadNodule>
<unblindedReadNodule>
<noduleID>174641</noduleID>
<characteristics>
<subtlety>4</subtlety>
<internalStructure>1</internalStructure>
<calcification>3</calcification>
<sphericity>4</sphericity>
<margin>5</margin>
<lobulation>1</lobulation>
<spiculation>4</spiculation>
<texture>5</texture>
<malignancy>1</malignancy>
</characteristics>
<roi>
<imageZposition>-109.5</imageZposition>
<imageSOP_UID>1.3.6.1.4.1.14519.5.2.1.6279.6001.593889783261023854987918963688</imageSOP_UID>
<inclusion>TRUE</inclusion>
<edgeMap>
<xCoord>367</xCoord>
<yCoord>291</yCoord>
</edgeMap>
<edgeMap>
<xCoord>367</xCoord>
<yCoord>290</yCoord>
</edgeMap>
<edgeMap>
<xCoord>368</xCoord>
<yCoord>289</yCoord>
</edgeMap>
<edgeMap>
<xCoord>368</xCoord>
<yCoord>288</yCoord>
</edgeMap>
<edgeMap>
<xCoord>369</xCoord>
<yCoord>287</yCoord>
</edgeMap>
<edgeMap>
<xCoord>369</xCoord>
<yCoord>286</yCoord>
</edgeMap>
<edgeMap>
<xCoord>369</xCoord>
<yCoord>285</yCoord>
</edgeMap>
<edgeMap>
<xCoord>368</xCoord>
<yCoord>284</yCoord>
</edgeMap>
<edgeMap>
<xCoord>367</xCoord>
<yCoord>284</yCoord>
</edgeMap>
<edgeMap>
<xCoord>366</xCoord>
<yCoord>284</yCoord>
</edgeMap>
<edgeMap>
<xCoord>365</xCoord>
<yCoord>284</yCoord>
</edgeMap>
<edgeMap>
<xCoord>364</xCoord>
<yCoord>284</yCoord>
</edgeMap>
<edgeMap>
<xCoord>363</xCoord>
<yCoord>285</yCoord>
</edgeMap>
<edgeMap>
<xCoord>362</xCoord>
<yCoord>286</yCoord>
</edgeMap>
<edgeMap>
<xCoord>362</xCoord>
<yCoord>287</yCoord>
</edgeMap>
<edgeMap>
<xCoord>362</xCoord>
<yCoord>288</yCoord>
</edgeMap>
<edgeMap>
<xCoord>363</xCoord>
<yCoord>289</yCoord>
</edgeMap>
<edgeMap>
<xCoord>364</xCoord>
<yCoord>290</yCoord>
</edgeMap>
<edgeMap>
<xCoord>365</xCoord>
<yCoord>291</yCoord>
</edgeMap>
<edgeMap>
<xCoord>366</xCoord>
<yCoord>291</yCoord>
</edgeMap>
<edgeMap>
<xCoord>367</xCoord>
<yCoord>291</yCoord>
</edgeMap>
</roi>
<roi>
<imageZposition>-112.0</imageZposition>
<imageSOP_UID>1.3.6.1.4.1.14519.5.2.1.6279.6001.110230618299738447076727801704</imageSOP_UID>
<inclusion>TRUE</inclusion>
<edgeMap>
<xCoord>365</xCoord>
<yCoord>295</yCoord>
</edgeMap>
<edgeMap>
<xCoord>366</xCoord>
<yCoord>294</yCoord>
</edgeMap>
<edgeMap>
<xCoord>367</xCoord>
<yCoord>294</yCoord>
</edgeMap>
<edgeMap>
<xCoord>368</xCoord>
<yCoord>293</yCoord>
</edgeMap>
<edgeMap>
<xCoord>369</xCoord>
<yCoord>292</yCoord>
</edgeMap>
<edgeMap>
<xCoord>370</xCoord>
<yCoord>291</yCoord>
</edgeMap>
<edgeMap>
<xCoord>370</xCoord>
<yCoord>290</yCoord>
</edgeMap>
<edgeMap>
<xCoord>371</xCoord>
<yCoord>289</yCoord>
</edgeMap>
<edgeMap>
<xCoord>371</xCoord>
<yCoord>288</yCoord>
</edgeMap>
<edgeMap>
<xCoord>371</xCoord>
<yCoord>287</yCoord>
</edgeMap>
<edgeMap>
<xCoord>371</xCoord>
<yCoord>286</yCoord>
</edgeMap>
<edgeMap>
<xCoord>370</xCoord>
<yCoord>285</yCoord>
</edgeMap>
<edgeMap>
<xCoord>369</xCoord>
<yCoord>284</yCoord>
</edgeMap>
<edgeMap>
<xCoord>368</xCoord>
<yCoord>283</yCoord>
</edgeMap>
<edgeMap>
<xCoord>367</xCoord>
<yCoord>282</yCoord>
</edgeMap>
<edgeMap>
<xCoord>366</xCoord>
<yCoord>282</yCoord>
</edgeMap>
<edgeMap>
<xCoord>365</xCoord>
<yCoord>282</yCoord>
</edgeMap>
<edgeMap>
<xCoord>364</xCoord>
<yCoord>282</yCoord>
</edgeMap>
<edgeMap>
<xCoord>363</xCoord>
<yCoord>282</yCoord>
</edgeMap>
<edgeMap>
<xCoord>362</xCoord>
<yCoord>283</yCoord>
</edgeMap>
<edgeMap>
<xCoord>361</xCoord>
<yCoord>284</yCoord>
</edgeMap>
<edgeMap>
<xCoord>361</xCoord>
<yCoord>285</yCoord>
</edgeMap>
<edgeMap>
<xCoord>360</xCoord>
<yCoord>286</yCoord>
</edgeMap>
<edgeMap>
<xCoord>360</xCoord>
<yCoord>287</yCoord>
</edgeMap>
<edgeMap>
<xCoord>360</xCoord>
<yCoord>288</yCoord>
</edgeMap>
<edgeMap>
<xCoord>360</xCoord>
<yCoord>289</yCoord>
</edgeMap>
<edgeMap>
<xCoord>360</xCoord>
<yCoord>290</yCoord>
</edgeMap>
<edgeMap>
<xCoord>360</xCoord>
<yCoord>291</yCoord>
</edgeMap>
<edgeMap>
<xCoord>361</xCoord>
<yCoord>292</yCoord>
</edgeMap>
<edgeMap>
<xCoord>361</xCoord>
<yCoord>293</yCoord>
</edgeMap>
<edgeMap>
<xCoord>362</xCoord>
<yCoord>294</yCoord>
</edgeMap>
<edgeMap>
<xCoord>363</xCoord>
<yCoord>295</yCoord>
</edgeMap>
<edgeMap>
<xCoord>364</xCoord>
<yCoord>295</yCoord>
</edgeMap>
<edgeMap>
<xCoord>365</xCoord>
<yCoord>295</yCoord>
</edgeMap>
</roi>
<roi>
<imageZposition>-114.5</imageZposition>
<imageSOP_UID>1.3.6.1.4.1.14519.5.2.1.6279.6001.287829595859029655158640799491</imageSOP_UID>
<inclusion>TRUE</inclusion>
<edgeMap>
<xCoord>367</xCoord>
<yCoord>294</yCoord>
</edgeMap>
<edgeMap>
<xCoord>368</xCoord>
<yCoord>293</yCoord>
</edgeMap>
<edgeMap>
<xCoord>369</xCoord>
<yCoord>292</yCoord>
</edgeMap>
<edgeMap>
<xCoord>370</xCoord>
<yCoord>291</yCoord>
</edgeMap>
<edgeMap>
<xCoord>371</xCoord>
<yCoord>290</yCoord>
</edgeMap>
<edgeMap>
<xCoord>371</xCoord>
<yCoord>289</yCoord>
</edgeMap>
<edgeMap>
<xCoord>371</xCoord>
<yCoord>288</yCoord>
</edgeMap>
<edgeMap>
<xCoord>371</xCoord>
<yCoord>287</yCoord>
</edgeMap>
<edgeMap>
<xCoord>370</xCoord>
<yCoord>286</yCoord>
</edgeMap>
<edgeMap>
<xCoord>370</xCoord>
<yCoord>285</yCoord>
</edgeMap>
<edgeMap>
<xCoord>369</xCoord>
<yCoord>284</yCoord>
</edgeMap>
<edgeMap>
<xCoord>368</xCoord>
<yCoord>283</yCoord>
</edgeMap>
<edgeMap>
<xCoord>367</xCoord>
<yCoord>282</yCoord>
</edgeMap>
<edgeMap>
<xCoord>366</xCoord>
<yCoord>282</yCoord>
</edgeMap>
<edgeMap>
<xCoord>365</xCoord>
<yCoord>282</yCoord>
</edgeMap>
<edgeMap>
<xCoord>364</xCoord>
<yCoord>282</yCoord>
</edgeMap>
<edgeMap>
<xCoord>363</xCoord>
<yCoord>282</yCoord>
</edgeMap>
<edgeMap>
<xCoord>362</xCoord>
<yCoord>283</yCoord>
</edgeMap>
<edgeMap>
<xCoord>361</xCoord>
<yCoord>284</yCoord>
</edgeMap>
<edgeMap>
<xCoord>361</xCoord>
<yCoord>285</yCoord>
</edgeMap>
<edgeMap>
<xCoord>360</xCoord>
<yCoord>286</yCoord>
</edgeMap>
<edgeMap>
<xCoord>360</xCoord>
<yCoord>287</yCoord>
</edgeMap>
<edgeMap>
<xCoord>360</xCoord>
<yCoord>288</yCoord>
</edgeMap>
<edgeMap>
<xCoord>360</xCoord>
<yCoord>289</yCoord>
</edgeMap>
<edgeMap>
<xCoord>360</xCoord>
<yCoord>290</yCoord>
</edgeMap>
<edgeMap>
<xCoord>360</xCoord>
<yCoord>291</yCoord>
</edgeMap>
<edgeMap>
<xCoord>361</xCoord>
<yCoord>292</yCoord>
</edgeMap>
<edgeMap>
<xCoord>362</xCoord>
<yCoord>293</yCoord>
</edgeMap>
<edgeMap>
<xCoord>363</xCoord>
<yCoord>294</yCoord>
</edgeMap>
<edgeMap>
<xCoord>364</xCoord>
<yCoord>294</yCoord>
</edgeMap>
<edgeMap>
<xCoord>365</xCoord>
<yCoord>294</yCoord>
</edgeMap>
<edgeMap>
<xCoord>366</xCoord>
<yCoord>294</yCoord>
</edgeMap>
<edgeMap>
<xCoord>367</xCoord>
<yCoord>294</yCoord>
</edgeMap>
</roi>
<roi>
<imageZposition>-117.0</imageZposition>
<imageSOP_UID>1.3.6.1.4.1.14519.5.2.1.6279.6001.845489147907160019079845868298</imageSOP_UID>
<inclusion>TRUE</inclusion>
<edgeMap>
<xCoord>368</xCoord>
<yCoord>292</yCoord>
</edgeMap>
<edgeMap>
<xCoord>369</xCoord>
<yCoord>291</yCoord>
</edgeMap>
<edgeMap>
<xCoord>370</xCoord>
<yCoord>290</yCoord>
</edgeMap>
<edgeMap>
<xCoord>370</xCoord>
<yCoord>289</yCoord>
</edgeMap>
<edgeMap>
<xCoord>370</xCoord>
<yCoord>288</yCoord>
</edgeMap>
<edgeMap>
<xCoord>370</xCoord>
<yCoord>287</yCoord>
</edgeMap>
<edgeMap>
<xCoord>370</xCoord>
<yCoord>286</yCoord>
</edgeMap>
<edgeMap>
<xCoord>369</xCoord>
<yCoord>285</yCoord>
</edgeMap>
<edgeMap>
<xCoord>368</xCoord>
<yCoord>284</yCoord>
</edgeMap>
<edgeMap>
<xCoord>367</xCoord>
<yCoord>284</yCoord>
</edgeMap>
<edgeMap>
<xCoord>366</xCoord>
<yCoord>284</yCoord>
</edgeMap>
<edgeMap>
<xCoord>365</xCoord>
<yCoord>284</yCoord>
</edgeMap>
<edgeMap>
<xCoord>364</xCoord>
<yCoord>285</yCoord>
</edgeMap>
<edgeMap>
<xCoord>363</xCoord>
<yCoord>286</yCoord>
</edgeMap>
<edgeMap>
<xCoord>363</xCoord>
<yCoord>287</yCoord>
</edgeMap>
<edgeMap>
<xCoord>363</xCoord>
<yCoord>288</yCoord>
</edgeMap>
<edgeMap>
<xCoord>363</xCoord>
<yCoord>289</yCoord>
</edgeMap>
<edgeMap>
<xCoord>363</xCoord>
<yCoord>290</yCoord>
</edgeMap>
<edgeMap>
<xCoord>363</xCoord>
<yCoord>291</yCoord>
</edgeMap>
<edgeMap>
<xCoord>364</xCoord>
<yCoord>292</yCoord>
</edgeMap>
<edgeMap>
<xCoord>365</xCoord>
<yCoord>292</yCoord>
</edgeMap>
<edgeMap>
<xCoord>366</xCoord>
<yCoord>292</yCoord>
</edgeMap>
<edgeMap>
<xCoord>367</xCoord>
<yCoord>292</yCoord>
</edgeMap>
<edgeMap>
<xCoord>368</xCoord>
<yCoord>292</yCoord>
</edgeMap>
</roi>
</unblindedReadNodule>
<unblindedReadNodule>
<noduleID>174642</noduleID>
<characteristics>
<subtlety>4</subtlety>
<internalStructure>1</internalStructure>
<calcification>6</calcification>
<sphericity>4</sphericity>
<margin>3</margin>
<lobulation>2</lobulation>
<spiculation>2</spiculation>
<texture>5</texture>
<malignancy>3</malignancy>
</characteristics>
<roi>
<imageZposition>-129.5</imageZposition>
<imageSOP_UID>1.3.6.1.4.1.14519.5.2.1.6279.6001.282130864792953963685163777574</imageSOP_UID>
<inclusion>TRUE</inclusion>
<edgeMap>
<xCoord>182</xCoord>
<yCoord>181</yCoord>
</edgeMap>
<edgeMap>
<xCoord>183</xCoord>
<yCoord>180</yCoord>
</edgeMap>
<edgeMap>
<xCoord>183</xCoord>
<yCoord>179</yCoord>
</edgeMap>
<edgeMap>
<xCoord>183</xCoord>
<yCoord>178</yCoord>
</edgeMap>
<edgeMap>
<xCoord>183</xCoord>
<yCoord>177</yCoord>
</edgeMap>
<edgeMap>
<xCoord>183</xCoord>
<yCoord>176</yCoord>
</edgeMap>
<edgeMap>
<xCoord>182</xCoord>
<yCoord>175</yCoord>
</edgeMap>
<edgeMap>
<xCoord>181</xCoord>
<yCoord>175</yCoord>
</edgeMap>
<edgeMap>
<xCoord>180</xCoord>
<yCoord>175</yCoord>
</edgeMap>
<edgeMap>
<xCoord>179</xCoord>
<yCoord>175</yCoord>
</edgeMap>
<edgeMap>
<xCoord>178</xCoord>
<yCoord>176</yCoord>
</edgeMap>
<edgeMap>
<xCoord>177</xCoord>
<yCoord>177</yCoord>
</edgeMap>
<edgeMap>
<xCoord>177</xCoord>
<yCoord>178</yCoord>
</edgeMap>
<edgeMap>
<xCoord>177</xCoord>
<yCoord>179</yCoord>
</edgeMap>
<edgeMap>
<xCoord>178</xCoord>
<yCoord>180</yCoord>
</edgeMap>
<edgeMap>
<xCoord>179</xCoord>
<yCoord>181</yCoord>
</edgeMap>
<edgeMap>
<xCoord>180</xCoord>
<yCoord>181</yCoord>
</edgeMap>
<edgeMap>
<xCoord>181</xCoord>
<yCoord>181</yCoord>
</edgeMap>
<edgeMap>
<xCoord>182</xCoord>
<yCoord>181</yCoord>
</edgeMap>
</roi>
</unblindedReadNodule>
<nonNodule>
<nonNoduleID>174031</nonNoduleID>
<imageZposition>-202.0</imageZposition>
<imageSOP_UID>1.3.6.1.4.1.14519.5.2.1.6279.6001.207376965587434390735456495169</imageSOP_UID>
<locus>
<xCoord>432</xCoord>
<yCoord>244</yCoord>
</locus>
</nonNodule>
</readingSession>
	<readingSession>
		<annotationVersion>3.12</annotationVersion>
		<servicingRadiologistID>anon</servicingRadiologistID>
			<unblindedReadNodule>
				<noduleID>0</noduleID>
				<roi>
					<imageZposition>-129.5</imageZposition>
					<imageSOP_UID>1.3.6.1.4.1.14519.5.2.1.6279.6001.282130864792953963685163777574</imageSOP_UID>
					<inclusion>TRUE</inclusion>
					<edgeMap>
					<xCoord>180</xCoord>
					<yCoord>179</yCoord>
					</edgeMap>
				</roi>
			</unblindedReadNodule>
			<unblindedReadNodule>
				<noduleID>1</noduleID>
				<roi>
					<imageZposition>-139.5</imageZposition>
					<imageSOP_UID>1.3.6.1.4.1.14519.5.2.1.6279.6001.256112319704713589295333098796</imageSOP_UID>
					<inclusion>TRUE</inclusion>
					<edgeMap>
					<xCoord>113</xCoord>
					<yCoord>249</yCoord>
					</edgeMap>
				</roi>
			</unblindedReadNodule>
			<unblindedReadNodule>
				<noduleID>2</noduleID>
				<roi>
					<imageZposition>-32.0</imageZposition>
					<imageSOP_UID>1.3.6.1.4.1.14519.5.2.1.6279.6001.158464189016118663180871745202</imageSOP_UID>
					<inclusion>TRUE</inclusion>
					<edgeMap>
					<xCoord>170</xCoord>
					<yCoord>304</yCoord>
					</edgeMap>
				</roi>
			</unblindedReadNodule>
			<unblindedReadNodule>
				<noduleID>3</noduleID>
				<roi>
					<imageZposition>-112.0</imageZposition>
					<imageSOP_UID>1.3.6.1.4.1.14519.5.2.1.6279.6001.110230618299738447076727801704</imageSOP_UID>
					<inclusion>TRUE</inclusion>
					<edgeMap>
					<xCoord>365</xCoord>
					<yCoord>290</yCoord>
					</edgeMap>
				</roi>
			</unblindedReadNodule>
			<unblindedReadNodule>
				<noduleID>4</noduleID>
				<roi>
					<imageZposition>-209.5</imageZposition>
					<imageSOP_UID>1.3.6.1.4.1.14519.5.2.1.6279.6001.311277302576035720394443876785</imageSOP_UID>
					<inclusion>TRUE</inclusion>
					<edgeMap>
					<xCoord>434</xCoord>
					<yCoord>240</yCoord>
					</edgeMap>
				</roi>
			</unblindedReadNodule>
	</readingSession>
  <readingSession>
    <annotationVersion>3.12</annotationVersion>
    <servicingRadiologistID>anon</servicingRadiologistID>
    <unblindedReadNodule>
      <noduleID>172276</noduleID>
      <characteristics>
        <subtlety>3</subtlety>
        <internalStructure>1</internalStructure>
        <calcification>6</calcification>
        <sphericity>5</sphericity>
        <margin>3</margin>
        <lobulation>1</lobulation>
        <spiculation>1</spiculation>
        <texture>5</texture>
        <malignancy>3</malignancy>
      </characteristics>
      <roi>
        <imageZposition>-129.5</imageZposition>
        <imageSOP_UID>1.3.6.1.4.1.14519.5.2.1.6279.6001.282130864792953963685163777574</imageSOP_UID>
        <inclusion>TRUE</inclusion>
        <edgeMap>
          <xCoord>181</xCoord>
          <yCoord>182</yCoord>
        </edgeMap>
        <edgeMap>
          <xCoord>182</xCoord>
          <yCoord>181</yCoord>
        </edgeMap>
        <edgeMap>
          <xCoord>183</xCoord>
          <yCoord>180</yCoord>
        </edgeMap>
        <edgeMap>
          <xCoord>184</xCoord>
          <yCoord>179</yCoord>
        </edgeMap>
        <edgeMap>
          <xCoord>184</xCoord>
          <yCoord>178</yCoord>
        </edgeMap>
        <edgeMap>
          <xCoord>184</xCoord>
          <yCoord>177</yCoord>
        </edgeMap>
        <edgeMap>
          <xCoord>183</xCoord>
          <yCoord>176</yCoord>
        </edgeMap>
        <edgeMap>
          <xCoord>182</xCoord>
          <yCoord>175</yCoord>
        </edgeMap>
        <edgeMap>
          <xCoord>181</xCoord>
          <yCoord>175</yCoord>
        </edgeMap>
        <edgeMap>
          <xCoord>180</xCoord>
          <yCoord>175</yCoord>
        </edgeMap>
        <edgeMap>
          <xCoord>179</xCoord>
          <yCoord>175</yCoord>
        </edgeMap>
        <edgeMap>
          <xCoord>178</xCoord>
          <yCoord>176</yCoord>
        </edgeMap>
        <edgeMap>
          <xCoord>177</xCoord>
          <yCoord>177</yCoord>
        </edgeMap>
        <edgeMap>
          <xCoord>177</xCoord>
          <yCoord>178</yCoord>
        </edgeMap>
        <edgeMap>
          <xCoord>177</xCoord>
          <yCoord>179</yCoord>
        </edgeMap>
        <edgeMap>
          <xCoord>178</xCoord>
          <yCoord>180</yCoord>
        </edgeMap>
        <edgeMap>
          <xCoord>179</xCoord>
          <yCoord>181</yCoord>
        </edgeMap>
        <edgeMap>
          <xCoord>180</xCoord>
          <yCoord>182</yCoord>
        </edgeMap>
        <edgeMap>
          <xCoord>181</xCoord>
          <yCoord>182</yCoord>
        </edgeMap>
      </roi>
    </unblindedReadNodule>
    <unblindedReadNodule>
      <noduleID>172273</noduleID>
      <characteristics>
        <subtlety>3</subtlety>
        <internalStructure>1</internalStructure>
        <calcification>6</calcification>
        <sphericity>5</sphericity>
        <margin>4</margin>
        <lobulation>1</lobulation>
        <spiculation>1</spiculation>
        <texture>5</texture>
        <malignancy>3</malignancy>
      </characteristics>
      <roi>
        <imageZposition>-137.0</imageZposition>
        <imageSOP_UID>1.3.6.1.4.1.14519.5.2.1.6279.6001.278279496602672638955160018752</imageSOP_UID>
        <inclusion>TRUE</inclusion>
        <edgeMap>
          <xCoord>114</xCoord>
          <yCoord>251</yCoord>
        </edgeMap>
        <edgeMap>
          <xCoord>115</xCoord>
          <yCoord>250</yCoord>
        </edgeMap>
        <edgeMap>
          <xCoord>116</xCoord>
          <yCoord>250</yCoord>
        </edgeMap>
        <edgeMap>
          <xCoord>117</xCoord>
          <yCoord>249</yCoord>
        </edgeMap>
        <edgeMap>
          <xCoord>117</xCoord>
          <yCoord>248</yCoord>
        </edgeMap>
        <edgeMap>
          <xCoord>116</xCoord>
          <yCoord>247</yCoord>
        </edgeMap>
        <edgeMap>
          <xCoord>115</xCoord>
          <yCoord>246</yCoord>
        </edgeMap>
        <edgeMap>
          <xCoord>114</xCoord>
          <yCoord>246</yCoord>
        </edgeMap>
        <edgeMap>
          <xCoord>113</xCoord>
          <yCoord>246</yCoord>
        </edgeMap>
        <edgeMap>
          <xCoord>112</xCoord>
          <yCoord>246</yCoord>
        </edgeMap>
        <edgeMap>
          <xCoord>111</xCoord>
          <yCoord>247</yCoord>
        </edgeMap>
        <edgeMap>
          <xCoord>110</xCoord>
          <yCoord>248</yCoord>
        </edgeMap>
        <edgeMap>
          <xCoord>110</xCoord>
          <yCoord>249</yCoord>
        </edgeMap>
        <edgeMap>
          <xCoord>111</xCoord>
          <yCoord>250</yCoord>
        </edgeMap>
        <edgeMap>
          <xCoord>112</xCoord>
          <yCoord>251</yCoord>
        </edgeMap>
        <edgeMap>
          <xCoord>113</xCoord>
          <yCoord>251</yCoord>
        </edgeMap>
        <edgeMap>
          <xCoord>114</xCoord>
          <yCoord>251</yCoord>
        </edgeMap>
      </roi>
      <roi>
        <imageZposition>-139.5</imageZposition>
        <imageSOP_UID>1.3.6.1.4.1.14519.5.2.1.6279.6001.256112319704713589295333098796</imageSOP_UID>
        <inclusion>TRUE</inclusion>
        <edgeMap>
          <xCoord>116</xCoord>
          <yCoord>252</yCoord>
        </edgeMap>
        <edgeMap>
          <xCoord>117</xCoord>
          <yCoord>251</yCoord>
        </edgeMap>
        <edgeMap>
          <xCoord>117</xCoord>
          <yCoord>250</yCoord>
        </edgeMap>
        <edgeMap>
          <xCoord>117</xCoord>
          <yCoord>249</yCoord>
        </edgeMap>
        <edgeMap>
          <xCoord>117</xCoord>
          <yCoord>248</yCoord>
        </edgeMap>
        <edgeMap>
          <xCoord>117</xCoord>
          <yCoord>247</yCoord>
        </edgeMap>
        <edgeMap>
          <xCoord>116</xCoord>
          <yCoord>246</yCoord>
        </edgeMap>
        <edgeMap>
          <xCoord>115</xCoord>
          <yCoord>245</yCoord>
        </edgeMap>
        <edgeMap>
          <xCoord>114</xCoord>
          <yCoord>245</yCoord>
        </edgeMap>
        <edgeMap>
          <xCoord>113</xCoord>
          <yCoord>245</yCoord>
        </edgeMap>
        <edgeMap>
          <xCoord>112</xCoord>
          <yCoord>245</yCoord>
        </edgeMap>
        <edgeMap>
          <xCoord>111</xCoord>
          <yCoord>246</yCoord>
        </edgeMap>
        <edgeMap>
          <xCoord>110</xCoord>
          <yCoord>247</yCoord>
        </edgeMap>
        <edgeMap>
          <xCoord>110</xCoord>
          <yCoord>248</yCoord>
        </edgeMap>
        <edgeMap>
          <xCoord>110</xCoord>
          <yCoord>249</yCoord>
        </edgeMap>
        <edgeMap>
          <xCoord>110</xCoord>
          <yCoord>250</yCoord>
        </edgeMap>
        <edgeMap>
          <xCoord>111</xCoord>
          <yCoord>251</yCoord>
        </edgeMap>
        <edgeMap>
          <xCoord>112</xCoord>
          <yCoord>252</yCoord>
        </edgeMap>
        <edgeMap>
          <xCoord>113</xCoord>
          <yCoord>252</yCoord>
        </edgeMap>
        <edgeMap>
          <xCoord>114</xCoord>
          <yCoord>252</yCoord>
        </edgeMap>
        <edgeMap>
          <xCoord>115</xCoord>
          <yCoord>252</yCoord>
        </edgeMap>
        <edgeMap>
          <xCoord>116</xCoord>
          <yCoord>252</yCoord>
        </edgeMap>
      </roi>
    </unblindedReadNodule>
    <unblindedReadNodule>
      <noduleID>172278</noduleID>
      <roi>
        <imageZposition>-32.0</imageZposition>
        <imageSOP_UID>1.3.6.1.4.1.14519.5.2.1.6279.6001.158464189016118663180871745202</imageSOP_UID>
        <inclusion>TRUE</inclusion>
        <edgeMap>
          <xCoord>170</xCoord>
          <yCoord>305</yCoord>
        </edgeMap>
      </roi>
    </unblindedReadNodule>
    <nonNodule>
      <nonNoduleID>172279</nonNoduleID>
      <imageZposition>-202.0</imageZposition>
      <imageSOP_UID>1.3.6.1.4.1.14519.5.2.1.6279.6001.207376965587434390735456495169</imageSOP_UID>
      <locus>
        <xCoord>434</xCoord>
        <yCoord>245</yCoord>
      </locus>
    </nonNodule>
  </readingSession>
  <readingSession>
    <annotationVersion>3.12</annotationVersion>
    <servicingRadiologistID>anon</servicingRadiologistID>
    <unblindedReadNodule>
      <noduleID>Nodule 001</noduleID>
      <characteristics>
        <subtlety>4</subtlety>
        <internalStructure>1</internalStructure>
        <calcification>6</calcification>
        <sphericity>4</sphericity>
        <margin>5</margin>
        <lobulation>1</lobulation>
        <spiculation>1</spiculation>
        <texture>5</texture>
        <malignancy>3</malignancy>
      </characteristics>
      <roi>
        <imageZposition>-139.500000 </imageZposition>
        <imageSOP_UID>1.3.6.1.4.1.14519.5.2.1.6279.6001.256112319704713589295333098796</imageSOP_UID>
        <inclusion>TRUE</inclusion>
        <edgeMap>
          <xCoord>115</xCoord>
          <yCoord>245</yCoord>
        </edgeMap>
        <edgeMap>
          <xCoord>114</xCoord>
          <yCoord>244</yCoord>
        </edgeMap>
        <edgeMap>
          <xCoord>113</xCoord>
          <yCoord>245</yCoord>
        </edgeMap>
        <edgeMap>
          <xCoord>112</xCoord>
          <yCoord>246</yCoord>
        </edgeMap>
        <edgeMap>
          <xCoord>111</xCoord>
          <yCoord>247</yCoord>
        </edgeMap>
        <edgeMap>
          <xCoord>110</xCoord>
          <yCoord>248</yCoord>
        </edgeMap>
        <edgeMap>
          <xCoord>110</xCoord>
          <yCoord>249</yCoord>
        </edgeMap>
        <edgeMap>
          <xCoord>110</xCoord>
          <yCoord>250</yCoord>
        </edgeMap>
        <edgeMap>
          <xCoord>111</xCoord>
          <yCoord>251</yCoord>
        </edgeMap>
        <edgeMap>
          <xCoord>112</xCoord>
          <yCoord>251</yCoord>
        </edgeMap>
        <edgeMap>
          <xCoord>113</xCoord>
          <yCoord>252</yCoord>
        </edgeMap>
        <edgeMap>
          <xCoord>114</xCoord>
          <yCoord>252</yCoord>
        </edgeMap>
        <edgeMap>
          <xCoord>115</xCoord>
          <yCoord>252</yCoord>
        </edgeMap>
        <edgeMap>
          <xCoord>116</xCoord>
          <yCoord>252</yCoord>
        </edgeMap>
        <edgeMap>
          <xCoord>117</xCoord>
          <yCoord>252</yCoord>
        </edgeMap>
        <edgeMap>
          <xCoord>118</xCoord>
          <yCoord>251</yCoord>
        </edgeMap>
        <edgeMap>
          <xCoord>117</xCoord>
          <yCoord>250</yCoord>
        </edgeMap>
        <edgeMap>
          <xCoord>117</xCoord>
          <yCoord>249</yCoord>
        </edgeMap>
        <edgeMap>
          <xCoord>116</xCoord>
          <yCoord>248</yCoord>
        </edgeMap>
        <edgeMap>
          <xCoord>116</xCoord>
          <yCoord>247</yCoord>
        </edgeMap>
        <edgeMap>
          <xCoord>115</xCoord>
          <yCoord>246</yCoord>
        </edgeMap>
        <edgeMap>
          <xCoord>115</xCoord>
          <yCoord>245</yCoord>
        </edgeMap>
      </roi>
      <roi>
        <imageZposition>-137.000000 </imageZposition>
        <imageSOP_UID>1.3.6.1.4.1.14519.5.2.1.6279.6001.278279496602672638955160018752</imageSOP_UID>
        <inclusion>TRUE</inclusion>
        <edgeMap>
          <xCoord>114</xCoord>
          <yCoord>245</yCoord>
        </edgeMap>
        <edgeMap>
          <xCoord>113</xCoord>
          <yCoord>246</yCoord>
        </edgeMap>
        <edgeMap>
          <xCoord>112</xCoord>
          <yCoord>246</yCoord>
        </edgeMap>
        <edgeMap>
          <xCoord>111</xCoord>
          <yCoord>247</yCoord>
        </edgeMap>
        <edgeMap>
          <xCoord>110</xCoord>
          <yCoord>248</yCoord>
        </edgeMap>
        <edgeMap>
          <xCoord>110</xCoord>
          <yCoord>249</yCoord>
        </edgeMap>
        <edgeMap>
          <xCoord>111</xCoord>
          <yCoord>250</yCoord>
        </edgeMap>
        <edgeMap>
          <xCoord>112</xCoord>
          <yCoord>251</yCoord>
        </edgeMap>
        <edgeMap>
          <xCoord>113</xCoord>
          <yCoord>251</yCoord>
        </edgeMap>
        <edgeMap>
          <xCoord>114</xCoord>
          <yCoord>251</yCoord>
        </edgeMap>
        <edgeMap>
          <xCoord>115</xCoord>
          <yCoord>250</yCoord>
        </edgeMap>
        <edgeMap>
          <xCoord>116</xCoord>
          <yCoord>249</yCoord>
        </edgeMap>
        <edgeMap>
          <xCoord>116</xCoord>
          <yCoord>248</yCoord>
        </edgeMap>
        <edgeMap>
          <xCoord>117</xCoord>
          <yCoord>247</yCoord>
        </edgeMap>
        <edgeMap>
          <xCoord>116</xCoord>
          <yCoord>246</yCoord>
        </edgeMap>
        <edgeMap>
          <xCoord>115</xCoord>
          <yCoord>246</yCoord>
        </edgeMap>
        <edgeMap>
          <xCoord>114</xCoord>
          <yCoord>245</yCoord>
        </edgeMap>
      </roi>
    </unblindedReadNodule>
    <unblindedReadNodule>
      <noduleID>Nodule 002</noduleID>
      <roi>
        <imageZposition>-32.000000</imageZposition>
        <imageSOP_UID>1.3.6.1.4.1.14519.5.2.1.6279.6001.158464189016118663180871745202</imageSOP_UID>
        <inclusion>TRUE</inclusion>
        <edgeMap>
          <xCoord>169</xCoord>
          <yCoord>304</yCoord>
        </edgeMap>
      </roi>
    </unblindedReadNodule>
    <unblindedReadNodule>
      <noduleID>Nodule 003</noduleID>
      <roi>
        <imageZposition>-129.500000 </imageZposition>
        <imageSOP_UID>1.3.6.1.4.1.14519.5.2.1.6279.6001.282130864792953963685163777574</imageSOP_UID>
        <inclusion>TRUE</inclusion>
        <edgeMap>
          <xCoord>181</xCoord>
          <yCoord>179</yCoord>
        </edgeMap>
      </roi>
    </unblindedReadNodule>
    <nonNodule>
      <nonNoduleID>_Non-nodule 001</nonNoduleID>
      <imageZposition>-202.000000 </imageZposition>
      <imageSOP_UID>1.3.6.1.4.1.14519.5.2.1.6279.6001.207376965587434390735456495169</imageSOP_UID>
      <locus>
        <xCoord>432</xCoord>
        <yCoord>244</yCoord>
      </locus>
    </nonNodule>
  </readingSession>
</LidcReadMessage>