<?xml version="1.0" encoding="UTF-8"?>
<LidcReadMessage uid="1.3.6.1.4.1.14519.5.2.1.6279.6001.1307390646964.0" xmlns="http://www.nih.gov" xmlns:xsi="http://www.w3.org/2001/XMLSchema-instance" xsi:schemaLocation="http://www.nih.gov       http://troll.rad.med.umich.edu/lidc/LidcReadMessage.xsd">
  <ResponseHeader>
    <Version>1.8</Version>
    <MessageId>UM1.3.6.1.4.1.9328.50.12.506439</MessageId>
    <DateRequest>2009-01-27</DateRequest>
    <TimeRequest>00:00:00</TimeRequest>
    <RequestingSite>removed</RequestingSite>
    <ServicingSite>removed</ServicingSite>
    <TaskDescription>Second unblinded read</TaskDescription>
    <CtImageFile>removed</CtImageFile>
    <SeriesInstanceUid>1.3.6.1.4.1.14519.5.2.1.6279.6001.246589849815292078281051154201</SeriesInstanceUid>
    <DateService>2009-01-27</DateService>
    <TimeService>00:00:00</TimeService>
    <ResponseDescription>1 - Reading complete</ResponseDescription>
  <StudyInstanceUID>1.3.6.1.4.1.14519.5.2.1.6279.6001.198021313421875017435046583973</StudyInstanceUID></ResponseHeader>
<readingSession>
<annotationVersion>3.12</annotationVersion>
<servicingRadiologistID>anon</servicingRadiologistID>
<unblindedReadNodule>
<noduleID>174490</noduleID>
<roi>
<imageZposition>-98.5</imageZposition>
<imageSOP_UID>1.3.6.1.4.1.14519.5.2.1.6279.6001.114702161450150384244538600331</imageSOP_UID>
<inclusion>TRUE</inclusion>
<edgeMap>
<xCoord>146</xCoord>
<yCoord>216</yCoord>
</edgeMap>
</roi>
</unblindedReadNodule>
<unblindedReadNodule>
<noduleID>174488</noduleID>
<characteristics>
<subtlety>5</subtlety>
<internalStructure>1</internalStructure>
<calcification>3</calcification>
<sphericity>5</sphericity>
<margin>5</margin>
<lobulation>1</lobulation>
<spiculation>1</spiculation>
<texture>5</texture>
<malignancy>1</malignancy>
</characteristics>
<roi>
<imageZposition>-193.5</imageZposition>
<imageSOP_UID>1.3.6.1.4.1.14519.5.2.1.6279.6001.321238064047175076950801990147</imageSOP_UID>
<inclusion>TRUE</inclusion>
<edgeMap>
<xCoord>132</xCoord>
<yCoord>327</yCoord>
</edgeMap>
<edgeMap>
<xCoord>133</xCoord>
<yCoord>326</yCoord>
</edgeMap>
<edgeMap>
<xCoord>133</xCoord>
<yCoord>325</yCoord>
</edgeMap>
<edgeMap>
<xCoord>134</xCoord>
<yCoord>324</yCoord>
</edgeMap>
<edgeMap>
<xCoord>134</xCoord>
<yCoord>323</yCoord>
</edgeMap>
<edgeMap>
<xCoord>134</xCoord>
<yCoord>322</yCoord>
</edgeMap>
<edgeMap>
<xCoord>133</xCoord>
<yCoord>321</yCoord>
</edgeMap>
<edgeMap>
<xCoord>132</xCoord>
<yCoord>320</yCoord>
</edgeMap>
<edgeMap>
<xCoord>131</xCoord>
<yCoord>320</yCoord>
</edgeMap>
<edgeMap>
<xCoord>130</xCoord>
<yCoord>320</yCoord>
</edgeMap>
<edgeMap>
<xCoord>129</xCoord>
<yCoord>321</yCoord>
</edgeMap>
<edgeMap>
<xCoord>128</xCoord>
<yCoord>322</yCoord>
</edgeMap>
<edgeMap>
<xCoord>127</xCoord>
<yCoord>323</yCoord>
</edgeMap>
<edgeMap>
<xCoord>127</xCoord>
<yCoord>324</yCoord>
</edgeMap>
<edgeMap>
<xCoord>127</xCoord>
<yCoord>325</yCoord>
</edgeMap>
<edgeMap>
<xCoord>128</xCoord>
<yCoord>326</yCoord>
</edgeMap>
<edgeMap>
<xCoord>129</xCoord>
<yCoord>327</yCoord>
</edgeMap>
<edgeMap>
<xCoord>130</xCoord>
<yCoord>327</yCoord>
</edgeMap>
<edgeMap>
<xCoord>131</xCoord>
<yCoord>327</yCoord>
</edgeMap>
<edgeMap>
<xCoord>132</xCoord>
<yCoord>327</yCoord>
</edgeMap>
</roi>
<roi>
<imageZposition>-196.0</imageZposition>
<imageSOP_UID>1.3.6.1.4.1.14519.5.2.1.6279.6001.128650448904404469368942844400</imageSOP_UID>
<inclusion>TRUE</inclusion>
<edgeMap>
<xCoord>131</xCoord>
<yCoord>327</yCoord>
</edgeMap>
<edgeMap>
<xCoord>132</xCoord>
<yCoord>326</yCoord>
</edgeMap>
<edgeMap>
<xCoord>133</xCoord>
<yCoord>325</yCoord>
</edgeMap>
<edgeMap>
<xCoord>133</xCoord>
<yCoord>324</yCoord>
</edgeMap>
<edgeMap>
<xCoord>133</xCoord>
<yCoord>323</yCoord>
</edgeMap>
<edgeMap>
<xCoord>133</xCoord>
<yCoord>322</yCoord>
</edgeMap>
<edgeMap>
<xCoord>132</xCoord>
<yCoord>321</yCoord>
</edgeMap>
<edgeMap>
<xCoord>131</xCoord>
<yCoord>321</yCoord>
</edgeMap>
<edgeMap>
<xCoord>130</xCoord>
<yCoord>321</yCoord>
</edgeMap>
<edgeMap>
<xCoord>129</xCoord>
<yCoord>322</yCoord>
</edgeMap>
<edgeMap>
<xCoord>128</xCoord>
<yCoord>323</yCoord>
</edgeMap>
<edgeMap>
<xCoord>128</xCoord>
<yCoord>324</yCoord>
</edgeMap>
<edgeMap>
<xCoord>128</xCoord>
<yCoord>325</yCoord>
</edgeMap>
<edgeMap>
<xCoord>129</xCoord>
<yCoord>326</yCoord>
</edgeMap>
<edgeMap>
<xCoord>130</xCoord>
<yCoord>327</yCoord>
</edgeMap>
<edgeMap>
<xCoord>131</xCoord>
<yCoord>327</yCoord>
</edgeMap>
</roi>
</unblindedReadNodule>
<nonNodule>
<nonNoduleID>174493</nonNoduleID>
<imageZposition>-173.5</imageZposition>
<imageSOP_UID>1.3.6.1.4.1.14519.5.2.1.6279.6001.162870009750842749147868620556</imageSOP_UID>
<locus>
<xCoord>236</xCoord>
<yCoord>366</yCoord>
</locus>
</nonNodule>
<nonNodule>
<nonNoduleID>174497</nonNoduleID>
<imageZposition>-236.0</imageZposition>
<imageSOP_UID>1.3.6.1.4.1.14519.5.2.1.6279.6001.127577753091823791058131984073</imageSOP_UID>
<locus>
<xCoord>444</xCoord>
<yCoord>322</yCoord>
</locus>
</nonNodule>
</readingSession>
	<readingSession>
		<annotationVersion>3.12</annotationVersion>
		<servicingRadiologistID>anon</servicingRadiologistID>
			<unblindedReadNodule>
				<noduleID>0</noduleID>
				<roi>
					<imageZposition>-98.5</imageZposition>
					<imageSOP_UID>1.3.6.1.4.1.14519.5.2.1.6279.6001.114702161450150384244538600331</imageSOP_UID>
					<inclusion>TRUE</inclusion>
					<edgeMap>
					<xCoord>145</xCoord>
					<yCoord>214</yCoord>
					</edgeMap>
				</roi>
			</unblindedReadNodule>
			<unblindedReadNodule>
				<noduleID>1</noduleID>
				<roi>
					<imageZposition>-193.5</imageZposition>
					<imageSOP_UID>1.3.6.1.4.1.14519.5.2.1.6279.6001.321238064047175076950801990147</imageSOP_UID>
					<inclusion>TRUE</inclusion>
					<edgeMap>
					<xCoord>131</xCoord>
					<yCoord>323</yCoord>
					</edgeMap>
				</roi>
			</unblindedReadNodule>
			<unblindedReadNodule>
				<noduleID>2</noduleID>
				<roi>
					<imageZposition>-173.5</imageZposition>
					<imageSOP_UID>1.3.6.1.4.1.14519.5.2.1.6279.6001.162870009750842749147868620556</imageSOP_UID>
					<inclusion>TRUE</inclusion>
					<edgeMap>
					<xCoord>234</xCoord>
					<yCoord>365</yCoord>
					</edgeMap>
				</roi>
			</unblindedReadNodule>
			<unblindedReadNodule>
				<noduleID>3</noduleID>
				<roi>
					<imageZposition>-21.0</imageZposition>
					<imageSOP_UID>1.3.6.1.4.1.14519.5.2.1.6279.6001.140504467466915146576760659493</imageSOP_UID>
					<inclusion>TRUE</inclusion>
					<edgeMap>
					<xCoord>246</xCoord>
					<yCoord>292</yCoord>
					</edgeMap>
				</roi>
			</unblindedReadNodule>
			<unblindedReadNodule>
				<noduleID>4</noduleID>
				<roi>
					<imageZposition>-73.5</imageZposition>
					<imageSOP_UID>1.3.6.1.4.1.14519.5.2.1.6279.6001.104876288126814690236642168666</imageSOP_UID>
					<inclusion>TRUE</inclusion>
					<edgeMap>
					<xCoord>402</xCoord>
					<yCoord>274</yCoord>
					</edgeMap>
				</roi>
			</unblindedReadNodule>
	</readingSession>
  <readingSession>
    <annotationVersion>3.12</annotationVersion>
    <servicingRadiologistID>anon</servicingRadiologistID>
    <unblindedReadNodule>
      <noduleID>Nodule 001</noduleID>
      <roi>
        <imageZposition>-173.500000 </imageZposition>
        <imageSOP_UID>1.3.6.1.4.1.14519.5.2.1.6279.6001.162870009750842749147868620556</imageSOP_UID>
        <inclusion>TRUE</inclusion>
        <edgeMap>
          <xCoord>234</xCoord>
          <yCoord>366</yCoord>
        </edgeMap>
      </roi>
    </unblindedReadNodule>
    <unblindedReadNodule>
      <noduleID>Nodule 002</noduleID>
      <roi>
        <imageZposition>-21.000000</imageZposition>
        <imageSOP_UID>1.3.6.1.4.1.14519.5.2.1.6279.6001.140504467466915146576760659493</imageSOP_UID>
        <inclusion>TRUE</inclusion>
        <edgeMap>
          <xCoord>245</xCoord>
          <yCoord>293</yCoord>
        </edgeMap>
      </roi>
    </unblindedReadNodule>
    <unblindedReadNodule>
      <noduleID>Nodule 003</noduleID>
      <roi>
        <imageZposition>-73.500000</imageZposition>
        <imageSOP_UID>1.3.6.1.4.1.14519.5.2.1.6279.6001.104876288126814690236642168666</imageSOP_UID>
        <inclusion>TRUE</inclusion>
        <edgeMap>
          <xCoord>402</xCoord>
          <yCoord>273</yCoord>
        </edgeMap>
      </roi>
    </unblindedReadNodule>
    <unblindedReadNodule>
      <noduleID>Nodule 004</noduleID>
      <roi>
        <imageZposition>-98.500000</imageZposition>
        <imageSOP_UID>1.3.6.1.4.1.14519.5.2.1.6279.6001.114702161450150384244538600331</imageSOP_UID>
        <inclusion>TRUE</inclusion>
        <edgeMap>
          <xCoord>144</xCoord>
          <yCoord>214</yCoord>
        </edgeMap>
      </roi>
    </unblindedReadNodule>
    <nonNodule>
      <nonNoduleID>_Non-nodule 001</nonNoduleID>
      <imageZposition>-236.000000 </imageZposition>
      <imageSOP_UID>1.3.6.1.4.1.14519.5.2.1.6279.6001.127577753091823791058131984073</imageSOP_UID>
      <locus>
        <xCoord>444</xCoord>
        <yCoord>322</yCoord>
      </locus>
    </nonNodule>
  </readingSession>
  <readingSession>
    <annotationVersion>3.12</annotationVersion>
    <servicingRadiologistID>anon</servicingRadiologistID>
    <unblindedReadNodule>
      <noduleID>172664</noduleID>
      <roi>
        <imageZposition>-98.5</imageZposition>
        <imageSOP_UID>1.3.6.1.4.1.14519.5.2.1.6279.6001.114702161450150384244538600331</imageSOP_UID>
        <inclusion>TRUE</inclusion>
        <edgeMap>
          <xCoord>145</xCoord>
          <yCoord>214</yCoord>
        </edgeMap>
      </roi>
    </unblindedReadNodule>
    <unblindedReadNodule>
      <noduleID>172670</noduleID>
      <roi>
        <imageZposition>-21.0</imageZposition>
        <imageSOP_UID>1.3.6.1.4.1.14519.5.2.1.6279.6001.140504467466915146576760659493</imageSOP_UID>
        <inclusion>TRUE</inclusion>
        <edgeMap>
          <xCoord>245</xCoord>
          <yCoord>293</yCoord>
        </edgeMap>
      </roi>
    </unblindedReadNodule>
    <unblindedReadNodule>
      <noduleID>186420</noduleID>
      <characteristics>
        <subtlety>4</subtlety>
        <internalStructure>1</internalStructure>
        <calcification>3</calcification>
        <sphericity>5</sphericity>
        <margin>5</margin>
        <lobulation>1</lobulation>
        <spiculation>1</spiculation>
        <texture>5</texture>
        <malignancy>1</malignancy>
      </characteristics>
      <roi>
        <imageZposition>-193.5</imageZposition>
        <imageSOP_UID>1.3.6.1.4.1.14519.5.2.1.6279.6001.321238064047175076950801990147</imageSOP_UID>
        <inclusion>TRUE</inclusion>
        <edgeMap>
          <xCoord>131</xCoord>
          <yCoord>328</yCoord>
        </edgeMap>
        <edgeMap>
          <xCoord>132</xCoord>
          <yCoord>327</yCoord>
        </edgeMap>
        <edgeMap>
          <xCoord>133</xCoord>
          <yCoord>326</yCoord>
        </edgeMap>
        <edgeMap>
          <xCoord>134</xCoord>
          <yCoord>325</yCoord>
        </edgeMap>
        <edgeMap>
          <xCoord>134</xCoord>
          <yCoord>324</yCoord>
        </edgeMap>
        <edgeMap>
          <xCoord>134</xCoord>
          <yCoord>323</yCoord>
        </edgeMap>
        <edgeMap>
          <xCoord>133</xCoord>
          <yCoord>322</yCoord>
        </edgeMap>
        <edgeMap>
          <xCoord>132</xCoord>
          <yCoord>321</yCoord>
        </edgeMap>
        <edgeMap>
          <xCoord>131</xCoord>
          <yCoord>320</yCoord>
        </edgeMap>
        <edgeMap>
          <xCoord>130</xCoord>
          <yCoord>320</yCoord>
        </edgeMap>
        <edgeMap>
          <xCoord>129</xCoord>
          <yCoord>321</yCoord>
        </edgeMap>
        <edgeMap>
          <xCoord>128</xCoord>
          <yCoord>322</yCoord>
        </edgeMap>
        <edgeMap>
          <xCoord>127</xCoord>
          <yCoord>323</yCoord>
        </edgeMap>
        <edgeMap>
          <xCoord>127</xCoord>
          <yCoord>324</yCoord>
        </edgeMap>
        <edgeMap>
          <xCoord>128</xCoord>
          <yCoord>325</yCoord>
        </edgeMap>
        <edgeMap>
          <xCoord>129</xCoord>
          <yCoord>326</yCoord>
        </edgeMap>
        <edgeMap>
          <xCoord>130</xCoord>
          <yCoord>327</yCoord>
        </edgeMap>
        <edgeMap>
          <xCoord>131</xCoord>
          <yCoord>328</yCoord>
        </edgeMap>
      </roi>
    </unblindedReadNodule>
    <nonNodule>
      <nonNoduleID>172668</nonNoduleID>
      <imageZposition>-236.0</imageZposition>
      <imageSOP_UID>1.3.6.1.4.1.14519.5.2.1.6279.6001.127577753091823791058131984073</imageSOP_UID>
      <locus>
        <xCoord>444</xCoord>
        <yCoord>322</yCoord>
      </locus>
    </nonNodule>
  </readingSession>
</LidcReadMessage>