<?xml version="1.0" encoding="UTF-8"?>
<IdriReadMessage uid="1.3.6.1.4.1.14519.5.2.1.6279.6001.1307985404012.0" xmlns="http://www.nih.gov/idri" xmlns:xsi="http://www.w3.org/2001/XMLSchema-instance" xsi:schemaLocation="http://www.nih.gov/idri  http://troll.rad.med.umich.edu/idri/IdriReadMessage.xsd">
  <ResponseHeader>
    <Version>1.4</Version>
    <MessageId>UM1.3.6.1.4.1.9328.50.12.481134</MessageId>
    <DateRequest>2009-03-27</DateRequest>
    <TimeRequest>14:10:09</TimeRequest>
    <RequestingSite>removed</RequestingSite>
    <ServicingSite>removed</ServicingSite>
    <TaskDescription>CXR read</TaskDescription>
    <CTImageFile>removed</CTImageFile>
    <CTSeriesInstanceUid>1.3.6.1.4.1.14519.5.2.1.6279.6001.321935195060268166151738328001</CTSeriesInstanceUid>
    <CXRImageFile>removed</CXRImageFile>
    <CXRSeriesInstanceUid>1.3.6.1.4.1.14519.5.2.1.6279.6001.101619518506864197452353163175</CXRSeriesInstanceUid>
    <Modality>CXR</Modality>
    <DateService>2010-10-10</DateService>
    <TimeService>12:00:00</TimeService>
    <ResponseDescription>1 - Reading complete</ResponseDescription>
    <ResponseComments></ResponseComments>
  <StudyInstanceUID>1.3.6.1.4.1.14519.5.2.1.6279.6001.119499039852906965702323497887</StudyInstanceUID><SeriesInstanceUID>1.3.6.1.4.1.14519.5.2.1.6279.6001.101619518506864197452353163175</SeriesInstanceUID></ResponseHeader>
  <CXRreadingSession>
    <servicingRadiologistID>anonymous</servicingRadiologistID>
    <unblindedRead>
      <noduleID>Nodule 002</noduleID>
      <characteristics>
        <confidence>2</confidence>
        <subtlety>2</subtlety>
        <obscuration>2</obscuration>
        <reason>1</reason>
      </characteristics>
      <roi>
        <imageSOP_UID>1.3.6.1.4.1.14519.5.2.1.6279.6001.164921733081668739485644015389</imageSOP_UID>
        <edgeMap>
          <xCoord>653</xCoord>
          <yCoord>1243</yCoord>
        </edgeMap>
      </roi>
    </unblindedRead>
    <unblindedRead>
      <noduleID>Nodule 003</noduleID>
      <characteristics>
        <confidence>2</confidence>
        <subtlety>1</subtlety>
        <obscuration>3</obscuration>
        <reason>2</reason>
      </characteristics>
      <roi>
        <imageSOP_UID>1.3.6.1.4.1.14519.5.2.1.6279.6001.164921733081668739485644015389</imageSOP_UID>
        <edgeMap>
          <xCoord>1415</xCoord>
          <yCoord>1535</yCoord>
        </edgeMap>
      </roi>
    </unblindedRead>
  </CXRreadingSession>
  <CXRreadingSession>
    <servicingRadiologistID>anonymous</servicingRadiologistID>
    <unblindedRead>
      <noduleID>Nodule 003</noduleID>
      <characteristics>
        <confidence>1</confidence>
      </characteristics>
      <roi>
        <imageSOP_UID>1.3.6.1.4.1.14519.5.2.1.6279.6001.164921733081668739485644015389</imageSOP_UID>
        <edgeMap>
          <xCoord>1284</xCoord>
          <yCoord>1623</yCoord>
        </edgeMap>
      </roi>
    </unblindedRead>
    <unblindedRead>
      <noduleID>Nodule 002</noduleID>
      <characteristics>
        <confidence>1</confidence>
      </characteristics>
      <roi>
        <imageSOP_UID>1.3.6.1.4.1.14519.5.2.1.6279.6001.164921733081668739485644015389</imageSOP_UID>
        <edgeMap>
          <xCoord>737</xCoord>
          <yCoord>1296</yCoord>
        </edgeMap>
      </roi>
    </unblindedRead>
  </CXRreadingSession>
  <CXRreadingSession>
    <servicingRadiologistID>anonymous</servicingRadiologistID>
    <unblindedRead>
      <noduleID>Nodule 002</noduleID>
      <characteristics>
        <confidence>2</confidence>
        <subtlety>1</subtlety>
        <obscuration>2</obscuration>
        <reason>1</reason>
      </characteristics>
      <roi>
        <imageSOP_UID>1.3.6.1.4.1.14519.5.2.1.6279.6001.164921733081668739485644015389</imageSOP_UID>
        <edgeMap>
          <xCoord>684</xCoord>
          <yCoord>1239</yCoord>
        </edgeMap>
      </roi>
    </unblindedRead>
    <unblindedRead>
      <noduleID>Nodule 003</noduleID>
      <characteristics>
        <confidence>3</confidence>
        <subtlety>2</subtlety>
        <obscuration>2</obscuration>
        <reason>2</reason>
      </characteristics>
      <roi>
        <imageSOP_UID>1.3.6.1.4.1.14519.5.2.1.6279.6001.164921733081668739485644015389</imageSOP_UID>
        <edgeMap>
          <xCoord>1411</xCoord>
          <yCoord>1512</yCoord>
        </edgeMap>
      </roi>
    </unblindedRead>
  </CXRreadingSession>
  <CXRreadingSession>
    <servicingRadiologistID>anonymous</servicingRadiologistID>
    <unblindedRead>
      <noduleID>Nodule 002</noduleID>
      <characteristics>
        <confidence>2</confidence>
        <subtlety>3</subtlety>
        <obscuration>1</obscuration>
      </characteristics>
      <roi>
        <imageSOP_UID>1.3.6.1.4.1.14519.5.2.1.6279.6001.164921733081668739485644015389</imageSOP_UID>
        <edgeMap>
          <xCoord>692</xCoord>
          <yCoord>1229</yCoord>
        </edgeMap>
      </roi>
    </unblindedRead>
    <unblindedRead>
      <noduleID>Nodule 003</noduleID>
      <characteristics>
        <confidence>2</confidence>
        <subtlety>2</subtlety>
        <obscuration>2</obscuration>
        <reason>1</reason>
      </characteristics>
      <roi>
        <imageSOP_UID>1.3.6.1.4.1.14519.5.2.1.6279.6001.164921733081668739485644015389</imageSOP_UID>
        <edgeMap>
          <xCoord>1431</xCoord>
          <yCoord>1521</yCoord>
        </edgeMap>
      </roi>
    </unblindedRead>
  </CXRreadingSession>
</IdriReadMessage>