<?xml version="1.0" encoding="UTF-8"?>
<LidcReadMessage uid="1.3.6.1.4.1.14519.5.2.1.6279.6001.1307390645619.0" xmlns="http://www.nih.gov" xmlns:xsi="http://www.w3.org/2001/XMLSchema-instance" xsi:schemaLocation="http://www.nih.gov       http://troll.rad.med.umich.edu/lidc/LidcReadMessage.xsd">
  <ResponseHeader>
    <Version>1.8</Version>
    <MessageId>UM1.3.6.1.4.1.9328.50.12.503658</MessageId>
    <DateRequest>2009-01-27</DateRequest>
    <TimeRequest>00:00:00</TimeRequest>
    <RequestingSite>removed</RequestingSite>
    <ServicingSite>removed</ServicingSite>
    <TaskDescription>Second unblinded read</TaskDescription>
    <CtImageFile>removed</CtImageFile>
    <SeriesInstanceUid>1.3.6.1.4.1.14519.5.2.1.6279.6001.307835307280028057486413359377</SeriesInstanceUid>
    <DateService>2009-01-27</DateService>
    <TimeService>00:00:00</TimeService>
    <ResponseDescription>1 - Reading complete</ResponseDescription>
  <StudyInstanceUID>1.3.6.1.4.1.14519.5.2.1.6279.6001.157894141428308694229687552009</StudyInstanceUID></ResponseHeader>
<readingSession>
<annotationVersion>3.12</annotationVersion>
<servicingRadiologistID>anon</servicingRadiologistID>
<unblindedReadNodule>
<noduleID>174438</noduleID>
<characteristics>
<subtlety>4</subtlety>
<internalStructure>1</internalStructure>
<calcification>6</calcification>
<sphericity>4</sphericity>
<margin>3</margin>
<lobulation>2</lobulation>
<spiculation>3</spiculation>
<texture>5</texture>
<malignancy>3</malignancy>
</characteristics>
<roi>
<imageZposition>-125.5</imageZposition>
<imageSOP_UID>1.3.6.1.4.1.14519.5.2.1.6279.6001.986476726974491478071958981367</imageSOP_UID>
<inclusion>TRUE</inclusion>
<edgeMap>
<xCoord>165</xCoord>
<yCoord>313</yCoord>
</edgeMap>
<edgeMap>
<xCoord>166</xCoord>
<yCoord>312</yCoord>
</edgeMap>
<edgeMap>
<xCoord>167</xCoord>
<yCoord>311</yCoord>
</edgeMap>
<edgeMap>
<xCoord>168</xCoord>
<yCoord>310</yCoord>
</edgeMap>
<edgeMap>
<xCoord>168</xCoord>
<yCoord>309</yCoord>
</edgeMap>
<edgeMap>
<xCoord>168</xCoord>
<yCoord>308</yCoord>
</edgeMap>
<edgeMap>
<xCoord>168</xCoord>
<yCoord>307</yCoord>
</edgeMap>
<edgeMap>
<xCoord>167</xCoord>
<yCoord>306</yCoord>
</edgeMap>
<edgeMap>
<xCoord>167</xCoord>
<yCoord>305</yCoord>
</edgeMap>
<edgeMap>
<xCoord>166</xCoord>
<yCoord>304</yCoord>
</edgeMap>
<edgeMap>
<xCoord>165</xCoord>
<yCoord>304</yCoord>
</edgeMap>
<edgeMap>
<xCoord>164</xCoord>
<yCoord>304</yCoord>
</edgeMap>
<edgeMap>
<xCoord>163</xCoord>
<yCoord>304</yCoord>
</edgeMap>
<edgeMap>
<xCoord>162</xCoord>
<yCoord>305</yCoord>
</edgeMap>
<edgeMap>
<xCoord>161</xCoord>
<yCoord>305</yCoord>
</edgeMap>
<edgeMap>
<xCoord>160</xCoord>
<yCoord>306</yCoord>
</edgeMap>
<edgeMap>
<xCoord>160</xCoord>
<yCoord>307</yCoord>
</edgeMap>
<edgeMap>
<xCoord>159</xCoord>
<yCoord>308</yCoord>
</edgeMap>
<edgeMap>
<xCoord>159</xCoord>
<yCoord>309</yCoord>
</edgeMap>
<edgeMap>
<xCoord>159</xCoord>
<yCoord>310</yCoord>
</edgeMap>
<edgeMap>
<xCoord>160</xCoord>
<yCoord>311</yCoord>
</edgeMap>
<edgeMap>
<xCoord>160</xCoord>
<yCoord>312</yCoord>
</edgeMap>
<edgeMap>
<xCoord>160</xCoord>
<yCoord>313</yCoord>
</edgeMap>
<edgeMap>
<xCoord>161</xCoord>
<yCoord>313</yCoord>
</edgeMap>
<edgeMap>
<xCoord>162</xCoord>
<yCoord>313</yCoord>
</edgeMap>
<edgeMap>
<xCoord>163</xCoord>
<yCoord>313</yCoord>
</edgeMap>
<edgeMap>
<xCoord>164</xCoord>
<yCoord>313</yCoord>
</edgeMap>
<edgeMap>
<xCoord>165</xCoord>
<yCoord>313</yCoord>
</edgeMap>
</roi>
<roi>
<imageZposition>-128.0</imageZposition>
<imageSOP_UID>1.3.6.1.4.1.14519.5.2.1.6279.6001.269344238559592937517534596587</imageSOP_UID>
<inclusion>TRUE</inclusion>
<edgeMap>
<xCoord>166</xCoord>
<yCoord>313</yCoord>
</edgeMap>
<edgeMap>
<xCoord>167</xCoord>
<yCoord>312</yCoord>
</edgeMap>
<edgeMap>
<xCoord>168</xCoord>
<yCoord>311</yCoord>
</edgeMap>
<edgeMap>
<xCoord>169</xCoord>
<yCoord>310</yCoord>
</edgeMap>
<edgeMap>
<xCoord>169</xCoord>
<yCoord>309</yCoord>
</edgeMap>
<edgeMap>
<xCoord>169</xCoord>
<yCoord>308</yCoord>
</edgeMap>
<edgeMap>
<xCoord>169</xCoord>
<yCoord>307</yCoord>
</edgeMap>
<edgeMap>
<xCoord>168</xCoord>
<yCoord>306</yCoord>
</edgeMap>
<edgeMap>
<xCoord>167</xCoord>
<yCoord>305</yCoord>
</edgeMap>
<edgeMap>
<xCoord>166</xCoord>
<yCoord>305</yCoord>
</edgeMap>
<edgeMap>
<xCoord>165</xCoord>
<yCoord>305</yCoord>
</edgeMap>
<edgeMap>
<xCoord>164</xCoord>
<yCoord>305</yCoord>
</edgeMap>
<edgeMap>
<xCoord>163</xCoord>
<yCoord>305</yCoord>
</edgeMap>
<edgeMap>
<xCoord>162</xCoord>
<yCoord>305</yCoord>
</edgeMap>
<edgeMap>
<xCoord>161</xCoord>
<yCoord>306</yCoord>
</edgeMap>
<edgeMap>
<xCoord>160</xCoord>
<yCoord>307</yCoord>
</edgeMap>
<edgeMap>
<xCoord>159</xCoord>
<yCoord>308</yCoord>
</edgeMap>
<edgeMap>
<xCoord>159</xCoord>
<yCoord>309</yCoord>
</edgeMap>
<edgeMap>
<xCoord>159</xCoord>
<yCoord>310</yCoord>
</edgeMap>
<edgeMap>
<xCoord>159</xCoord>
<yCoord>311</yCoord>
</edgeMap>
<edgeMap>
<xCoord>159</xCoord>
<yCoord>312</yCoord>
</edgeMap>
<edgeMap>
<xCoord>160</xCoord>
<yCoord>313</yCoord>
</edgeMap>
<edgeMap>
<xCoord>161</xCoord>
<yCoord>313</yCoord>
</edgeMap>
<edgeMap>
<xCoord>162</xCoord>
<yCoord>313</yCoord>
</edgeMap>
<edgeMap>
<xCoord>163</xCoord>
<yCoord>313</yCoord>
</edgeMap>
<edgeMap>
<xCoord>164</xCoord>
<yCoord>313</yCoord>
</edgeMap>
<edgeMap>
<xCoord>165</xCoord>
<yCoord>313</yCoord>
</edgeMap>
<edgeMap>
<xCoord>166</xCoord>
<yCoord>313</yCoord>
</edgeMap>
</roi>
<roi>
<imageZposition>-130.5</imageZposition>
<imageSOP_UID>1.3.6.1.4.1.14519.5.2.1.6279.6001.207108560123570567219636066174</imageSOP_UID>
<inclusion>TRUE</inclusion>
<edgeMap>
<xCoord>169</xCoord>
<yCoord>312</yCoord>
</edgeMap>
<edgeMap>
<xCoord>170</xCoord>
<yCoord>311</yCoord>
</edgeMap>
<edgeMap>
<xCoord>170</xCoord>
<yCoord>310</yCoord>
</edgeMap>
<edgeMap>
<xCoord>171</xCoord>
<yCoord>309</yCoord>
</edgeMap>
<edgeMap>
<xCoord>171</xCoord>
<yCoord>308</yCoord>
</edgeMap>
<edgeMap>
<xCoord>171</xCoord>
<yCoord>307</yCoord>
</edgeMap>
<edgeMap>
<xCoord>170</xCoord>
<yCoord>306</yCoord>
</edgeMap>
<edgeMap>
<xCoord>169</xCoord>
<yCoord>306</yCoord>
</edgeMap>
<edgeMap>
<xCoord>168</xCoord>
<yCoord>306</yCoord>
</edgeMap>
<edgeMap>
<xCoord>167</xCoord>
<yCoord>306</yCoord>
</edgeMap>
<edgeMap>
<xCoord>166</xCoord>
<yCoord>306</yCoord>
</edgeMap>
<edgeMap>
<xCoord>165</xCoord>
<yCoord>306</yCoord>
</edgeMap>
<edgeMap>
<xCoord>164</xCoord>
<yCoord>306</yCoord>
</edgeMap>
<edgeMap>
<xCoord>163</xCoord>
<yCoord>307</yCoord>
</edgeMap>
<edgeMap>
<xCoord>162</xCoord>
<yCoord>308</yCoord>
</edgeMap>
<edgeMap>
<xCoord>161</xCoord>
<yCoord>309</yCoord>
</edgeMap>
<edgeMap>
<xCoord>161</xCoord>
<yCoord>310</yCoord>
</edgeMap>
<edgeMap>
<xCoord>161</xCoord>
<yCoord>311</yCoord>
</edgeMap>
<edgeMap>
<xCoord>161</xCoord>
<yCoord>312</yCoord>
</edgeMap>
<edgeMap>
<xCoord>162</xCoord>
<yCoord>312</yCoord>
</edgeMap>
<edgeMap>
<xCoord>163</xCoord>
<yCoord>312</yCoord>
</edgeMap>
<edgeMap>
<xCoord>164</xCoord>
<yCoord>312</yCoord>
</edgeMap>
<edgeMap>
<xCoord>165</xCoord>
<yCoord>312</yCoord>
</edgeMap>
<edgeMap>
<xCoord>166</xCoord>
<yCoord>312</yCoord>
</edgeMap>
<edgeMap>
<xCoord>167</xCoord>
<yCoord>312</yCoord>
</edgeMap>
<edgeMap>
<xCoord>168</xCoord>
<yCoord>312</yCoord>
</edgeMap>
<edgeMap>
<xCoord>169</xCoord>
<yCoord>312</yCoord>
</edgeMap>
</roi>
<roi>
<imageZposition>-133.0</imageZposition>
<imageSOP_UID>1.3.6.1.4.1.14519.5.2.1.6279.6001.137098908256362534892260350074</imageSOP_UID>
<inclusion>TRUE</inclusion>
<edgeMap>
<xCoord>174</xCoord>
<yCoord>310</yCoord>
</edgeMap>
<edgeMap>
<xCoord>174</xCoord>
<yCoord>309</yCoord>
</edgeMap>
<edgeMap>
<xCoord>175</xCoord>
<yCoord>308</yCoord>
</edgeMap>
<edgeMap>
<xCoord>175</xCoord>
<yCoord>307</yCoord>
</edgeMap>
<edgeMap>
<xCoord>176</xCoord>
<yCoord>306</yCoord>
</edgeMap>
<edgeMap>
<xCoord>176</xCoord>
<yCoord>305</yCoord>
</edgeMap>
<edgeMap>
<xCoord>175</xCoord>
<yCoord>304</yCoord>
</edgeMap>
<edgeMap>
<xCoord>174</xCoord>
<yCoord>304</yCoord>
</edgeMap>
<edgeMap>
<xCoord>173</xCoord>
<yCoord>304</yCoord>
</edgeMap>
<edgeMap>
<xCoord>172</xCoord>
<yCoord>304</yCoord>
</edgeMap>
<edgeMap>
<xCoord>171</xCoord>
<yCoord>304</yCoord>
</edgeMap>
<edgeMap>
<xCoord>171</xCoord>
<yCoord>305</yCoord>
</edgeMap>
<edgeMap>
<xCoord>170</xCoord>
<yCoord>306</yCoord>
</edgeMap>
<edgeMap>
<xCoord>169</xCoord>
<yCoord>307</yCoord>
</edgeMap>
<edgeMap>
<xCoord>168</xCoord>
<yCoord>307</yCoord>
</edgeMap>
<edgeMap>
<xCoord>167</xCoord>
<yCoord>307</yCoord>
</edgeMap>
<edgeMap>
<xCoord>167</xCoord>
<yCoord>308</yCoord>
</edgeMap>
<edgeMap>
<xCoord>167</xCoord>
<yCoord>309</yCoord>
</edgeMap>
<edgeMap>
<xCoord>168</xCoord>
<yCoord>309</yCoord>
</edgeMap>
<edgeMap>
<xCoord>169</xCoord>
<yCoord>309</yCoord>
</edgeMap>
<edgeMap>
<xCoord>170</xCoord>
<yCoord>310</yCoord>
</edgeMap>
<edgeMap>
<xCoord>171</xCoord>
<yCoord>310</yCoord>
</edgeMap>
<edgeMap>
<xCoord>172</xCoord>
<yCoord>310</yCoord>
</edgeMap>
<edgeMap>
<xCoord>173</xCoord>
<yCoord>310</yCoord>
</edgeMap>
<edgeMap>
<xCoord>174</xCoord>
<yCoord>310</yCoord>
</edgeMap>
</roi>
<roi>
<imageZposition>-135.5</imageZposition>
<imageSOP_UID>1.3.6.1.4.1.14519.5.2.1.6279.6001.255162768568931816779313867621</imageSOP_UID>
<inclusion>TRUE</inclusion>
<edgeMap>
<xCoord>178</xCoord>
<yCoord>308</yCoord>
</edgeMap>
<edgeMap>
<xCoord>179</xCoord>
<yCoord>307</yCoord>
</edgeMap>
<edgeMap>
<xCoord>180</xCoord>
<yCoord>306</yCoord>
</edgeMap>
<edgeMap>
<xCoord>180</xCoord>
<yCoord>305</yCoord>
</edgeMap>
<edgeMap>
<xCoord>179</xCoord>
<yCoord>304</yCoord>
</edgeMap>
<edgeMap>
<xCoord>178</xCoord>
<yCoord>304</yCoord>
</edgeMap>
<edgeMap>
<xCoord>177</xCoord>
<yCoord>304</yCoord>
</edgeMap>
<edgeMap>
<xCoord>176</xCoord>
<yCoord>304</yCoord>
</edgeMap>
<edgeMap>
<xCoord>175</xCoord>
<yCoord>304</yCoord>
</edgeMap>
<edgeMap>
<xCoord>174</xCoord>
<yCoord>305</yCoord>
</edgeMap>
<edgeMap>
<xCoord>173</xCoord>
<yCoord>306</yCoord>
</edgeMap>
<edgeMap>
<xCoord>173</xCoord>
<yCoord>307</yCoord>
</edgeMap>
<edgeMap>
<xCoord>174</xCoord>
<yCoord>308</yCoord>
</edgeMap>
<edgeMap>
<xCoord>175</xCoord>
<yCoord>308</yCoord>
</edgeMap>
<edgeMap>
<xCoord>176</xCoord>
<yCoord>308</yCoord>
</edgeMap>
<edgeMap>
<xCoord>177</xCoord>
<yCoord>308</yCoord>
</edgeMap>
<edgeMap>
<xCoord>178</xCoord>
<yCoord>308</yCoord>
</edgeMap>
</roi>
</unblindedReadNodule>
<nonNodule>
<nonNoduleID>174445</nonNoduleID>
<imageZposition>-180.5</imageZposition>
<imageSOP_UID>1.3.6.1.4.1.14519.5.2.1.6279.6001.337110795639764503194640650642</imageSOP_UID>
<locus>
<xCoord>121</xCoord>
<yCoord>195</yCoord>
</locus>
</nonNodule>
<nonNodule>
<nonNoduleID>174446</nonNoduleID>
<imageZposition>-175.5</imageZposition>
<imageSOP_UID>1.3.6.1.4.1.14519.5.2.1.6279.6001.198211244905316426482849130186</imageSOP_UID>
<locus>
<xCoord>320</xCoord>
<yCoord>365</yCoord>
</locus>
</nonNodule>
<nonNodule>
<nonNoduleID>174447</nonNoduleID>
<imageZposition>-125.5</imageZposition>
<imageSOP_UID>1.3.6.1.4.1.14519.5.2.1.6279.6001.986476726974491478071958981367</imageSOP_UID>
<locus>
<xCoord>142</xCoord>
<yCoord>194</yCoord>
</locus>
</nonNodule>
</readingSession>
	<readingSession>
		<annotationVersion>3.12</annotationVersion>
		<servicingRadiologistID>anon</servicingRadiologistID>
			<unblindedReadNodule>
				<noduleID>0</noduleID>
				<characteristics>
					<subtlety>3</subtlety>
					<internalStructure>1</internalStructure>
					<calcification>6</calcification>
					<sphericity>4</sphericity>
					<margin>3</margin>
					<lobulation>1</lobulation>
					<spiculation>1</spiculation>
					<texture>4</texture>
					<malignancy>2</malignancy>
				</characteristics>
				<roi>
					<imageZposition>-125.5</imageZposition>
					<imageSOP_UID>1.3.6.1.4.1.14519.5.2.1.6279.6001.986476726974491478071958981367</imageSOP_UID>
					<inclusion>TRUE</inclusion>
					<edgeMap>
					<xCoord>158</xCoord>
					<yCoord>310</yCoord>
					</edgeMap>
					<edgeMap>
					<xCoord>158</xCoord>
					<yCoord>309</yCoord>
					</edgeMap>
					<edgeMap>
					<xCoord>158</xCoord>
					<yCoord>308</yCoord>
					</edgeMap>
					<edgeMap>
					<xCoord>158</xCoord>
					<yCoord>307</yCoord>
					</edgeMap>
					<edgeMap>
					<xCoord>159</xCoord>
					<yCoord>307</yCoord>
					</edgeMap>
					<edgeMap>
					<xCoord>160</xCoord>
					<yCoord>306</yCoord>
					</edgeMap>
					<edgeMap>
					<xCoord>161</xCoord>
					<yCoord>306</yCoord>
					</edgeMap>
					<edgeMap>
					<xCoord>162</xCoord>
					<yCoord>305</yCoord>
					</edgeMap>
					<edgeMap>
					<xCoord>163</xCoord>
					<yCoord>305</yCoord>
					</edgeMap>
					<edgeMap>
					<xCoord>164</xCoord>
					<yCoord>304</yCoord>
					</edgeMap>
					<edgeMap>
					<xCoord>165</xCoord>
					<yCoord>303</yCoord>
					</edgeMap>
					<edgeMap>
					<xCoord>166</xCoord>
					<yCoord>304</yCoord>
					</edgeMap>
					<edgeMap>
					<xCoord>166</xCoord>
					<yCoord>305</yCoord>
					</edgeMap>
					<edgeMap>
					<xCoord>167</xCoord>
					<yCoord>306</yCoord>
					</edgeMap>
					<edgeMap>
					<xCoord>167</xCoord>
					<yCoord>307</yCoord>
					</edgeMap>
					<edgeMap>
					<xCoord>167</xCoord>
					<yCoord>308</yCoord>
					</edgeMap>
					<edgeMap>
					<xCoord>167</xCoord>
					<yCoord>309</yCoord>
					</edgeMap>
					<edgeMap>
					<xCoord>167</xCoord>
					<yCoord>310</yCoord>
					</edgeMap>
					<edgeMap>
					<xCoord>166</xCoord>
					<yCoord>311</yCoord>
					</edgeMap>
					<edgeMap>
					<xCoord>165</xCoord>
					<yCoord>312</yCoord>
					</edgeMap>
					<edgeMap>
					<xCoord>164</xCoord>
					<yCoord>313</yCoord>
					</edgeMap>
					<edgeMap>
					<xCoord>163</xCoord>
					<yCoord>313</yCoord>
					</edgeMap>
					<edgeMap>
					<xCoord>162</xCoord>
					<yCoord>313</yCoord>
					</edgeMap>
					<edgeMap>
					<xCoord>161</xCoord>
					<yCoord>313</yCoord>
					</edgeMap>
					<edgeMap>
					<xCoord>160</xCoord>
					<yCoord>312</yCoord>
					</edgeMap>
					<edgeMap>
					<xCoord>159</xCoord>
					<yCoord>311</yCoord>
					</edgeMap>
					<edgeMap>
					<xCoord>158</xCoord>
					<yCoord>310</yCoord>
					</edgeMap>
				</roi>
				<roi>
					<imageZposition>-128.0</imageZposition>
					<imageSOP_UID>1.3.6.1.4.1.14519.5.2.1.6279.6001.269344238559592937517534596587</imageSOP_UID>
					<inclusion>TRUE</inclusion>
					<edgeMap>
					<xCoord>159</xCoord>
					<yCoord>312</yCoord>
					</edgeMap>
					<edgeMap>
					<xCoord>159</xCoord>
					<yCoord>311</yCoord>
					</edgeMap>
					<edgeMap>
					<xCoord>159</xCoord>
					<yCoord>310</yCoord>
					</edgeMap>
					<edgeMap>
					<xCoord>159</xCoord>
					<yCoord>309</yCoord>
					</edgeMap>
					<edgeMap>
					<xCoord>159</xCoord>
					<yCoord>308</yCoord>
					</edgeMap>
					<edgeMap>
					<xCoord>159</xCoord>
					<yCoord>307</yCoord>
					</edgeMap>
					<edgeMap>
					<xCoord>159</xCoord>
					<yCoord>306</yCoord>
					</edgeMap>
					<edgeMap>
					<xCoord>160</xCoord>
					<yCoord>306</yCoord>
					</edgeMap>
					<edgeMap>
					<xCoord>160</xCoord>
					<yCoord>305</yCoord>
					</edgeMap>
					<edgeMap>
					<xCoord>161</xCoord>
					<yCoord>305</yCoord>
					</edgeMap>
					<edgeMap>
					<xCoord>162</xCoord>
					<yCoord>305</yCoord>
					</edgeMap>
					<edgeMap>
					<xCoord>163</xCoord>
					<yCoord>305</yCoord>
					</edgeMap>
					<edgeMap>
					<xCoord>164</xCoord>
					<yCoord>305</yCoord>
					</edgeMap>
					<edgeMap>
					<xCoord>165</xCoord>
					<yCoord>305</yCoord>
					</edgeMap>
					<edgeMap>
					<xCoord>166</xCoord>
					<yCoord>305</yCoord>
					</edgeMap>
					<edgeMap>
					<xCoord>167</xCoord>
					<yCoord>306</yCoord>
					</edgeMap>
					<edgeMap>
					<xCoord>168</xCoord>
					<yCoord>306</yCoord>
					</edgeMap>
					<edgeMap>
					<xCoord>169</xCoord>
					<yCoord>306</yCoord>
					</edgeMap>
					<edgeMap>
					<xCoord>169</xCoord>
					<yCoord>307</yCoord>
					</edgeMap>
					<edgeMap>
					<xCoord>169</xCoord>
					<yCoord>308</yCoord>
					</edgeMap>
					<edgeMap>
					<xCoord>169</xCoord>
					<yCoord>309</yCoord>
					</edgeMap>
					<edgeMap>
					<xCoord>169</xCoord>
					<yCoord>310</yCoord>
					</edgeMap>
					<edgeMap>
					<xCoord>168</xCoord>
					<yCoord>310</yCoord>
					</edgeMap>
					<edgeMap>
					<xCoord>167</xCoord>
					<yCoord>311</yCoord>
					</edgeMap>
					<edgeMap>
					<xCoord>166</xCoord>
					<yCoord>311</yCoord>
					</edgeMap>
					<edgeMap>
					<xCoord>165</xCoord>
					<yCoord>311</yCoord>
					</edgeMap>
					<edgeMap>
					<xCoord>164</xCoord>
					<yCoord>312</yCoord>
					</edgeMap>
					<edgeMap>
					<xCoord>163</xCoord>
					<yCoord>312</yCoord>
					</edgeMap>
					<edgeMap>
					<xCoord>162</xCoord>
					<yCoord>313</yCoord>
					</edgeMap>
					<edgeMap>
					<xCoord>161</xCoord>
					<yCoord>313</yCoord>
					</edgeMap>
					<edgeMap>
					<xCoord>160</xCoord>
					<yCoord>313</yCoord>
					</edgeMap>
					<edgeMap>
					<xCoord>159</xCoord>
					<yCoord>312</yCoord>
					</edgeMap>
				</roi>
				<roi>
					<imageZposition>-130.5</imageZposition>
					<imageSOP_UID>1.3.6.1.4.1.14519.5.2.1.6279.6001.207108560123570567219636066174</imageSOP_UID>
					<inclusion>TRUE</inclusion>
					<edgeMap>
					<xCoord>159</xCoord>
					<yCoord>311</yCoord>
					</edgeMap>
					<edgeMap>
					<xCoord>159</xCoord>
					<yCoord>310</yCoord>
					</edgeMap>
					<edgeMap>
					<xCoord>160</xCoord>
					<yCoord>309</yCoord>
					</edgeMap>
					<edgeMap>
					<xCoord>160</xCoord>
					<yCoord>308</yCoord>
					</edgeMap>
					<edgeMap>
					<xCoord>161</xCoord>
					<yCoord>308</yCoord>
					</edgeMap>
					<edgeMap>
					<xCoord>162</xCoord>
					<yCoord>308</yCoord>
					</edgeMap>
					<edgeMap>
					<xCoord>162</xCoord>
					<yCoord>307</yCoord>
					</edgeMap>
					<edgeMap>
					<xCoord>163</xCoord>
					<yCoord>307</yCoord>
					</edgeMap>
					<edgeMap>
					<xCoord>164</xCoord>
					<yCoord>307</yCoord>
					</edgeMap>
					<edgeMap>
					<xCoord>165</xCoord>
					<yCoord>307</yCoord>
					</edgeMap>
					<edgeMap>
					<xCoord>166</xCoord>
					<yCoord>307</yCoord>
					</edgeMap>
					<edgeMap>
					<xCoord>167</xCoord>
					<yCoord>306</yCoord>
					</edgeMap>
					<edgeMap>
					<xCoord>168</xCoord>
					<yCoord>306</yCoord>
					</edgeMap>
					<edgeMap>
					<xCoord>169</xCoord>
					<yCoord>306</yCoord>
					</edgeMap>
					<edgeMap>
					<xCoord>170</xCoord>
					<yCoord>307</yCoord>
					</edgeMap>
					<edgeMap>
					<xCoord>171</xCoord>
					<yCoord>307</yCoord>
					</edgeMap>
					<edgeMap>
					<xCoord>171</xCoord>
					<yCoord>308</yCoord>
					</edgeMap>
					<edgeMap>
					<xCoord>171</xCoord>
					<yCoord>309</yCoord>
					</edgeMap>
					<edgeMap>
					<xCoord>171</xCoord>
					<yCoord>310</yCoord>
					</edgeMap>
					<edgeMap>
					<xCoord>170</xCoord>
					<yCoord>310</yCoord>
					</edgeMap>
					<edgeMap>
					<xCoord>169</xCoord>
					<yCoord>311</yCoord>
					</edgeMap>
					<edgeMap>
					<xCoord>168</xCoord>
					<yCoord>311</yCoord>
					</edgeMap>
					<edgeMap>
					<xCoord>167</xCoord>
					<yCoord>312</yCoord>
					</edgeMap>
					<edgeMap>
					<xCoord>166</xCoord>
					<yCoord>312</yCoord>
					</edgeMap>
					<edgeMap>
					<xCoord>165</xCoord>
					<yCoord>312</yCoord>
					</edgeMap>
					<edgeMap>
					<xCoord>164</xCoord>
					<yCoord>312</yCoord>
					</edgeMap>
					<edgeMap>
					<xCoord>163</xCoord>
					<yCoord>312</yCoord>
					</edgeMap>
					<edgeMap>
					<xCoord>162</xCoord>
					<yCoord>312</yCoord>
					</edgeMap>
					<edgeMap>
					<xCoord>161</xCoord>
					<yCoord>312</yCoord>
					</edgeMap>
					<edgeMap>
					<xCoord>160</xCoord>
					<yCoord>312</yCoord>
					</edgeMap>
					<edgeMap>
					<xCoord>159</xCoord>
					<yCoord>311</yCoord>
					</edgeMap>
				</roi>
			</unblindedReadNodule>
			<nonNodule>
				<nonNoduleID>1</nonNoduleID>
				<imageZposition>-170.5</imageZposition>
				<imageSOP_UID>1.3.6.1.4.1.14519.5.2.1.6279.6001.308174959239244631199481341723</imageSOP_UID>
				<locus>
					<xCoord>316</xCoord>
					<yCoord>369</yCoord>
				</locus>
			</nonNodule>
	</readingSession>
  <readingSession>
    <annotationVersion>3.12</annotationVersion>
    <servicingRadiologistID>anon</servicingRadiologistID>
    <unblindedReadNodule>
      <noduleID>Nodule 001</noduleID>
      <characteristics>
        <subtlety>4</subtlety>
        <internalStructure>1</internalStructure>
        <calcification>6</calcification>
        <sphericity>3</sphericity>
        <margin>4</margin>
        <lobulation>1</lobulation>
        <spiculation>1</spiculation>
        <texture>3</texture>
        <malignancy>4</malignancy>
      </characteristics>
      <roi>
        <imageZposition>-128.000</imageZposition>
        <imageSOP_UID>1.3.6.1.4.1.14519.5.2.1.6279.6001.269344238559592937517534596587</imageSOP_UID>
        <inclusion>TRUE</inclusion>
        <edgeMap>
          <xCoord>160</xCoord>
          <yCoord>306</yCoord>
        </edgeMap>
        <edgeMap>
          <xCoord>159</xCoord>
          <yCoord>307</yCoord>
        </edgeMap>
        <edgeMap>
          <xCoord>159</xCoord>
          <yCoord>308</yCoord>
        </edgeMap>
        <edgeMap>
          <xCoord>159</xCoord>
          <yCoord>309</yCoord>
        </edgeMap>
        <edgeMap>
          <xCoord>159</xCoord>
          <yCoord>310</yCoord>
        </edgeMap>
        <edgeMap>
          <xCoord>159</xCoord>
          <yCoord>311</yCoord>
        </edgeMap>
        <edgeMap>
          <xCoord>160</xCoord>
          <yCoord>312</yCoord>
        </edgeMap>
        <edgeMap>
          <xCoord>161</xCoord>
          <yCoord>313</yCoord>
        </edgeMap>
        <edgeMap>
          <xCoord>162</xCoord>
          <yCoord>313</yCoord>
        </edgeMap>
        <edgeMap>
          <xCoord>163</xCoord>
          <yCoord>313</yCoord>
        </edgeMap>
        <edgeMap>
          <xCoord>164</xCoord>
          <yCoord>312</yCoord>
        </edgeMap>
        <edgeMap>
          <xCoord>165</xCoord>
          <yCoord>311</yCoord>
        </edgeMap>
        <edgeMap>
          <xCoord>166</xCoord>
          <yCoord>311</yCoord>
        </edgeMap>
        <edgeMap>
          <xCoord>167</xCoord>
          <yCoord>311</yCoord>
        </edgeMap>
        <edgeMap>
          <xCoord>168</xCoord>
          <yCoord>310</yCoord>
        </edgeMap>
        <edgeMap>
          <xCoord>168</xCoord>
          <yCoord>309</yCoord>
        </edgeMap>
        <edgeMap>
          <xCoord>167</xCoord>
          <yCoord>308</yCoord>
        </edgeMap>
        <edgeMap>
          <xCoord>167</xCoord>
          <yCoord>307</yCoord>
        </edgeMap>
        <edgeMap>
          <xCoord>166</xCoord>
          <yCoord>306</yCoord>
        </edgeMap>
        <edgeMap>
          <xCoord>165</xCoord>
          <yCoord>306</yCoord>
        </edgeMap>
        <edgeMap>
          <xCoord>164</xCoord>
          <yCoord>306</yCoord>
        </edgeMap>
        <edgeMap>
          <xCoord>163</xCoord>
          <yCoord>306</yCoord>
        </edgeMap>
        <edgeMap>
          <xCoord>162</xCoord>
          <yCoord>306</yCoord>
        </edgeMap>
        <edgeMap>
          <xCoord>161</xCoord>
          <yCoord>306</yCoord>
        </edgeMap>
        <edgeMap>
          <xCoord>160</xCoord>
          <yCoord>306</yCoord>
        </edgeMap>
      </roi>
      <roi>
        <imageZposition>-125.500</imageZposition>
        <imageSOP_UID>1.3.6.1.4.1.14519.5.2.1.6279.6001.986476726974491478071958981367</imageSOP_UID>
        <inclusion>TRUE</inclusion>
        <edgeMap>
          <xCoord>163</xCoord>
          <yCoord>304</yCoord>
        </edgeMap>
        <edgeMap>
          <xCoord>162</xCoord>
          <yCoord>305</yCoord>
        </edgeMap>
        <edgeMap>
          <xCoord>161</xCoord>
          <yCoord>305</yCoord>
        </edgeMap>
        <edgeMap>
          <xCoord>160</xCoord>
          <yCoord>306</yCoord>
        </edgeMap>
        <edgeMap>
          <xCoord>159</xCoord>
          <yCoord>307</yCoord>
        </edgeMap>
        <edgeMap>
          <xCoord>159</xCoord>
          <yCoord>308</yCoord>
        </edgeMap>
        <edgeMap>
          <xCoord>159</xCoord>
          <yCoord>309</yCoord>
        </edgeMap>
        <edgeMap>
          <xCoord>159</xCoord>
          <yCoord>310</yCoord>
        </edgeMap>
        <edgeMap>
          <xCoord>159</xCoord>
          <yCoord>311</yCoord>
        </edgeMap>
        <edgeMap>
          <xCoord>160</xCoord>
          <yCoord>312</yCoord>
        </edgeMap>
        <edgeMap>
          <xCoord>161</xCoord>
          <yCoord>312</yCoord>
        </edgeMap>
        <edgeMap>
          <xCoord>162</xCoord>
          <yCoord>312</yCoord>
        </edgeMap>
        <edgeMap>
          <xCoord>163</xCoord>
          <yCoord>312</yCoord>
        </edgeMap>
        <edgeMap>
          <xCoord>164</xCoord>
          <yCoord>312</yCoord>
        </edgeMap>
        <edgeMap>
          <xCoord>165</xCoord>
          <yCoord>311</yCoord>
        </edgeMap>
        <edgeMap>
          <xCoord>166</xCoord>
          <yCoord>310</yCoord>
        </edgeMap>
        <edgeMap>
          <xCoord>167</xCoord>
          <yCoord>309</yCoord>
        </edgeMap>
        <edgeMap>
          <xCoord>167</xCoord>
          <yCoord>308</yCoord>
        </edgeMap>
        <edgeMap>
          <xCoord>167</xCoord>
          <yCoord>307</yCoord>
        </edgeMap>
        <edgeMap>
          <xCoord>167</xCoord>
          <yCoord>306</yCoord>
        </edgeMap>
        <edgeMap>
          <xCoord>167</xCoord>
          <yCoord>305</yCoord>
        </edgeMap>
        <edgeMap>
          <xCoord>166</xCoord>
          <yCoord>304</yCoord>
        </edgeMap>
        <edgeMap>
          <xCoord>165</xCoord>
          <yCoord>304</yCoord>
        </edgeMap>
        <edgeMap>
          <xCoord>164</xCoord>
          <yCoord>304</yCoord>
        </edgeMap>
        <edgeMap>
          <xCoord>163</xCoord>
          <yCoord>304</yCoord>
        </edgeMap>
      </roi>
    </unblindedReadNodule>
    <nonNodule>
      <nonNoduleID>_Non-nodule 001</nonNoduleID>
      <imageZposition>-173.000</imageZposition>
      <imageSOP_UID>1.3.6.1.4.1.14519.5.2.1.6279.6001.312811451830555962836535027556</imageSOP_UID>
      <locus>
        <xCoord>317</xCoord>
        <yCoord>368</yCoord>
      </locus>
    </nonNodule>
    <nonNodule>
      <nonNoduleID>_Non-nodule 002</nonNoduleID>
      <imageZposition>-125.500</imageZposition>
      <imageSOP_UID>1.3.6.1.4.1.14519.5.2.1.6279.6001.986476726974491478071958981367</imageSOP_UID>
      <locus>
        <xCoord>140</xCoord>
        <yCoord>193</yCoord>
      </locus>
    </nonNodule>
    <nonNodule>
      <nonNoduleID>_Non-nodule 003</nonNoduleID>
      <imageZposition>-180.500</imageZposition>
      <imageSOP_UID>1.3.6.1.4.1.14519.5.2.1.6279.6001.337110795639764503194640650642</imageSOP_UID>
      <locus>
        <xCoord>120</xCoord>
        <yCoord>194</yCoord>
      </locus>
    </nonNodule>
  </readingSession>
  <readingSession>
    <annotationVersion>3.12</annotationVersion>
    <servicingRadiologistID>anon</servicingRadiologistID>
    <unblindedReadNodule>
      <noduleID>172618</noduleID>
      <characteristics>
        <subtlety>4</subtlety>
        <internalStructure>1</internalStructure>
        <calcification>6</calcification>
        <sphericity>5</sphericity>
        <margin>3</margin>
        <lobulation>1</lobulation>
        <spiculation>1</spiculation>
        <texture>5</texture>
        <malignancy>3</malignancy>
      </characteristics>
      <roi>
        <imageZposition>-125.5</imageZposition>
        <imageSOP_UID>1.3.6.1.4.1.14519.5.2.1.6279.6001.986476726974491478071958981367</imageSOP_UID>
        <inclusion>TRUE</inclusion>
        <edgeMap>
          <xCoord>165</xCoord>
          <yCoord>313</yCoord>
        </edgeMap>
        <edgeMap>
          <xCoord>166</xCoord>
          <yCoord>312</yCoord>
        </edgeMap>
        <edgeMap>
          <xCoord>167</xCoord>
          <yCoord>311</yCoord>
        </edgeMap>
        <edgeMap>
          <xCoord>167</xCoord>
          <yCoord>310</yCoord>
        </edgeMap>
        <edgeMap>
          <xCoord>167</xCoord>
          <yCoord>309</yCoord>
        </edgeMap>
        <edgeMap>
          <xCoord>167</xCoord>
          <yCoord>308</yCoord>
        </edgeMap>
        <edgeMap>
          <xCoord>167</xCoord>
          <yCoord>307</yCoord>
        </edgeMap>
        <edgeMap>
          <xCoord>166</xCoord>
          <yCoord>306</yCoord>
        </edgeMap>
        <edgeMap>
          <xCoord>166</xCoord>
          <yCoord>305</yCoord>
        </edgeMap>
        <edgeMap>
          <xCoord>165</xCoord>
          <yCoord>304</yCoord>
        </edgeMap>
        <edgeMap>
          <xCoord>164</xCoord>
          <yCoord>304</yCoord>
        </edgeMap>
        <edgeMap>
          <xCoord>163</xCoord>
          <yCoord>305</yCoord>
        </edgeMap>
        <edgeMap>
          <xCoord>162</xCoord>
          <yCoord>305</yCoord>
        </edgeMap>
        <edgeMap>
          <xCoord>161</xCoord>
          <yCoord>306</yCoord>
        </edgeMap>
        <edgeMap>
          <xCoord>160</xCoord>
          <yCoord>307</yCoord>
        </edgeMap>
        <edgeMap>
          <xCoord>159</xCoord>
          <yCoord>308</yCoord>
        </edgeMap>
        <edgeMap>
          <xCoord>159</xCoord>
          <yCoord>309</yCoord>
        </edgeMap>
        <edgeMap>
          <xCoord>159</xCoord>
          <yCoord>310</yCoord>
        </edgeMap>
        <edgeMap>
          <xCoord>159</xCoord>
          <yCoord>311</yCoord>
        </edgeMap>
        <edgeMap>
          <xCoord>160</xCoord>
          <yCoord>312</yCoord>
        </edgeMap>
        <edgeMap>
          <xCoord>161</xCoord>
          <yCoord>313</yCoord>
        </edgeMap>
        <edgeMap>
          <xCoord>162</xCoord>
          <yCoord>313</yCoord>
        </edgeMap>
        <edgeMap>
          <xCoord>163</xCoord>
          <yCoord>313</yCoord>
        </edgeMap>
        <edgeMap>
          <xCoord>164</xCoord>
          <yCoord>313</yCoord>
        </edgeMap>
        <edgeMap>
          <xCoord>165</xCoord>
          <yCoord>313</yCoord>
        </edgeMap>
      </roi>
      <roi>
        <imageZposition>-128.0</imageZposition>
        <imageSOP_UID>1.3.6.1.4.1.14519.5.2.1.6279.6001.269344238559592937517534596587</imageSOP_UID>
        <inclusion>TRUE</inclusion>
        <edgeMap>
          <xCoord>167</xCoord>
          <yCoord>312</yCoord>
        </edgeMap>
        <edgeMap>
          <xCoord>168</xCoord>
          <yCoord>311</yCoord>
        </edgeMap>
        <edgeMap>
          <xCoord>168</xCoord>
          <yCoord>310</yCoord>
        </edgeMap>
        <edgeMap>
          <xCoord>169</xCoord>
          <yCoord>309</yCoord>
        </edgeMap>
        <edgeMap>
          <xCoord>169</xCoord>
          <yCoord>308</yCoord>
        </edgeMap>
        <edgeMap>
          <xCoord>169</xCoord>
          <yCoord>307</yCoord>
        </edgeMap>
        <edgeMap>
          <xCoord>168</xCoord>
          <yCoord>306</yCoord>
        </edgeMap>
        <edgeMap>
          <xCoord>167</xCoord>
          <yCoord>305</yCoord>
        </edgeMap>
        <edgeMap>
          <xCoord>166</xCoord>
          <yCoord>304</yCoord>
        </edgeMap>
        <edgeMap>
          <xCoord>167</xCoord>
          <yCoord>303</yCoord>
        </edgeMap>
        <edgeMap>
          <xCoord>166</xCoord>
          <yCoord>302</yCoord>
        </edgeMap>
        <edgeMap>
          <xCoord>165</xCoord>
          <yCoord>303</yCoord>
        </edgeMap>
        <edgeMap>
          <xCoord>164</xCoord>
          <yCoord>304</yCoord>
        </edgeMap>
        <edgeMap>
          <xCoord>163</xCoord>
          <yCoord>305</yCoord>
        </edgeMap>
        <edgeMap>
          <xCoord>162</xCoord>
          <yCoord>306</yCoord>
        </edgeMap>
        <edgeMap>
          <xCoord>161</xCoord>
          <yCoord>307</yCoord>
        </edgeMap>
        <edgeMap>
          <xCoord>160</xCoord>
          <yCoord>308</yCoord>
        </edgeMap>
        <edgeMap>
          <xCoord>160</xCoord>
          <yCoord>309</yCoord>
        </edgeMap>
        <edgeMap>
          <xCoord>160</xCoord>
          <yCoord>310</yCoord>
        </edgeMap>
        <edgeMap>
          <xCoord>160</xCoord>
          <yCoord>311</yCoord>
        </edgeMap>
        <edgeMap>
          <xCoord>161</xCoord>
          <yCoord>312</yCoord>
        </edgeMap>
        <edgeMap>
          <xCoord>162</xCoord>
          <yCoord>312</yCoord>
        </edgeMap>
        <edgeMap>
          <xCoord>163</xCoord>
          <yCoord>312</yCoord>
        </edgeMap>
        <edgeMap>
          <xCoord>164</xCoord>
          <yCoord>312</yCoord>
        </edgeMap>
        <edgeMap>
          <xCoord>165</xCoord>
          <yCoord>312</yCoord>
        </edgeMap>
        <edgeMap>
          <xCoord>166</xCoord>
          <yCoord>312</yCoord>
        </edgeMap>
        <edgeMap>
          <xCoord>167</xCoord>
          <yCoord>312</yCoord>
        </edgeMap>
      </roi>
      <roi>
        <imageZposition>-130.5</imageZposition>
        <imageSOP_UID>1.3.6.1.4.1.14519.5.2.1.6279.6001.207108560123570567219636066174</imageSOP_UID>
        <inclusion>TRUE</inclusion>
        <edgeMap>
          <xCoord>169</xCoord>
          <yCoord>311</yCoord>
        </edgeMap>
        <edgeMap>
          <xCoord>170</xCoord>
          <yCoord>310</yCoord>
        </edgeMap>
        <edgeMap>
          <xCoord>171</xCoord>
          <yCoord>309</yCoord>
        </edgeMap>
        <edgeMap>
          <xCoord>171</xCoord>
          <yCoord>308</yCoord>
        </edgeMap>
        <edgeMap>
          <xCoord>172</xCoord>
          <yCoord>307</yCoord>
        </edgeMap>
        <edgeMap>
          <xCoord>171</xCoord>
          <yCoord>307</yCoord>
        </edgeMap>
        <edgeMap>
          <xCoord>170</xCoord>
          <yCoord>307</yCoord>
        </edgeMap>
        <edgeMap>
          <xCoord>169</xCoord>
          <yCoord>307</yCoord>
        </edgeMap>
        <edgeMap>
          <xCoord>168</xCoord>
          <yCoord>306</yCoord>
        </edgeMap>
        <edgeMap>
          <xCoord>167</xCoord>
          <yCoord>306</yCoord>
        </edgeMap>
        <edgeMap>
          <xCoord>166</xCoord>
          <yCoord>306</yCoord>
        </edgeMap>
        <edgeMap>
          <xCoord>165</xCoord>
          <yCoord>306</yCoord>
        </edgeMap>
        <edgeMap>
          <xCoord>164</xCoord>
          <yCoord>306</yCoord>
        </edgeMap>
        <edgeMap>
          <xCoord>163</xCoord>
          <yCoord>306</yCoord>
        </edgeMap>
        <edgeMap>
          <xCoord>162</xCoord>
          <yCoord>307</yCoord>
        </edgeMap>
        <edgeMap>
          <xCoord>161</xCoord>
          <yCoord>307</yCoord>
        </edgeMap>
        <edgeMap>
          <xCoord>161</xCoord>
          <yCoord>308</yCoord>
        </edgeMap>
        <edgeMap>
          <xCoord>161</xCoord>
          <yCoord>309</yCoord>
        </edgeMap>
        <edgeMap>
          <xCoord>161</xCoord>
          <yCoord>310</yCoord>
        </edgeMap>
        <edgeMap>
          <xCoord>162</xCoord>
          <yCoord>311</yCoord>
        </edgeMap>
        <edgeMap>
          <xCoord>163</xCoord>
          <yCoord>311</yCoord>
        </edgeMap>
        <edgeMap>
          <xCoord>164</xCoord>
          <yCoord>311</yCoord>
        </edgeMap>
        <edgeMap>
          <xCoord>165</xCoord>
          <yCoord>311</yCoord>
        </edgeMap>
        <edgeMap>
          <xCoord>166</xCoord>
          <yCoord>311</yCoord>
        </edgeMap>
        <edgeMap>
          <xCoord>167</xCoord>
          <yCoord>311</yCoord>
        </edgeMap>
        <edgeMap>
          <xCoord>168</xCoord>
          <yCoord>311</yCoord>
        </edgeMap>
        <edgeMap>
          <xCoord>169</xCoord>
          <yCoord>311</yCoord>
        </edgeMap>
      </roi>
    </unblindedReadNodule>
    <nonNodule>
      <nonNoduleID>172623</nonNoduleID>
      <imageZposition>-180.5</imageZposition>
      <imageSOP_UID>1.3.6.1.4.1.14519.5.2.1.6279.6001.337110795639764503194640650642</imageSOP_UID>
      <locus>
        <xCoord>121</xCoord>
        <yCoord>195</yCoord>
      </locus>
    </nonNodule>
    <nonNodule>
      <nonNoduleID>172624</nonNoduleID>
      <imageZposition>-175.5</imageZposition>
      <imageSOP_UID>1.3.6.1.4.1.14519.5.2.1.6279.6001.198211244905316426482849130186</imageSOP_UID>
      <locus>
        <xCoord>320</xCoord>
        <yCoord>365</yCoord>
      </locus>
    </nonNodule>
    <nonNodule>
      <nonNoduleID>172625</nonNoduleID>
      <imageZposition>-125.5</imageZposition>
      <imageSOP_UID>1.3.6.1.4.1.14519.5.2.1.6279.6001.986476726974491478071958981367</imageSOP_UID>
      <locus>
        <xCoord>142</xCoord>
        <yCoord>194</yCoord>
      </locus>
    </nonNodule>
  </readingSession>
</LidcReadMessage>